time_s,room_id,room_name,hrr_kw,temp_upper_c,temp_lower_c,temp_at_0_9m_c,smoke_kg,visibility_m,smoke_layer_m,hot_layer_m,layer_150c_m,overpressure_pa,o2,co_ppm,co_upper_ppm,co2_ppm,fed,svv_worst_pct,flashover_triggered,flashover_time_s,fuel_remaining_MJ,ventilation_response_factor,pyrolysis_kw,burned_hrr_kw,unburned_generation_kw,retained_unburned_MJ,flame_hrr_target_kw,smolder_hrr_target_kw,pool_release_hrr_target_kw,o2_hrr_factor
0.1,0,Salon,0.00,20.00,20.00,20.00,0.0000,30.00,2.400,2.400,2.400,0.000,0.20900,0,0,0,0.0000,100.0,0,-1.0,6000.00,0.0000,0.00,0.00,0.00,0.0000,0.00,0.00,0.00,1.0000
0.1,1,Pasillo,0.00,20.00,20.00,20.00,0.0000,30.00,2.400,2.400,2.400,0.000,0.20900,0,0,0,0.0000,100.0,0,-1.0,800.00,0.0000,0.00,0.00,0.00,0.0000,0.00,0.00,0.00,1.0000
0.1,2,Dormitorio1,0.00,20.00,20.00,20.00,0.0000,30.00,2.400,2.400,2.400,0.000,0.20900,0,0,0,0.0000,100.0,0,-1.0,3500.00,0.0000,0.00,0.00,0.00,0.0000,0.00,0.00,0.00,1.0000
0.1,3,Dormitorio2,0.00,20.00,20.00,20.00,0.0000,30.00,2.400,2.400,2.400,0.000,0.20900,0,0,0,0.0000,100.0,0,-1.0,2500.00,0.0000,0.00,0.00,0.00,0.0000,0.00,0.00,0.00,1.0000
0.1,4,Cocina,0.00,20.00,20.00,20.00,0.0000,30.00,2.400,2.400,2.400,0.000,0.20900,0,0,0,0.0000,100.0,0,-1.0,3500.00,0.0000,0.00,0.00,0.00,0.0000,0.00,0.00,0.00,1.0000
0.1,5,Bano,0.00,20.00,20.00,20.00,0.0000,30.00,2.400,2.400,2.400,0.000,0.20900,0,0,0,0.0000,100.0,0,-1.0,400.00,0.0000,0.00,0.00,0.00,0.0000,0.00,0.00,0.00,1.0000
1.0,0,Salon,0.00,20.00,20.00,20.00,0.0000,30.00,2.400,2.400,2.400,0.000,0.20900,0,0,0,0.0000,100.0,0,-1.0,6000.00,0.0000,0.05,0.00,0.00,0.0000,0.05,0.00,0.00,1.0000
1.0,1,Pasillo,0.00,20.00,20.00,20.00,0.0000,30.00,2.400,2.400,2.400,0.000,0.20900,0,0,0,0.0000,100.0,0,-1.0,800.00,0.0000,0.00,0.00,0.00,0.0000,0.00,0.00,0.00,1.0000
1.0,2,Dormitorio1,0.00,20.00,20.00,20.00,0.0000,30.00,2.400,2.400,2.400,0.000,0.20900,0,0,0,0.0000,100.0,0,-1.0,3500.00,0.0000,0.00,0.00,0.00,0.0000,0.00,0.00,0.00,1.0000
1.0,3,Dormitorio2,0.00,20.00,20.00,20.00,0.0000,30.00,2.400,2.400,2.400,0.000,0.20900,0,0,0,0.0000,100.0,0,-1.0,2500.00,0.0000,0.00,0.00,0.00,0.0000,0.00,0.00,0.00,1.0000
1.0,4,Cocina,0.00,20.00,20.00,20.00,0.0000,30.00,2.400,2.400,2.400,0.000,0.20900,0,0,0,0.0000,100.0,0,-1.0,3500.00,0.0000,0.00,0.00,0.00,0.0000,0.00,0.00,0.00,1.0000
1.0,5,Bano,0.00,20.00,20.00,20.00,0.0000,30.00,2.400,2.400,2.400,0.000,0.20900,0,0,0,0.0000,100.0,0,-1.0,400.00,0.0000,0.00,0.00,0.00,0.0000,0.00,0.00,0.00,1.0000
2.1,0,Salon,0.01,20.00,20.00,20.00,0.0000,30.00,2.400,2.399,2.400,0.000,0.20900,0,0,0,0.0000,100.0,0,-1.0,6000.00,0.0000,0.20,0.01,0.00,0.0000,0.20,0.00,0.00,1.0000
2.1,1,Pasillo,0.00,20.00,20.00,20.00,0.0000,30.00,2.400,2.400,2.400,0.000,0.20900,0,0,0,0.0000,100.0,0,-1.0,800.00,0.0000,0.00,0.00,0.00,0.0000,0.00,0.00,0.00,1.0000
2.1,2,Dormitorio1,0.00,20.00,20.00,20.00,0.0000,30.00,2.400,2.400,2.400,0.000,0.20900,0,0,0,0.0000,100.0,0,-1.0,3500.00,0.0000,0.00,0.00,0.00,0.0000,0.00,0.00,0.00,1.0000
2.1,3,Dormitorio2,0.00,20.00,20.00,20.00,0.0000,30.00,2.400,2.400,2.400,0.000,0.20900,0,0,0,0.0000,100.0,0,-1.0,2500.00,0.0000,0.00,0.00,0.00,0.0000,0.00,0.00,0.00,1.0000
2.1,4,Cocina,0.00,20.00,20.00,20.00,0.0000,30.00,2.400,2.400,2.400,0.000,0.20900,0,0,0,0.0000,100.0,0,-1.0,3500.00,0.0000,0.00,0.00,0.00,0.0000,0.00,0.00,0.00,1.0000
2.1,5,Bano,0.00,20.00,20.00,20.00,0.0000,30.00,2.400,2.400,2.400,0.000,0.20900,0,0,0,0.0000,100.0,0,-1.0,400.00,0.0000,0.00,0.00,0.00,0.0000,0.00,0.00,0.00,1.0000
3.0,0,Salon,0.04,20.00,20.00,20.00,0.0000,30.00,2.400,2.399,2.400,0.000,0.20900,0,0,0,0.0000,100.0,0,-1.0,6000.00,0.0000,0.42,0.04,0.00,0.0000,0.42,0.00,0.00,1.0000
3.0,1,Pasillo,0.00,20.00,20.00,20.00,0.0000,30.00,2.400,2.400,2.400,0.000,0.20900,0,0,0,0.0000,100.0,0,-1.0,800.00,0.0000,0.00,0.00,0.00,0.0000,0.00,0.00,0.00,1.0000
3.0,2,Dormitorio1,0.00,20.00,20.00,20.00,0.0000,30.00,2.400,2.400,2.400,0.000,0.20900,0,0,0,0.0000,100.0,0,-1.0,3500.00,0.0000,0.00,0.00,0.00,0.0000,0.00,0.00,0.00,1.0000
3.0,3,Dormitorio2,0.00,20.00,20.00,20.00,0.0000,30.00,2.400,2.400,2.400,0.000,0.20900,0,0,0,0.0000,100.0,0,-1.0,2500.00,0.0000,0.00,0.00,0.00,0.0000,0.00,0.00,0.00,1.0000
3.0,4,Cocina,0.00,20.00,20.00,20.00,0.0000,30.00,2.400,2.400,2.400,0.000,0.20900,0,0,0,0.0000,100.0,0,-1.0,3500.00,0.0000,0.00,0.00,0.00,0.0000,0.00,0.00,0.00,1.0000
3.0,5,Bano,0.00,20.00,20.00,20.00,0.0000,30.00,2.400,2.400,2.400,0.000,0.20900,0,0,0,0.0000,100.0,0,-1.0,400.00,0.0000,0.00,0.00,0.00,0.0000,0.00,0.00,0.00,1.0000
4.0,0,Salon,0.09,20.00,20.00,20.00,0.0000,30.00,2.400,2.397,2.400,0.000,0.20900,0,0,1,0.0000,100.0,0,-1.0,6000.00,0.0000,0.75,0.09,0.00,0.0000,0.75,0.00,0.00,1.0000
4.0,1,Pasillo,0.00,20.00,20.00,20.00,0.0000,30.00,2.400,2.400,2.400,0.000,0.20900,0,0,0,0.0000,100.0,0,-1.0,800.00,0.0000,0.00,0.00,0.00,0.0000,0.00,0.00,0.00,1.0000
4.0,2,Dormitorio1,0.00,20.00,20.00,20.00,0.0000,30.00,2.400,2.400,2.400,0.000,0.20900,0,0,0,0.0000,100.0,0,-1.0,3500.00,0.0000,0.00,0.00,0.00,0.0000,0.00,0.00,0.00,1.0000
4.0,3,Dormitorio2,0.00,20.00,20.00,20.00,0.0000,30.00,2.400,2.400,2.400,0.000,0.20900,0,0,0,0.0000,100.0,0,-1.0,2500.00,0.0000,0.00,0.00,0.00,0.0000,0.00,0.00,0.00,1.0000
4.0,4,Cocina,0.00,20.00,20.00,20.00,0.0000,30.00,2.400,2.400,2.400,0.000,0.20900,0,0,0,0.0000,100.0,0,-1.0,3500.00,0.0000,0.00,0.00,0.00,0.0000,0.00,0.00,0.00,1.0000
4.0,5,Bano,0.00,20.00,20.00,20.00,0.0000,30.00,2.400,2.400,2.400,0.000,0.20900,0,0,0,0.0000,100.0,0,-1.0,400.00,0.0000,0.00,0.00,0.00,0.0000,0.00,0.00,0.00,1.0000
5.1,0,Salon,0.17,20.18,20.00,20.00,0.0000,30.00,2.400,2.396,2.400,0.000,0.20900,0,0,1,0.0000,100.0,0,-1.0,6000.00,0.0000,1.21,0.17,0.00,0.0000,1.21,0.00,0.00,1.0000
5.1,1,Pasillo,0.00,20.00,20.00,20.00,0.0000,30.00,2.400,2.400,2.400,0.000,0.20900,0,0,0,0.0000,100.0,0,-1.0,800.00,0.0000,0.00,0.00,0.00,0.0000,0.00,0.00,0.00,1.0000
5.1,2,Dormitorio1,0.00,20.00,20.00,20.00,0.0000,30.00,2.400,2.400,2.400,0.000,0.20900,0,0,0,0.0000,100.0,0,-1.0,3500.00,0.0000,0.00,0.00,0.00,0.0000,0.00,0.00,0.00,1.0000
5.1,3,Dormitorio2,0.00,20.00,20.00,20.00,0.0000,30.00,2.400,2.400,2.400,0.000,0.20900,0,0,0,0.0000,100.0,0,-1.0,2500.00,0.0000,0.00,0.00,0.00,0.0000,0.00,0.00,0.00,1.0000
5.1,4,Cocina,0.00,20.00,20.00,20.00,0.0000,30.00,2.400,2.400,2.400,0.000,0.20900,0,0,0,0.0000,100.0,0,-1.0,3500.00,0.0000,0.00,0.00,0.00,0.0000,0.00,0.00,0.00,1.0000
5.1,5,Bano,0.00,20.00,20.00,20.00,0.0000,30.00,2.400,2.400,2.400,0.000,0.20900,0,0,0,0.0000,100.0,0,-1.0,400.00,0.0000,0.00,0.00,0.00,0.0000,0.00,0.00,0.00,1.0000
6.1,0,Salon,0.29,20.27,20.00,20.00,0.0000,30.00,2.400,2.393,2.400,0.000,0.20900,0,0,2,0.0000,100.0,0,-1.0,6000.00,0.0000,1.74,0.29,0.00,0.0000,1.74,0.00,0.00,1.0000
6.1,1,Pasillo,0.00,20.00,20.00,20.00,0.0000,30.00,2.400,2.400,2.400,0.000,0.20900,0,0,0,0.0000,100.0,0,-1.0,800.00,0.0000,0.00,0.00,0.00,0.0000,0.00,0.00,0.00,1.0000
6.1,2,Dormitorio1,0.00,20.00,20.00,20.00,0.0000,30.00,2.400,2.400,2.400,0.000,0.20900,0,0,0,0.0000,100.0,0,-1.0,3500.00,0.0000,0.00,0.00,0.00,0.0000,0.00,0.00,0.00,1.0000
6.1,3,Dormitorio2,0.00,20.00,20.00,20.00,0.0000,30.00,2.400,2.400,2.400,0.000,0.20900,0,0,0,0.0000,100.0,0,-1.0,2500.00,0.0000,0.00,0.00,0.00,0.0000,0.00,0.00,0.00,1.0000
6.1,4,Cocina,0.00,20.00,20.00,20.00,0.0000,30.00,2.400,2.400,2.400,0.000,0.20900,0,0,0,0.0000,100.0,0,-1.0,3500.00,0.0000,0.00,0.00,0.00,0.0000,0.00,0.00,0.00,1.0000
6.1,5,Bano,0.00,20.00,20.00,20.00,0.0000,30.00,2.400,2.400,2.400,0.000,0.20900,0,0,0,0.0000,100.0,0,-1.0,400.00,0.0000,0.00,0.00,0.00,0.0000,0.00,0.00,0.00,1.0000
7.1,0,Salon,0.45,20.35,20.00,20.00,0.0000,30.00,2.400,2.387,2.400,0.000,0.20900,0,1,3,0.0000,100.0,0,-1.0,5999.99,0.0000,2.36,0.45,0.00,0.0000,2.36,0.00,0.00,1.0000
7.1,1,Pasillo,0.00,20.00,20.00,20.00,0.0000,30.00,2.400,2.400,2.400,0.000,0.20900,0,0,0,0.0000,100.0,0,-1.0,800.00,0.0000,0.00,0.00,0.00,0.0000,0.00,0.00,0.00,1.0000
7.1,2,Dormitorio1,0.00,20.00,20.00,20.00,0.0000,30.00,2.400,2.400,2.400,0.000,0.20900,0,0,0,0.0000,100.0,0,-1.0,3500.00,0.0000,0.00,0.00,0.00,0.0000,0.00,0.00,0.00,1.0000
7.1,3,Dormitorio2,0.00,20.00,20.00,20.00,0.0000,30.00,2.400,2.400,2.400,0.000,0.20900,0,0,0,0.0000,100.0,0,-1.0,2500.00,0.0000,0.00,0.00,0.00,0.0000,0.00,0.00,0.00,1.0000
7.1,4,Cocina,0.00,20.00,20.00,20.00,0.0000,30.00,2.400,2.400,2.400,0.000,0.20900,0,0,0,0.0000,100.0,0,-1.0,3500.00,0.0000,0.00,0.00,0.00,0.0000,0.00,0.00,0.00,1.0000
7.1,5,Bano,0.00,20.00,20.00,20.00,0.0000,30.00,2.400,2.400,2.400,0.000,0.20900,0,0,0,0.0000,100.0,0,-1.0,400.00,0.0000,0.00,0.00,0.00,0.0000,0.00,0.00,0.00,1.0000
8.1,0,Salon,0.65,20.42,20.00,20.00,0.0001,30.00,2.400,2.378,2.400,0.000,0.20900,0,1,5,0.0000,100.0,0,-1.0,5999.99,0.0000,3.07,0.65,0.00,0.0000,3.07,0.00,0.00,1.0000
8.1,1,Pasillo,0.00,20.00,20.00,20.00,0.0000,30.00,2.400,2.400,2.400,0.000,0.20900,0,0,0,0.0000,100.0,0,-1.0,800.00,0.0000,0.00,0.00,0.00,0.0000,0.00,0.00,0.00,1.0000
8.1,2,Dormitorio1,0.00,20.00,20.00,20.00,0.0000,30.00,2.400,2.400,2.400,0.000,0.20900,0,0,0,0.0000,100.0,0,-1.0,3500.00,0.0000,0.00,0.00,0.00,0.0000,0.00,0.00,0.00,1.0000
8.1,3,Dormitorio2,0.00,20.00,20.00,20.00,0.0000,30.00,2.400,2.400,2.400,0.000,0.20900,0,0,0,0.0000,100.0,0,-1.0,2500.00,0.0000,0.00,0.00,0.00,0.0000,0.00,0.00,0.00,1.0000
8.1,4,Cocina,0.00,20.00,20.00,20.00,0.0000,30.00,2.400,2.400,2.400,0.000,0.20900,0,0,0,0.0000,100.0,0,-1.0,3500.00,0.0000,0.00,0.00,0.00,0.0000,0.00,0.00,0.00,1.0000
8.1,5,Bano,0.00,20.00,20.00,20.00,0.0000,30.00,2.400,2.400,2.400,0.000,0.20900,0,0,0,0.0000,100.0,0,-1.0,400.00,0.0000,0.00,0.00,0.00,0.0000,0.00,0.00,0.00,1.0000
9.1,0,Salon,0.90,20.50,20.00,20.00,0.0001,30.00,2.400,2.369,2.400,0.000,0.20900,0,1,7,0.0000,100.0,0,-1.0,5999.99,0.0000,3.88,0.90,0.00,0.0000,3.88,0.00,0.00,1.0000
9.1,1,Pasillo,0.00,20.00,20.00,20.00,0.0000,30.00,2.400,2.400,2.400,0.000,0.20900,0,0,0,0.0000,100.0,0,-1.0,800.00,0.0000,0.00,0.00,0.00,0.0000,0.00,0.00,0.00,1.0000
9.1,2,Dormitorio1,0.00,20.00,20.00,20.00,0.0000,30.00,2.400,2.400,2.400,0.000,0.20900,0,0,0,0.0000,100.0,0,-1.0,3500.00,0.0000,0.00,0.00,0.00,0.0000,0.00,0.00,0.00,1.0000
9.1,3,Dormitorio2,0.00,20.00,20.00,20.00,0.0000,30.00,2.400,2.400,2.400,0.000,0.20900,0,0,0,0.0000,100.0,0,-1.0,2500.00,0.0000,0.00,0.00,0.00,0.0000,0.00,0.00,0.00,1.0000
9.1,4,Cocina,0.00,20.00,20.00,20.00,0.0000,30.00,2.400,2.400,2.400,0.000,0.20900,0,0,0,0.0000,100.0,0,-1.0,3500.00,0.0000,0.00,0.00,0.00,0.0000,0.00,0.00,0.00,1.0000
9.1,5,Bano,0.00,20.00,20.00,20.00,0.0000,30.00,2.400,2.400,2.400,0.000,0.20900,0,0,0,0.0000,100.0,0,-1.0,400.00,0.0000,0.00,0.00,0.00,0.0000,0.00,0.00,0.00,1.0000
10.0,0,Salon,1.18,20.58,20.00,20.00,0.0002,30.00,2.400,2.360,2.400,0.000,0.20900,0,1,9,0.0000,100.0,0,-1.0,5999.98,0.0000,4.70,1.18,0.00,0.0000,4.70,0.00,0.00,1.0000
10.0,1,Pasillo,0.00,20.00,20.00,20.00,0.0000,30.00,2.400,2.400,2.400,0.000,0.20900,0,0,0,0.0000,100.0,0,-1.0,800.00,0.0000,0.00,0.00,0.00,0.0000,0.00,0.00,0.00,1.0000
10.0,2,Dormitorio1,0.00,20.00,20.00,20.00,0.0000,30.00,2.400,2.400,2.400,0.000,0.20900,0,0,0,0.0000,100.0,0,-1.0,3500.00,0.0000,0.00,0.00,0.00,0.0000,0.00,0.00,0.00,1.0000
10.0,3,Dormitorio2,0.00,20.00,20.00,20.00,0.0000,30.00,2.400,2.400,2.400,0.000,0.20900,0,0,0,0.0000,100.0,0,-1.0,2500.00,0.0000,0.00,0.00,0.00,0.0000,0.00,0.00,0.00,1.0000
10.0,4,Cocina,0.00,20.00,20.00,20.00,0.0000,30.00,2.400,2.400,2.400,0.000,0.20900,0,0,0,0.0000,100.0,0,-1.0,3500.00,0.0000,0.00,0.00,0.00,0.0000,0.00,0.00,0.00,1.0000
10.0,5,Bano,0.00,20.00,20.00,20.00,0.0000,30.00,2.400,2.400,2.400,0.000,0.20900,0,0,0,0.0000,100.0,0,-1.0,400.00,0.0000,0.00,0.00,0.00,0.0000,0.00,0.00,0.00,1.0000
11.0,0,Salon,1.54,20.67,20.00,20.00,0.0002,30.00,2.400,2.348,2.400,0.000,0.20899,0,1,12,0.0001,100.0,0,-1.0,5999.98,0.0000,5.69,1.54,0.00,0.0000,5.69,0.00,0.00,1.0000
11.0,1,Pasillo,0.00,20.00,20.00,20.00,0.0000,30.00,2.400,2.400,2.400,0.000,0.20900,0,0,0,0.0001,100.0,0,-1.0,800.00,0.0000,0.00,0.00,0.00,0.0000,0.00,0.00,0.00,1.0000
11.0,2,Dormitorio1,0.00,20.00,20.00,20.00,0.0000,30.00,2.400,2.400,2.400,0.000,0.20900,0,0,0,0.0000,100.0,0,-1.0,3500.00,0.0000,0.00,0.00,0.00,0.0000,0.00,0.00,0.00,1.0000
11.0,3,Dormitorio2,0.00,20.00,20.00,20.00,0.0000,30.00,2.400,2.400,2.400,0.000,0.20900,0,0,0,0.0000,100.0,0,-1.0,2500.00,0.0000,0.00,0.00,0.00,0.0000,0.00,0.00,0.00,1.0000
11.0,4,Cocina,0.00,20.00,20.00,20.00,0.0000,30.00,2.400,2.400,2.400,0.000,0.20900,0,0,0,0.0000,100.0,0,-1.0,3500.00,0.0000,0.00,0.00,0.00,0.0000,0.00,0.00,0.00,1.0000
11.0,5,Bano,0.00,20.00,20.00,20.00,0.0000,30.00,2.400,2.400,2.400,0.000,0.20900,0,0,0,0.0000,100.0,0,-1.0,400.00,0.0000,0.00,0.00,0.00,0.0000,0.00,0.00,0.00,1.0000
12.0,0,Salon,1.96,20.76,20.00,20.00,0.0003,30.00,2.400,2.336,2.400,0.001,0.20899,0,1,16,0.0001,100.0,0,-1.0,5999.97,0.0000,6.77,1.96,0.00,0.0000,6.77,0.00,0.00,1.0000
12.0,1,Pasillo,0.00,20.00,20.00,20.00,0.0000,30.00,2.400,2.400,2.400,0.000,0.20900,0,0,0,0.0001,100.0,0,-1.0,800.00,0.0000,0.00,0.00,0.00,0.0000,0.00,0.00,0.00,1.0000
12.0,2,Dormitorio1,0.00,20.00,20.00,20.00,0.0000,30.00,2.400,2.400,2.400,0.000,0.20900,0,0,0,0.0001,100.0,0,-1.0,3500.00,0.0000,0.00,0.00,0.00,0.0000,0.00,0.00,0.00,1.0000
12.0,3,Dormitorio2,0.00,20.00,20.00,20.00,0.0000,30.00,2.400,2.400,2.400,0.000,0.20900,0,0,0,0.0001,100.0,0,-1.0,2500.00,0.0000,0.00,0.00,0.00,0.0000,0.00,0.00,0.00,1.0000
12.0,4,Cocina,0.00,20.00,20.00,20.00,0.0000,30.00,2.400,2.400,2.400,0.000,0.20900,0,0,0,0.0001,100.0,0,-1.0,3500.00,0.0000,0.00,0.00,0.00,0.0000,0.00,0.00,0.00,1.0000
12.0,5,Bano,0.00,20.00,20.00,20.00,0.0000,30.00,2.400,2.400,2.400,0.000,0.20900,0,0,0,0.0001,100.0,0,-1.0,400.00,0.0000,0.00,0.00,0.00,0.0000,0.00,0.00,0.00,1.0000
13.0,0,Salon,2.44,20.87,20.00,20.00,0.0004,30.00,2.400,2.323,2.400,0.001,0.20899,0,1,20,0.0001,100.0,0,-1.0,5999.97,0.0000,7.95,2.44,0.00,0.0000,7.95,0.00,0.00,1.0000
13.0,1,Pasillo,0.00,20.00,20.00,20.00,0.0000,30.00,2.400,2.400,2.400,0.000,0.20900,0,0,0,0.0001,100.0,0,-1.0,800.00,0.0000,0.00,0.00,0.00,0.0000,0.00,0.00,0.00,1.0000
13.0,2,Dormitorio1,0.00,20.00,20.00,20.00,0.0000,30.00,2.400,2.400,2.400,0.000,0.20900,0,0,0,0.0001,100.0,0,-1.0,3500.00,0.0000,0.00,0.00,0.00,0.0000,0.00,0.00,0.00,1.0000
13.0,3,Dormitorio2,0.00,20.00,20.00,20.00,0.0000,30.00,2.400,2.400,2.400,0.000,0.20900,0,0,0,0.0001,100.0,0,-1.0,2500.00,0.0000,0.00,0.00,0.00,0.0000,0.00,0.00,0.00,1.0000
13.0,4,Cocina,0.00,20.00,20.00,20.00,0.0000,30.00,2.400,2.400,2.400,0.000,0.20900,0,0,0,0.0001,100.0,0,-1.0,3500.00,0.0000,0.00,0.00,0.00,0.0000,0.00,0.00,0.00,1.0000
13.0,5,Bano,0.00,20.00,20.00,20.00,0.0000,30.00,2.400,2.400,2.400,0.000,0.20900,0,0,0,0.0001,100.0,0,-1.0,400.00,0.0000,0.00,0.00,0.00,0.0000,0.00,0.00,0.00,1.0000
14.0,0,Salon,2.99,20.98,20.00,20.00,0.0005,30.00,2.400,2.309,2.400,0.001,0.20899,0,2,25,0.0001,100.0,0,-1.0,5999.96,0.0000,9.21,2.99,0.00,0.0000,9.21,0.00,0.00,1.0000
14.0,1,Pasillo,0.00,20.00,20.00,20.00,0.0000,30.00,2.400,2.400,2.400,0.000,0.20900,0,0,0,0.0001,100.0,0,-1.0,800.00,0.0000,0.00,0.00,0.00,0.0000,0.00,0.00,0.00,1.0000
14.0,2,Dormitorio1,0.00,20.00,20.00,20.00,0.0000,30.00,2.400,2.400,2.400,0.000,0.20900,0,0,0,0.0001,100.0,0,-1.0,3500.00,0.0000,0.00,0.00,0.00,0.0000,0.00,0.00,0.00,1.0000
14.0,3,Dormitorio2,0.00,20.00,20.00,20.00,0.0000,30.00,2.400,2.400,2.400,0.000,0.20900,0,0,0,0.0001,100.0,0,-1.0,2500.00,0.0000,0.00,0.00,0.00,0.0000,0.00,0.00,0.00,1.0000
14.0,4,Cocina,0.00,20.00,20.00,20.00,0.0000,30.00,2.400,2.400,2.400,0.000,0.20900,0,0,0,0.0001,100.0,0,-1.0,3500.00,0.0000,0.00,0.00,0.00,0.0000,0.00,0.00,0.00,1.0000
14.0,5,Bano,0.00,20.00,20.00,20.00,0.0000,30.00,2.400,2.400,2.400,0.000,0.20900,0,0,0,0.0001,100.0,0,-1.0,400.00,0.0000,0.00,0.00,0.00,0.0000,0.00,0.00,0.00,1.0000
15.0,0,Salon,3.61,21.09,20.01,20.01,0.0006,27.81,2.400,2.294,2.400,0.002,0.20898,0,2,30,0.0001,100.0,0,-1.0,5999.95,0.0000,10.58,3.61,0.00,0.0000,10.58,0.00,0.00,1.0000
15.0,1,Pasillo,0.00,20.00,20.00,20.00,0.0000,30.00,2.400,2.400,2.400,0.000,0.20900,0,0,0,0.0001,100.0,0,-1.0,800.00,0.0000,0.00,0.00,0.00,0.0000,0.00,0.00,0.00,1.0000
15.0,2,Dormitorio1,0.00,20.00,20.00,20.00,0.0000,30.00,2.400,2.400,2.400,0.000,0.20900,0,0,0,0.0001,100.0,0,-1.0,3500.00,0.0000,0.00,0.00,0.00,0.0000,0.00,0.00,0.00,1.0000
15.0,3,Dormitorio2,0.00,20.00,20.00,20.00,0.0000,30.00,2.400,2.400,2.400,0.000,0.20900,0,0,0,0.0001,100.0,0,-1.0,2500.00,0.0000,0.00,0.00,0.00,0.0000,0.00,0.00,0.00,1.0000
15.0,4,Cocina,0.00,20.00,20.00,20.00,0.0000,30.00,2.400,2.400,2.400,0.000,0.20900,0,0,0,0.0001,100.0,0,-1.0,3500.00,0.0000,0.00,0.00,0.00,0.0000,0.00,0.00,0.00,1.0000
15.0,5,Bano,0.00,20.00,20.00,20.00,0.0000,30.00,2.400,2.400,2.400,0.000,0.20900,0,0,0,0.0001,100.0,0,-1.0,400.00,0.0000,0.00,0.00,0.00,0.0000,0.00,0.00,0.00,1.0000
16.0,0,Salon,4.29,21.21,20.01,20.01,0.0007,22.81,2.400,2.278,2.400,0.002,0.20898,0,2,37,0.0001,100.0,0,-1.0,5999.94,0.0000,12.04,4.29,0.00,0.0000,12.04,0.00,0.00,1.0000
16.0,1,Pasillo,0.00,20.00,20.00,20.00,0.0000,30.00,2.400,2.400,2.400,0.000,0.20900,0,0,0,0.0001,100.0,0,-1.0,800.00,0.0000,0.00,0.00,0.00,0.0000,0.00,0.00,0.00,1.0000
16.0,2,Dormitorio1,0.00,20.00,20.00,20.00,0.0000,30.00,2.400,2.400,2.400,0.000,0.20900,0,0,0,0.0001,100.0,0,-1.0,3500.00,0.0000,0.00,0.00,0.00,0.0000,0.00,0.00,0.00,1.0000
16.0,3,Dormitorio2,0.00,20.00,20.00,20.00,0.0000,30.00,2.400,2.400,2.400,0.000,0.20900,0,0,0,0.0001,100.0,0,-1.0,2500.00,0.0000,0.00,0.00,0.00,0.0000,0.00,0.00,0.00,1.0000
16.0,4,Cocina,0.00,20.00,20.00,20.00,0.0000,30.00,2.400,2.400,2.400,0.000,0.20900,0,0,0,0.0001,100.0,0,-1.0,3500.00,0.0000,0.00,0.00,0.00,0.0000,0.00,0.00,0.00,1.0000
16.0,5,Bano,0.00,20.00,20.00,20.00,0.0000,30.00,2.400,2.400,2.400,0.000,0.20900,0,0,0,0.0001,100.0,0,-1.0,400.00,0.0000,0.00,0.00,0.00,0.0000,0.00,0.00,0.00,1.0000
17.0,0,Salon,5.05,21.34,20.01,20.01,0.0009,18.96,2.400,2.261,2.400,0.003,0.20897,0,2,44,0.0001,100.0,0,-1.0,5999.92,0.0000,13.59,5.05,0.00,0.0000,13.59,0.00,0.00,1.0000
17.0,1,Pasillo,0.00,20.00,20.00,20.00,0.0000,30.00,2.400,2.400,2.400,0.000,0.20900,0,0,0,0.0001,100.0,0,-1.0,800.00,0.0000,0.00,0.00,0.00,0.0000,0.00,0.00,0.00,1.0000
17.0,2,Dormitorio1,0.00,20.00,20.00,20.00,0.0000,30.00,2.400,2.400,2.400,0.000,0.20900,0,0,0,0.0001,100.0,0,-1.0,3500.00,0.0000,0.00,0.00,0.00,0.0000,0.00,0.00,0.00,1.0000
17.0,3,Dormitorio2,0.00,20.00,20.00,20.00,0.0000,30.00,2.400,2.400,2.400,0.000,0.20900,0,0,0,0.0001,100.0,0,-1.0,2500.00,0.0000,0.00,0.00,0.00,0.0000,0.00,0.00,0.00,1.0000
17.0,4,Cocina,0.00,20.00,20.00,20.00,0.0000,30.00,2.400,2.400,2.400,0.000,0.20900,0,0,0,0.0001,100.0,0,-1.0,3500.00,0.0000,0.00,0.00,0.00,0.0000,0.00,0.00,0.00,1.0000
17.0,5,Bano,0.00,20.00,20.00,20.00,0.0000,30.00,2.400,2.400,2.400,0.000,0.20900,0,0,0,0.0001,100.0,0,-1.0,400.00,0.0000,0.00,0.00,0.00,0.0000,0.00,0.00,0.00,1.0000
18.0,0,Salon,5.89,21.47,20.02,20.02,0.0010,15.93,2.400,2.244,2.400,0.004,0.20896,0,3,52,0.0001,100.0,0,-1.0,5999.91,0.0000,15.23,5.89,0.00,0.0000,15.23,0.00,0.00,1.0000
18.0,1,Pasillo,0.00,20.00,20.00,20.00,0.0000,30.00,2.400,2.400,2.400,0.000,0.20900,0,0,0,0.0001,100.0,0,-1.0,800.00,0.0000,0.00,0.00,0.00,0.0000,0.00,0.00,0.00,1.0000
18.0,2,Dormitorio1,0.00,20.00,20.00,20.00,0.0000,30.00,2.400,2.400,2.400,0.000,0.20900,0,0,0,0.0001,100.0,0,-1.0,3500.00,0.0000,0.00,0.00,0.00,0.0000,0.00,0.00,0.00,1.0000
18.0,3,Dormitorio2,0.00,20.00,20.00,20.00,0.0000,30.00,2.400,2.400,2.400,0.000,0.20900,0,0,0,0.0001,100.0,0,-1.0,2500.00,0.0000,0.00,0.00,0.00,0.0000,0.00,0.00,0.00,1.0000
18.0,4,Cocina,0.00,20.00,20.00,20.00,0.0000,30.00,2.400,2.400,2.400,0.000,0.20900,0,0,0,0.0001,100.0,0,-1.0,3500.00,0.0000,0.00,0.00,0.00,0.0000,0.00,0.00,0.00,1.0000
18.0,5,Bano,0.00,20.00,20.00,20.00,0.0000,30.00,2.400,2.400,2.400,0.000,0.20900,0,0,0,0.0001,100.0,0,-1.0,400.00,0.0000,0.00,0.00,0.00,0.0000,0.00,0.00,0.00,1.0000
19.0,0,Salon,6.80,21.61,20.02,20.02,0.0012,13.52,2.400,2.225,2.400,0.005,0.20895,0,3,62,0.0001,100.0,0,-1.0,5999.89,0.0000,16.98,6.80,0.00,0.0000,16.98,0.00,0.00,1.0000
19.0,1,Pasillo,0.00,20.00,20.00,20.00,0.0000,30.00,2.400,2.400,2.400,0.000,0.20900,0,0,0,0.0001,100.0,0,-1.0,800.00,0.0000,0.00,0.00,0.00,0.0000,0.00,0.00,0.00,1.0000
19.0,2,Dormitorio1,0.00,20.00,20.00,20.00,0.0000,30.00,2.400,2.400,2.400,0.000,0.20900,0,0,0,0.0001,100.0,0,-1.0,3500.00,0.0000,0.00,0.00,0.00,0.0000,0.00,0.00,0.00,1.0000
19.0,3,Dormitorio2,0.00,20.00,20.00,20.00,0.0000,30.00,2.400,2.400,2.400,0.000,0.20900,0,0,0,0.0001,100.0,0,-1.0,2500.00,0.0000,0.00,0.00,0.00,0.0000,0.00,0.00,0.00,1.0000
19.0,4,Cocina,0.00,20.00,20.00,20.00,0.0000,30.00,2.400,2.400,2.400,0.000,0.20900,0,0,0,0.0001,100.0,0,-1.0,3500.00,0.0000,0.00,0.00,0.00,0.0000,0.00,0.00,0.00,1.0000
19.0,5,Bano,0.00,20.00,20.00,20.00,0.0000,30.00,2.400,2.400,2.400,0.000,0.20900,0,0,0,0.0001,100.0,0,-1.0,400.00,0.0000,0.00,0.00,0.00,0.0000,0.00,0.00,0.00,1.0000
20.1,0,Salon,7.87,21.76,20.03,20.03,0.0014,11.43,2.400,2.205,2.400,0.007,0.20894,0,3,73,0.0001,100.0,0,-1.0,5999.87,0.0000,18.97,7.87,0.00,0.0000,18.97,0.00,0.00,1.0000
20.1,1,Pasillo,0.00,20.00,20.00,20.00,0.0000,30.00,2.400,2.400,2.400,0.000,0.20900,0,0,0,0.0001,100.0,0,-1.0,800.00,0.0000,0.00,0.00,0.00,0.0000,0.00,0.00,0.00,1.0000
20.1,2,Dormitorio1,0.00,20.00,20.00,20.00,0.0000,30.00,2.400,2.400,2.400,0.000,0.20900,0,0,0,0.0001,100.0,0,-1.0,3500.00,0.0000,0.00,0.00,0.00,0.0000,0.00,0.00,0.00,1.0000
20.1,3,Dormitorio2,0.00,20.00,20.00,20.00,0.0000,30.00,2.400,2.400,2.400,0.000,0.20900,0,0,0,0.0001,100.0,0,-1.0,2500.00,0.0000,0.00,0.00,0.00,0.0000,0.00,0.00,0.00,1.0000
20.1,4,Cocina,0.00,20.00,20.00,20.00,0.0000,30.00,2.400,2.400,2.400,0.000,0.20900,0,0,0,0.0001,100.0,0,-1.0,3500.00,0.0000,0.00,0.00,0.00,0.0000,0.00,0.00,0.00,1.0000
20.1,5,Bano,0.00,20.00,20.00,20.00,0.0000,30.00,2.400,2.400,2.400,0.000,0.20900,0,0,0,0.0001,100.0,0,-1.0,400.00,0.0000,0.00,0.00,0.00,0.0000,0.00,0.00,0.00,1.0000
21.1,0,Salon,8.95,21.91,20.03,20.03,0.0017,9.87,2.400,2.186,2.400,0.008,0.20893,0,3,84,0.0001,100.0,0,-1.0,5999.85,0.0000,20.90,8.95,0.00,0.0000,20.90,0.00,0.00,1.0000
21.1,1,Pasillo,0.00,20.00,20.00,20.00,0.0000,30.00,2.400,2.400,2.400,0.000,0.20900,0,0,0,0.0001,100.0,0,-1.0,800.00,0.0000,0.00,0.00,0.00,0.0000,0.00,0.00,0.00,1.0000
21.1,2,Dormitorio1,0.00,20.00,20.00,20.00,0.0000,30.00,2.400,2.400,2.400,0.000,0.20900,0,0,0,0.0001,100.0,0,-1.0,3500.00,0.0000,0.00,0.00,0.00,0.0000,0.00,0.00,0.00,1.0000
21.1,3,Dormitorio2,0.00,20.00,20.00,20.00,0.0000,30.00,2.400,2.400,2.400,0.000,0.20900,0,0,0,0.0001,100.0,0,-1.0,2500.00,0.0000,0.00,0.00,0.00,0.0000,0.00,0.00,0.00,1.0000
21.1,4,Cocina,0.00,20.00,20.00,20.00,0.0000,30.00,2.400,2.400,2.400,0.000,0.20900,0,0,0,0.0001,100.0,0,-1.0,3500.00,0.0000,0.00,0.00,0.00,0.0000,0.00,0.00,0.00,1.0000
21.1,5,Bano,0.00,20.00,20.00,20.00,0.0000,30.00,2.400,2.400,2.400,0.000,0.20900,0,0,0,0.0001,100.0,0,-1.0,400.00,0.0000,0.00,0.00,0.00,0.0000,0.00,0.00,0.00,1.0000
22.1,0,Salon,10.10,22.06,20.04,20.04,0.0019,8.58,2.400,2.166,2.400,0.010,0.20892,0,4,97,0.0001,100.0,0,-1.0,5999.83,0.0000,22.93,10.10,0.00,0.0000,22.93,0.00,0.00,1.0000
22.1,1,Pasillo,0.00,20.00,20.00,20.00,0.0000,30.00,2.400,2.400,2.400,0.000,0.20900,0,0,0,0.0001,100.0,0,-1.0,800.00,0.0000,0.00,0.00,0.00,0.0000,0.00,0.00,0.00,1.0000
22.1,2,Dormitorio1,0.00,20.00,20.00,20.00,0.0000,30.00,2.400,2.400,2.400,0.000,0.20900,0,0,0,0.0001,100.0,0,-1.0,3500.00,0.0000,0.00,0.00,0.00,0.0000,0.00,0.00,0.00,1.0000
22.1,3,Dormitorio2,0.00,20.00,20.00,20.00,0.0000,30.00,2.400,2.400,2.400,0.000,0.20900,0,0,0,0.0001,100.0,0,-1.0,2500.00,0.0000,0.00,0.00,0.00,0.0000,0.00,0.00,0.00,1.0000
22.1,4,Cocina,0.00,20.00,20.00,20.00,0.0000,30.00,2.400,2.400,2.400,0.000,0.20900,0,0,0,0.0001,100.0,0,-1.0,3500.00,0.0000,0.00,0.00,0.00,0.0000,0.00,0.00,0.00,1.0000
22.1,5,Bano,0.00,20.00,20.00,20.00,0.0000,30.00,2.400,2.400,2.400,0.000,0.20900,0,0,0,0.0001,100.0,0,-1.0,400.00,0.0000,0.00,0.00,0.00,0.0000,0.00,0.00,0.00,1.0000
23.1,0,Salon,11.34,22.22,20.05,20.05,0.0022,7.50,2.399,2.145,2.400,0.012,0.20891,0,4,110,0.0001,100.0,0,-1.0,5999.81,0.0000,25.06,11.34,0.00,0.0000,25.06,0.00,0.00,1.0000
23.1,1,Pasillo,0.00,20.00,20.00,20.00,0.0000,30.00,2.400,2.400,2.400,0.000,0.20900,0,0,0,0.0001,100.0,0,-1.0,800.00,0.0000,0.00,0.00,0.00,0.0000,0.00,0.00,0.00,1.0000
23.1,2,Dormitorio1,0.00,20.00,20.00,20.00,0.0000,30.00,2.400,2.400,2.400,0.000,0.20900,0,0,0,0.0001,100.0,0,-1.0,3500.00,0.0000,0.00,0.00,0.00,0.0000,0.00,0.00,0.00,1.0000
23.1,3,Dormitorio2,0.00,20.00,20.00,20.00,0.0000,30.00,2.400,2.400,2.400,0.000,0.20900,0,0,0,0.0001,100.0,0,-1.0,2500.00,0.0000,0.00,0.00,0.00,0.0000,0.00,0.00,0.00,1.0000
23.1,4,Cocina,0.00,20.00,20.00,20.00,0.0000,30.00,2.400,2.400,2.400,0.000,0.20900,0,0,0,0.0001,100.0,0,-1.0,3500.00,0.0000,0.00,0.00,0.00,0.0000,0.00,0.00,0.00,1.0000
23.1,5,Bano,0.00,20.00,20.00,20.00,0.0000,30.00,2.400,2.400,2.400,0.000,0.20900,0,0,0,0.0001,100.0,0,-1.0,400.00,0.0000,0.00,0.00,0.00,0.0000,0.00,0.00,0.00,1.0000
24.1,0,Salon,12.66,22.39,20.06,20.06,0.0025,6.60,2.399,2.120,2.400,0.014,0.20889,1,4,125,0.0001,100.0,0,-1.0,5999.78,0.0000,27.28,12.66,0.00,0.0000,27.28,0.00,0.00,1.0000
24.1,1,Pasillo,0.00,20.00,20.00,20.00,0.0000,30.00,2.400,2.400,2.400,0.000,0.20900,0,0,0,0.0001,100.0,0,-1.0,800.00,0.0000,0.00,0.00,0.00,0.0000,0.00,0.00,0.00,1.0000
24.1,2,Dormitorio1,0.00,20.00,20.00,20.00,0.0000,30.00,2.400,2.400,2.400,0.000,0.20900,0,0,0,0.0001,100.0,0,-1.0,3500.00,0.0000,0.00,0.00,0.00,0.0000,0.00,0.00,0.00,1.0000
24.1,3,Dormitorio2,0.00,20.00,20.00,20.00,0.0000,30.00,2.400,2.400,2.400,0.000,0.20900,0,0,0,0.0001,100.0,0,-1.0,2500.00,0.0000,0.00,0.00,0.00,0.0000,0.00,0.00,0.00,1.0000
24.1,4,Cocina,0.00,20.00,20.00,20.00,0.0000,30.00,2.400,2.400,2.400,0.000,0.20900,0,0,0,0.0001,100.0,0,-1.0,3500.00,0.0000,0.00,0.00,0.00,0.0000,0.00,0.00,0.00,1.0000
24.1,5,Bano,0.00,20.00,20.00,20.00,0.0000,30.00,2.400,2.400,2.400,0.000,0.20900,0,0,0,0.0001,100.0,0,-1.0,400.00,0.0000,0.00,0.00,0.00,0.0000,0.00,0.00,0.00,1.0000
25.1,0,Salon,14.06,22.57,20.07,20.07,0.0028,5.84,2.399,2.098,2.400,0.017,0.20887,1,5,141,0.0001,100.0,0,-1.0,5999.75,0.0000,29.59,14.06,0.00,0.0000,29.59,0.00,0.00,1.0000
25.1,1,Pasillo,0.00,20.00,20.00,20.00,0.0000,30.00,2.400,2.400,2.400,0.000,0.20900,0,0,1,0.0001,100.0,0,-1.0,800.00,0.0000,0.00,0.00,0.00,0.0000,0.00,0.00,0.00,1.0000
25.1,2,Dormitorio1,0.00,20.00,20.00,20.00,0.0000,30.00,2.400,2.400,2.400,0.000,0.20900,0,0,0,0.0001,100.0,0,-1.0,3500.00,0.0000,0.00,0.00,0.00,0.0000,0.00,0.00,0.00,1.0000
25.1,3,Dormitorio2,0.00,20.00,20.00,20.00,0.0000,30.00,2.400,2.400,2.400,0.000,0.20900,0,0,0,0.0001,100.0,0,-1.0,2500.00,0.0000,0.00,0.00,0.00,0.0000,0.00,0.00,0.00,1.0000
25.1,4,Cocina,0.00,20.00,20.00,20.00,0.0000,30.00,2.400,2.400,2.400,0.000,0.20900,0,0,0,0.0001,100.0,0,-1.0,3500.00,0.0000,0.00,0.00,0.00,0.0000,0.00,0.00,0.00,1.0000
25.1,5,Bano,0.00,20.00,20.00,20.00,0.0000,30.00,2.400,2.400,2.400,0.000,0.20900,0,0,0,0.0001,100.0,0,-1.0,400.00,0.0000,0.00,0.00,0.00,0.0000,0.00,0.00,0.00,1.0000
26.1,0,Salon,15.55,22.75,20.09,20.09,0.0032,5.20,2.399,2.076,2.400,0.020,0.20885,1,5,159,0.0001,100.0,0,-1.0,5999.72,0.0000,32.00,15.55,0.00,0.0000,32.00,0.00,0.00,1.0000
26.1,1,Pasillo,0.00,20.00,20.00,20.00,0.0000,30.00,2.400,2.400,2.400,0.000,0.20900,0,0,1,0.0001,100.0,0,-1.0,800.00,0.0000,0.00,0.00,0.00,0.0000,0.00,0.00,0.00,1.0000
26.1,2,Dormitorio1,0.00,20.00,20.00,20.00,0.0000,30.00,2.400,2.400,2.400,0.000,0.20900,0,0,0,0.0001,100.0,0,-1.0,3500.00,0.0000,0.00,0.00,0.00,0.0000,0.00,0.00,0.00,1.0000
26.1,3,Dormitorio2,0.00,20.00,20.00,20.00,0.0000,30.00,2.400,2.400,2.400,0.000,0.20900,0,0,0,0.0001,100.0,0,-1.0,2500.00,0.0000,0.00,0.00,0.00,0.0000,0.00,0.00,0.00,1.0000
26.1,4,Cocina,0.00,20.00,20.00,20.00,0.0000,30.00,2.400,2.400,2.400,0.000,0.20900,0,0,0,0.0001,100.0,0,-1.0,3500.00,0.0000,0.00,0.00,0.00,0.0000,0.00,0.00,0.00,1.0000
26.1,5,Bano,0.00,20.00,20.00,20.00,0.0000,30.00,2.400,2.400,2.400,0.000,0.20900,0,0,0,0.0001,100.0,0,-1.0,400.00,0.0000,0.00,0.00,0.00,0.0000,0.00,0.00,0.00,1.0000
27.1,0,Salon,17.13,22.93,20.10,20.10,0.0036,4.64,2.399,2.054,2.400,0.023,0.20883,1,6,178,0.0001,100.0,0,-1.0,5999.69,0.0000,34.51,17.13,0.00,0.0000,34.51,0.00,0.00,1.0000
27.1,1,Pasillo,0.00,20.00,20.00,20.00,0.0000,30.00,2.400,2.400,2.400,0.000,0.20900,0,0,1,0.0001,100.0,0,-1.0,800.00,0.0000,0.00,0.00,0.00,0.0000,0.00,0.00,0.00,1.0000
27.1,2,Dormitorio1,0.00,20.00,20.00,20.00,0.0000,30.00,2.400,2.400,2.400,0.000,0.20900,0,0,0,0.0001,100.0,0,-1.0,3500.00,0.0000,0.00,0.00,0.00,0.0000,0.00,0.00,0.00,1.0000
27.1,3,Dormitorio2,0.00,20.00,20.00,20.00,0.0000,30.00,2.400,2.400,2.400,0.000,0.20900,0,0,0,0.0001,100.0,0,-1.0,2500.00,0.0000,0.00,0.00,0.00,0.0000,0.00,0.00,0.00,1.0000
27.1,4,Cocina,0.00,20.00,20.00,20.00,0.0000,30.00,2.400,2.400,2.400,0.000,0.20900,0,0,0,0.0001,100.0,0,-1.0,3500.00,0.0000,0.00,0.00,0.00,0.0000,0.00,0.00,0.00,1.0000
27.1,5,Bano,0.00,20.00,20.00,20.00,0.0000,30.00,2.400,2.400,2.400,0.000,0.20900,0,0,0,0.0001,100.0,0,-1.0,400.00,0.0000,0.00,0.00,0.00,0.0000,0.00,0.00,0.00,1.0000
28.1,0,Salon,18.79,23.13,20.12,20.12,0.0040,4.16,2.399,2.032,2.400,0.027,0.20881,1,6,198,0.0001,100.0,0,-1.0,5999.65,0.0000,37.10,18.79,0.00,0.0000,37.10,0.00,0.00,1.0000
28.1,1,Pasillo,0.00,20.00,20.00,20.00,0.0000,30.00,2.400,2.400,2.400,0.000,0.20900,0,0,1,0.0001,100.0,0,-1.0,800.00,0.0000,0.00,0.00,0.00,0.0000,0.00,0.00,0.00,1.0000
28.1,2,Dormitorio1,0.00,20.00,20.00,20.00,0.0000,30.00,2.400,2.400,2.400,0.000,0.20900,0,0,0,0.0001,100.0,0,-1.0,3500.00,0.0000,0.00,0.00,0.00,0.0000,0.00,0.00,0.00,1.0000
28.1,3,Dormitorio2,0.00,20.00,20.00,20.00,0.0000,30.00,2.400,2.400,2.400,0.000,0.20900,0,0,0,0.0001,100.0,0,-1.0,2500.00,0.0000,0.00,0.00,0.00,0.0000,0.00,0.00,0.00,1.0000
28.1,4,Cocina,0.00,20.00,20.00,20.00,0.0000,30.00,2.400,2.400,2.400,0.000,0.20900,0,0,0,0.0001,100.0,0,-1.0,3500.00,0.0000,0.00,0.00,0.00,0.0000,0.00,0.00,0.00,1.0000
28.1,5,Bano,0.00,20.00,20.00,20.00,0.0000,30.00,2.400,2.400,2.400,0.000,0.20900,0,0,0,0.0001,100.0,0,-1.0,400.00,0.0000,0.00,0.00,0.00,0.0000,0.00,0.00,0.00,1.0000
29.1,0,Salon,20.54,23.33,20.14,20.14,0.0044,3.75,2.399,2.010,2.400,0.031,0.20878,1,6,220,0.0001,100.0,0,-1.0,5999.61,0.0000,39.79,20.54,0.00,0.0000,39.79,0.00,0.00,1.0000
29.1,1,Pasillo,0.00,20.00,20.00,20.00,0.0000,30.00,2.400,2.400,2.400,0.000,0.20900,0,0,1,0.0001,100.0,0,-1.0,800.00,0.0000,0.00,0.00,0.00,0.0000,0.00,0.00,0.00,1.0000
29.1,2,Dormitorio1,0.00,20.00,20.00,20.00,0.0000,30.00,2.400,2.400,2.400,0.000,0.20900,0,0,0,0.0001,100.0,0,-1.0,3500.00,0.0000,0.00,0.00,0.00,0.0000,0.00,0.00,0.00,1.0000
29.1,3,Dormitorio2,0.00,20.00,20.00,20.00,0.0000,30.00,2.400,2.400,2.400,0.000,0.20900,0,0,0,0.0001,100.0,0,-1.0,2500.00,0.0000,0.00,0.00,0.00,0.0000,0.00,0.00,0.00,1.0000
29.1,4,Cocina,0.00,20.00,20.00,20.00,0.0000,30.00,2.400,2.400,2.400,0.000,0.20900,0,0,0,0.0001,100.0,0,-1.0,3500.00,0.0000,0.00,0.00,0.00,0.0000,0.00,0.00,0.00,1.0000
29.1,5,Bano,0.00,20.00,20.00,20.00,0.0000,30.00,2.400,2.400,2.400,0.000,0.20900,0,0,0,0.0001,100.0,0,-1.0,400.00,0.0000,0.00,0.00,0.00,0.0000,0.00,0.00,0.00,1.0000
30.1,0,Salon,22.38,23.53,20.17,20.17,0.0049,3.38,2.399,1.987,2.400,0.035,0.20875,1,7,243,0.0002,100.0,0,-1.0,5999.57,0.0000,42.58,22.38,0.00,0.0000,42.58,0.00,0.00,1.0000
30.1,1,Pasillo,0.00,20.00,20.00,20.00,0.0000,30.00,2.400,2.400,2.400,0.000,0.20900,0,0,2,0.0001,100.0,0,-1.0,800.00,0.0000,0.00,0.00,0.00,0.0000,0.00,0.00,0.00,1.0000
30.1,2,Dormitorio1,0.00,20.00,20.00,20.00,0.0000,30.00,2.400,2.400,2.400,0.000,0.20900,0,0,0,0.0001,100.0,0,-1.0,3500.00,0.0000,0.00,0.00,0.00,0.0000,0.00,0.00,0.00,1.0000
30.1,3,Dormitorio2,0.00,20.00,20.00,20.00,0.0000,30.00,2.400,2.400,2.400,0.000,0.20900,0,0,0,0.0001,100.0,0,-1.0,2500.00,0.0000,0.00,0.00,0.00,0.0000,0.00,0.00,0.00,1.0000
30.1,4,Cocina,0.00,20.00,20.00,20.00,0.0000,30.00,2.400,2.400,2.400,0.000,0.20900,0,0,0,0.0001,100.0,0,-1.0,3500.00,0.0000,0.00,0.00,0.00,0.0000,0.00,0.00,0.00,1.0000
30.1,5,Bano,0.00,20.00,20.00,20.00,0.0000,30.00,2.400,2.400,2.400,0.000,0.20900,0,0,0,0.0001,100.0,0,-1.0,400.00,0.0000,0.00,0.00,0.00,0.0000,0.00,0.00,0.00,1.0000
31.1,0,Salon,24.30,23.74,20.19,20.19,0.0054,3.07,2.399,1.963,2.400,0.040,0.20872,1,7,268,0.0002,100.0,0,-1.0,5999.53,0.0000,45.46,24.30,0.00,0.0000,45.46,0.00,0.00,1.0000
31.1,1,Pasillo,0.00,20.00,20.00,20.00,0.0000,30.00,2.400,2.400,2.400,0.000,0.20900,0,0,2,0.0002,100.0,0,-1.0,800.00,0.0000,0.00,0.00,0.00,0.0000,0.00,0.00,0.00,1.0000
31.1,2,Dormitorio1,0.00,20.00,20.00,20.00,0.0000,30.00,2.400,2.400,2.400,0.000,0.20900,0,0,0,0.0001,100.0,0,-1.0,3500.00,0.0000,0.00,0.00,0.00,0.0000,0.00,0.00,0.00,1.0000
31.1,3,Dormitorio2,0.00,20.00,20.00,20.00,0.0000,30.00,2.400,2.400,2.400,0.000,0.20900,0,0,0,0.0001,100.0,0,-1.0,2500.00,0.0000,0.00,0.00,0.00,0.0000,0.00,0.00,0.00,1.0000
31.1,4,Cocina,0.00,20.00,20.00,20.00,0.0000,30.00,2.400,2.400,2.400,0.000,0.20900,0,0,0,0.0001,100.0,0,-1.0,3500.00,0.0000,0.00,0.00,0.00,0.0000,0.00,0.00,0.00,1.0000
31.1,5,Bano,0.00,20.00,20.00,20.00,0.0000,30.00,2.400,2.400,2.400,0.000,0.20900,0,0,0,0.0001,100.0,0,-1.0,400.00,0.0000,0.00,0.00,0.00,0.0000,0.00,0.00,0.00,1.0000
32.1,0,Salon,26.32,23.96,20.22,20.22,0.0059,2.79,2.398,1.940,2.400,0.045,0.20869,2,8,295,0.0002,100.0,0,-1.0,5999.48,0.0000,48.44,26.32,0.00,0.0000,48.44,0.00,0.00,1.0000
32.1,1,Pasillo,0.00,20.00,20.00,20.00,0.0000,30.00,2.400,2.400,2.400,0.000,0.20900,0,0,2,0.0002,100.0,0,-1.0,800.00,0.0000,0.00,0.00,0.00,0.0000,0.00,0.00,0.00,1.0000
32.1,2,Dormitorio1,0.00,20.00,20.00,20.00,0.0000,30.00,2.400,2.400,2.400,0.000,0.20900,0,0,0,0.0002,100.0,0,-1.0,3500.00,0.0000,0.00,0.00,0.00,0.0000,0.00,0.00,0.00,1.0000
32.1,3,Dormitorio2,0.00,20.00,20.00,20.00,0.0000,30.00,2.400,2.400,2.400,0.000,0.20900,0,0,0,0.0002,100.0,0,-1.0,2500.00,0.0000,0.00,0.00,0.00,0.0000,0.00,0.00,0.00,1.0000
32.1,4,Cocina,0.00,20.00,20.00,20.00,0.0000,30.00,2.400,2.400,2.400,0.000,0.20900,0,0,0,0.0002,100.0,0,-1.0,3500.00,0.0000,0.00,0.00,0.00,0.0000,0.00,0.00,0.00,1.0000
32.1,5,Bano,0.00,20.00,20.00,20.00,0.0000,30.00,2.400,2.400,2.400,0.000,0.20900,0,0,0,0.0002,100.0,0,-1.0,400.00,0.0000,0.00,0.00,0.00,0.0000,0.00,0.00,0.00,1.0000
33.1,0,Salon,28.42,24.18,20.26,20.26,0.0065,2.54,2.398,1.917,2.400,0.051,0.20865,2,8,323,0.0002,100.0,0,-1.0,5999.43,0.0000,51.51,28.42,0.00,0.0000,51.51,0.00,0.00,1.0000
33.1,1,Pasillo,0.00,20.00,20.00,20.00,0.0000,30.00,2.400,2.400,2.400,0.000,0.20900,0,0,3,0.0002,100.0,0,-1.0,800.00,0.0000,0.00,0.00,0.00,0.0000,0.00,0.00,0.00,1.0000
33.1,2,Dormitorio1,0.00,20.00,20.00,20.00,0.0000,30.00,2.400,2.400,2.400,0.000,0.20900,0,0,0,0.0002,100.0,0,-1.0,3500.00,0.0000,0.00,0.00,0.00,0.0000,0.00,0.00,0.00,1.0000
33.1,3,Dormitorio2,0.00,20.00,20.00,20.00,0.0000,30.00,2.400,2.400,2.400,0.000,0.20900,0,0,0,0.0002,100.0,0,-1.0,2500.00,0.0000,0.00,0.00,0.00,0.0000,0.00,0.00,0.00,1.0000
33.1,4,Cocina,0.00,20.00,20.00,20.00,0.0000,30.00,2.400,2.400,2.400,0.000,0.20900,0,0,0,0.0002,100.0,0,-1.0,3500.00,0.0000,0.00,0.00,0.00,0.0000,0.00,0.00,0.00,1.0000
33.1,5,Bano,0.00,20.00,20.00,20.00,0.0000,30.00,2.400,2.400,2.400,0.000,0.20900,0,0,0,0.0002,100.0,0,-1.0,400.00,0.0000,0.00,0.00,0.00,0.0000,0.00,0.00,0.00,1.0000
34.1,0,Salon,30.62,24.41,20.29,20.29,0.0071,2.33,2.398,1.893,2.400,0.057,0.20862,2,9,353,0.0002,100.0,0,-1.0,5999.38,0.0000,54.67,30.62,0.00,0.0000,54.67,0.00,0.00,1.0000
34.1,1,Pasillo,0.00,20.00,20.00,20.00,0.0000,30.00,2.400,2.400,2.400,0.000,0.20900,0,0,3,0.0002,100.0,0,-1.0,800.00,0.0000,0.00,0.00,0.00,0.0000,0.00,0.00,0.00,1.0000
34.1,2,Dormitorio1,0.00,20.00,20.00,20.00,0.0000,30.00,2.400,2.400,2.400,0.000,0.20900,0,0,0,0.0002,100.0,0,-1.0,3500.00,0.0000,0.00,0.00,0.00,0.0000,0.00,0.00,0.00,1.0000
34.1,3,Dormitorio2,0.00,20.00,20.00,20.00,0.0000,30.00,2.400,2.400,2.400,0.000,0.20900,0,0,0,0.0002,100.0,0,-1.0,2500.00,0.0000,0.00,0.00,0.00,0.0000,0.00,0.00,0.00,1.0000
34.1,4,Cocina,0.00,20.00,20.00,20.00,0.0000,30.00,2.400,2.400,2.400,0.000,0.20900,0,0,0,0.0002,100.0,0,-1.0,3500.00,0.0000,0.00,0.00,0.00,0.0000,0.00,0.00,0.00,1.0000
34.1,5,Bano,0.00,20.00,20.00,20.00,0.0000,30.00,2.400,2.400,2.400,0.000,0.20900,0,0,0,0.0002,100.0,0,-1.0,400.00,0.0000,0.00,0.00,0.00,0.0000,0.00,0.00,0.00,1.0000
35.1,0,Salon,32.90,24.64,20.33,20.33,0.0078,2.13,2.398,1.869,2.400,0.064,0.20857,2,9,385,0.0002,100.0,0,-1.0,5999.32,0.0000,57.93,32.90,0.00,0.0000,57.93,0.00,0.00,1.0000
35.1,1,Pasillo,0.00,20.00,20.00,20.00,0.0000,30.00,2.400,2.400,2.400,0.000,0.20900,0,0,3,0.0002,100.0,0,-1.0,800.00,0.0000,0.00,0.00,0.00,0.0000,0.00,0.00,0.00,1.0000
35.1,2,Dormitorio1,0.00,20.00,20.00,20.00,0.0000,30.00,2.400,2.400,2.400,0.000,0.20900,0,0,0,0.0002,100.0,0,-1.0,3500.00,0.0000,0.00,0.00,0.00,0.0000,0.00,0.00,0.00,1.0000
35.1,3,Dormitorio2,0.00,20.00,20.00,20.00,0.0000,30.00,2.400,2.400,2.400,0.000,0.20900,0,0,0,0.0002,100.0,0,-1.0,2500.00,0.0000,0.00,0.00,0.00,0.0000,0.00,0.00,0.00,1.0000
35.1,4,Cocina,0.00,20.00,20.00,20.00,0.0000,30.00,2.400,2.400,2.400,0.000,0.20900,0,0,0,0.0002,100.0,0,-1.0,3500.00,0.0000,0.00,0.00,0.00,0.0000,0.00,0.00,0.00,1.0000
35.1,5,Bano,0.00,20.00,20.00,20.00,0.0000,30.00,2.400,2.400,2.400,0.000,0.20900,0,0,0,0.0002,100.0,0,-1.0,400.00,0.0000,0.00,0.00,0.00,0.0000,0.00,0.00,0.00,1.0000
36.1,0,Salon,35.28,24.89,20.38,20.38,0.0084,1.96,2.398,1.845,2.400,0.071,0.20853,2,10,419,0.0002,100.0,0,-1.0,5999.26,0.0000,61.28,35.28,0.00,0.0000,61.28,0.00,0.00,1.0000
36.1,1,Pasillo,0.00,20.00,20.00,20.00,0.0000,30.00,2.400,2.400,2.400,0.000,0.20899,0,0,4,0.0002,100.0,0,-1.0,800.00,0.0000,0.00,0.00,0.00,0.0000,0.00,0.00,0.00,1.0000
36.1,2,Dormitorio1,0.00,20.00,20.00,20.00,0.0000,30.00,2.400,2.400,2.400,0.000,0.20900,0,0,0,0.0002,100.0,0,-1.0,3500.00,0.0000,0.00,0.00,0.00,0.0000,0.00,0.00,0.00,1.0000
36.1,3,Dormitorio2,0.00,20.00,20.00,20.00,0.0000,30.00,2.400,2.400,2.400,0.000,0.20900,0,0,0,0.0002,100.0,0,-1.0,2500.00,0.0000,0.00,0.00,0.00,0.0000,0.00,0.00,0.00,1.0000
36.1,4,Cocina,0.00,20.00,20.00,20.00,0.0000,30.00,2.400,2.400,2.400,0.000,0.20900,0,0,0,0.0002,100.0,0,-1.0,3500.00,0.0000,0.00,0.00,0.00,0.0000,0.00,0.00,0.00,1.0000
36.1,5,Bano,0.00,20.00,20.00,20.00,0.0000,30.00,2.400,2.400,2.400,0.000,0.20900,0,0,0,0.0002,100.0,0,-1.0,400.00,0.0000,0.00,0.00,0.00,0.0000,0.00,0.00,0.00,1.0000
37.1,0,Salon,37.74,25.14,20.43,20.43,0.0092,1.81,2.398,1.821,2.400,0.079,0.20848,3,10,455,0.0002,100.0,0,-1.0,5999.20,0.0000,64.73,37.74,0.00,0.0000,64.73,0.00,0.00,1.0000
37.1,1,Pasillo,0.00,20.00,20.00,20.00,0.0000,30.00,2.400,2.400,2.400,0.000,0.20899,0,0,4,0.0002,100.0,0,-1.0,800.00,0.0000,0.00,0.00,0.00,0.0000,0.00,0.00,0.00,1.0000
37.1,2,Dormitorio1,0.00,20.00,20.00,20.00,0.0000,30.00,2.400,2.400,2.400,0.000,0.20900,0,0,0,0.0002,100.0,0,-1.0,3500.00,0.0000,0.00,0.00,0.00,0.0000,0.00,0.00,0.00,1.0000
37.1,3,Dormitorio2,0.00,20.00,20.00,20.00,0.0000,30.00,2.400,2.400,2.400,0.000,0.20900,0,0,0,0.0002,100.0,0,-1.0,2500.00,0.0000,0.00,0.00,0.00,0.0000,0.00,0.00,0.00,1.0000
37.1,4,Cocina,0.00,20.00,20.00,20.00,0.0000,30.00,2.400,2.400,2.400,0.000,0.20900,0,0,0,0.0002,100.0,0,-1.0,3500.00,0.0000,0.00,0.00,0.00,0.0000,0.00,0.00,0.00,1.0000
37.1,5,Bano,0.00,20.00,20.00,20.00,0.0000,30.00,2.400,2.400,2.400,0.000,0.20900,0,0,0,0.0002,100.0,0,-1.0,400.00,0.0000,0.00,0.00,0.00,0.0000,0.00,0.00,0.00,1.0000
38.1,0,Salon,40.30,25.39,20.49,20.49,0.0099,1.67,2.397,1.797,2.400,0.087,0.20843,3,11,493,0.0002,100.0,0,-1.0,5999.13,0.0000,68.28,40.30,0.00,0.0000,68.28,0.00,0.00,1.0000
38.1,1,Pasillo,0.00,20.00,20.00,20.00,0.0000,30.00,2.400,2.400,2.400,0.000,0.20899,0,0,5,0.0002,100.0,0,-1.0,800.00,0.0000,0.00,0.00,0.00,0.0000,0.00,0.00,0.00,1.0000
38.1,2,Dormitorio1,0.00,20.00,20.00,20.00,0.0000,30.00,2.400,2.400,2.400,0.000,0.20900,0,0,0,0.0002,100.0,0,-1.0,3500.00,0.0000,0.00,0.00,0.00,0.0000,0.00,0.00,0.00,1.0000
38.1,3,Dormitorio2,0.00,20.00,20.00,20.00,0.0000,30.00,2.400,2.400,2.400,0.000,0.20900,0,0,0,0.0002,100.0,0,-1.0,2500.00,0.0000,0.00,0.00,0.00,0.0000,0.00,0.00,0.00,1.0000
38.1,4,Cocina,0.00,20.00,20.00,20.00,0.0000,30.00,2.400,2.400,2.400,0.000,0.20900,0,0,0,0.0002,100.0,0,-1.0,3500.00,0.0000,0.00,0.00,0.00,0.0000,0.00,0.00,0.00,1.0000
38.1,5,Bano,0.00,20.00,20.00,20.00,0.0000,30.00,2.400,2.400,2.400,0.000,0.20900,0,0,0,0.0002,100.0,0,-1.0,400.00,0.0000,0.00,0.00,0.00,0.0000,0.00,0.00,0.00,1.0000
39.0,0,Salon,42.73,25.64,20.54,20.54,0.0107,1.55,2.397,1.775,2.400,0.095,0.20838,3,12,529,0.0002,100.0,0,-1.0,5999.07,0.0000,71.61,42.73,0.00,0.0000,71.61,0.00,0.00,1.0000
39.0,1,Pasillo,0.00,20.00,20.00,20.00,0.0000,30.00,2.400,2.400,2.400,0.000,0.20899,0,0,5,0.0002,100.0,0,-1.0,800.00,0.0000,0.00,0.00,0.00,0.0000,0.00,0.00,0.00,1.0000
39.0,2,Dormitorio1,0.00,20.00,20.00,20.00,0.0000,30.00,2.400,2.400,2.400,0.000,0.20900,0,0,0,0.0002,100.0,0,-1.0,3500.00,0.0000,0.00,0.00,0.00,0.0000,0.00,0.00,0.00,1.0000
39.0,3,Dormitorio2,0.00,20.00,20.00,20.00,0.0000,30.00,2.400,2.400,2.400,0.000,0.20900,0,0,0,0.0002,100.0,0,-1.0,2500.00,0.0000,0.00,0.00,0.00,0.0000,0.00,0.00,0.00,1.0000
39.0,4,Cocina,0.00,20.00,20.00,20.00,0.0000,30.00,2.400,2.400,2.400,0.000,0.20900,0,0,0,0.0002,100.0,0,-1.0,3500.00,0.0000,0.00,0.00,0.00,0.0000,0.00,0.00,0.00,1.0000
39.0,5,Bano,0.00,20.00,20.00,20.00,0.0000,30.00,2.400,2.400,2.400,0.000,0.20900,0,0,0,0.0002,100.0,0,-1.0,400.00,0.0000,0.00,0.00,0.00,0.0000,0.00,0.00,0.00,1.0000
40.0,0,Salon,45.46,25.91,20.61,20.61,0.0115,1.44,2.397,1.750,2.400,0.104,0.20832,3,12,571,0.0002,100.0,0,-1.0,5998.99,0.0000,75.33,45.46,0.00,0.0000,75.33,0.00,0.00,1.0000
40.0,1,Pasillo,0.00,20.00,20.00,20.00,0.0000,30.00,2.400,2.400,2.400,0.000,0.20899,0,0,6,0.0002,100.0,0,-1.0,800.00,0.0000,0.00,0.00,0.00,0.0000,0.00,0.00,0.00,1.0000
40.0,2,Dormitorio1,0.00,20.00,20.00,20.00,0.0000,30.00,2.400,2.400,2.400,0.000,0.20900,0,0,0,0.0002,100.0,0,-1.0,3500.00,0.0000,0.00,0.00,0.00,0.0000,0.00,0.00,0.00,1.0000
40.0,3,Dormitorio2,0.00,20.00,20.00,20.00,0.0000,30.00,2.400,2.400,2.400,0.000,0.20900,0,0,0,0.0002,100.0,0,-1.0,2500.00,0.0000,0.00,0.00,0.00,0.0000,0.00,0.00,0.00,1.0000
40.0,4,Cocina,0.00,20.00,20.00,20.00,0.0000,30.00,2.400,2.400,2.400,0.000,0.20900,0,0,0,0.0002,100.0,0,-1.0,3500.00,0.0000,0.00,0.00,0.00,0.0000,0.00,0.00,0.00,1.0000
40.0,5,Bano,0.00,20.00,20.00,20.00,0.0000,30.00,2.400,2.400,2.400,0.000,0.20900,0,0,0,0.0002,100.0,0,-1.0,400.00,0.0000,0.00,0.00,0.00,0.0000,0.00,0.00,0.00,1.0000
41.0,0,Salon,48.29,26.19,20.68,20.68,0.0124,1.34,2.397,1.726,2.400,0.114,0.20826,4,13,615,0.0002,100.0,0,-1.0,5998.92,0.0000,79.15,48.29,0.00,0.0000,79.15,0.00,0.00,1.0000
41.0,1,Pasillo,0.00,20.00,20.00,20.00,0.0000,30.00,2.400,2.400,2.400,0.000,0.20899,0,0,6,0.0002,100.0,0,-1.0,800.00,0.0000,0.00,0.00,0.00,0.0000,0.00,0.00,0.00,1.0000
41.0,2,Dormitorio1,0.00,20.00,20.00,20.00,0.0000,30.00,2.400,2.400,2.400,0.000,0.20900,0,0,0,0.0002,100.0,0,-1.0,3500.00,0.0000,0.00,0.00,0.00,0.0000,0.00,0.00,0.00,1.0000
41.0,3,Dormitorio2,0.00,20.00,20.00,20.00,0.0000,30.00,2.400,2.400,2.400,0.000,0.20900,0,0,0,0.0002,100.0,0,-1.0,2500.00,0.0000,0.00,0.00,0.00,0.0000,0.00,0.00,0.00,1.0000
41.0,4,Cocina,0.00,20.00,20.00,20.00,0.0000,30.00,2.400,2.400,2.400,0.000,0.20900,0,0,0,0.0002,100.0,0,-1.0,3500.00,0.0000,0.00,0.00,0.00,0.0000,0.00,0.00,0.00,1.0000
41.0,5,Bano,0.00,20.00,20.00,20.00,0.0000,30.00,2.400,2.400,2.400,0.000,0.20900,0,0,0,0.0002,100.0,0,-1.0,400.00,0.0000,0.00,0.00,0.00,0.0000,0.00,0.00,0.00,1.0000
42.0,0,Salon,51.21,26.48,20.76,20.76,0.0133,1.24,2.396,1.702,2.400,0.124,0.20820,4,14,662,0.0002,100.0,0,-1.0,5998.83,0.0000,83.07,51.21,0.00,0.0000,83.07,0.00,0.00,1.0000
42.0,1,Pasillo,0.00,20.00,20.00,20.00,0.0000,30.00,2.400,2.400,2.400,0.000,0.20899,0,0,7,0.0002,100.0,0,-1.0,800.00,0.0000,0.00,0.00,0.00,0.0000,0.00,0.00,0.00,1.0000
42.0,2,Dormitorio1,0.00,20.00,20.00,20.00,0.0000,30.00,2.400,2.400,2.400,0.000,0.20900,0,0,0,0.0002,100.0,0,-1.0,3500.00,0.0000,0.00,0.00,0.00,0.0000,0.00,0.00,0.00,1.0000
42.0,3,Dormitorio2,0.00,20.00,20.00,20.00,0.0000,30.00,2.400,2.400,2.400,0.000,0.20900,0,0,0,0.0002,100.0,0,-1.0,2500.00,0.0000,0.00,0.00,0.00,0.0000,0.00,0.00,0.00,1.0000
42.0,4,Cocina,0.00,20.00,20.00,20.00,0.0000,30.00,2.400,2.400,2.400,0.000,0.20900,0,0,0,0.0002,100.0,0,-1.0,3500.00,0.0000,0.00,0.00,0.00,0.0000,0.00,0.00,0.00,1.0000
42.0,5,Bano,0.00,20.00,20.00,20.00,0.0000,30.00,2.400,2.400,2.400,0.000,0.20900,0,0,0,0.0002,100.0,0,-1.0,400.00,0.0000,0.00,0.00,0.00,0.0000,0.00,0.00,0.00,1.0000
43.0,0,Salon,54.22,26.77,20.84,20.84,0.0143,1.16,2.396,1.678,2.400,0.136,0.20813,4,14,712,0.0002,100.0,0,-1.0,5998.75,0.0000,87.08,54.22,0.00,0.0000,87.08,0.00,0.00,1.0000
43.0,1,Pasillo,0.00,20.00,20.00,20.00,0.0000,30.00,2.400,2.400,2.400,0.000,0.20899,0,0,7,0.0002,100.0,0,-1.0,800.00,0.0000,0.00,0.00,0.00,0.0000,0.00,0.00,0.00,1.0000
43.0,2,Dormitorio1,0.00,20.00,20.00,20.00,0.0000,30.00,2.400,2.400,2.400,0.000,0.20900,0,0,0,0.0002,100.0,0,-1.0,3500.00,0.0000,0.00,0.00,0.00,0.0000,0.00,0.00,0.00,1.0000
43.0,3,Dormitorio2,0.00,20.00,20.00,20.00,0.0000,30.00,2.400,2.400,2.400,0.000,0.20900,0,0,0,0.0002,100.0,0,-1.0,2500.00,0.0000,0.00,0.00,0.00,0.0000,0.00,0.00,0.00,1.0000
43.0,4,Cocina,0.00,20.00,20.00,20.00,0.0000,30.00,2.400,2.400,2.400,0.000,0.20900,0,0,0,0.0002,100.0,0,-1.0,3500.00,0.0000,0.00,0.00,0.00,0.0000,0.00,0.00,0.00,1.0000
43.0,5,Bano,0.00,20.00,20.00,20.00,0.0000,30.00,2.400,2.400,2.400,0.000,0.20900,0,0,0,0.0002,100.0,0,-1.0,400.00,0.0000,0.00,0.00,0.00,0.0000,0.00,0.00,0.00,1.0000
44.0,0,Salon,57.32,27.08,20.93,20.93,0.0153,1.08,2.396,1.654,2.400,0.147,0.20805,5,15,765,0.0002,100.0,0,-1.0,5998.66,0.0000,91.18,57.32,0.00,0.0000,91.18,0.00,0.00,1.0000
44.0,1,Pasillo,0.00,20.00,20.00,20.00,0.0000,30.00,2.400,2.400,2.400,0.000,0.20899,0,0,8,0.0002,100.0,0,-1.0,800.00,0.0000,0.00,0.00,0.00,0.0000,0.00,0.00,0.00,1.0000
44.0,2,Dormitorio1,0.00,20.00,20.00,20.00,0.0000,30.00,2.400,2.400,2.400,0.000,0.20900,0,0,0,0.0002,100.0,0,-1.0,3500.00,0.0000,0.00,0.00,0.00,0.0000,0.00,0.00,0.00,1.0000
44.0,3,Dormitorio2,0.00,20.00,20.00,20.00,0.0000,30.00,2.400,2.400,2.400,0.000,0.20900,0,0,0,0.0002,100.0,0,-1.0,2500.00,0.0000,0.00,0.00,0.00,0.0000,0.00,0.00,0.00,1.0000
44.0,4,Cocina,0.00,20.00,20.00,20.00,0.0000,30.00,2.400,2.400,2.400,0.000,0.20900,0,0,0,0.0002,100.0,0,-1.0,3500.00,0.0000,0.00,0.00,0.00,0.0000,0.00,0.00,0.00,1.0000
44.0,5,Bano,0.00,20.00,20.00,20.00,0.0000,30.00,2.400,2.400,2.400,0.000,0.20900,0,0,0,0.0002,100.0,0,-1.0,400.00,0.0000,0.00,0.00,0.00,0.0000,0.00,0.00,0.00,1.0000
45.0,0,Salon,60.52,27.39,21.03,21.03,0.0164,1.01,2.396,1.630,2.400,0.160,0.20798,5,16,820,0.0003,100.0,0,-1.0,5998.57,0.0000,95.39,60.52,0.00,0.0000,95.39,0.00,0.00,1.0000
45.0,1,Pasillo,0.00,20.01,20.01,20.01,0.0000,30.00,2.400,2.400,2.400,0.000,0.20899,0,0,9,0.0002,100.0,0,-1.0,800.00,0.0000,0.00,0.00,0.00,0.0000,0.00,0.00,0.00,1.0000
45.0,2,Dormitorio1,0.00,20.00,20.00,20.00,0.0000,30.00,2.400,2.400,2.400,0.000,0.20900,0,0,0,0.0002,100.0,0,-1.0,3500.00,0.0000,0.00,0.00,0.00,0.0000,0.00,0.00,0.00,1.0000
45.0,3,Dormitorio2,0.00,20.00,20.00,20.00,0.0000,30.00,2.400,2.400,2.400,0.000,0.20900,0,0,0,0.0002,100.0,0,-1.0,2500.00,0.0000,0.00,0.00,0.00,0.0000,0.00,0.00,0.00,1.0000
45.0,4,Cocina,0.00,20.00,20.00,20.00,0.0000,30.00,2.400,2.400,2.400,0.000,0.20900,0,0,0,0.0002,100.0,0,-1.0,3500.00,0.0000,0.00,0.00,0.00,0.0000,0.00,0.00,0.00,1.0000
45.0,5,Bano,0.00,20.00,20.00,20.00,0.0000,30.00,2.400,2.400,2.400,0.000,0.20900,0,0,0,0.0002,100.0,0,-1.0,400.00,0.0000,0.00,0.00,0.00,0.0000,0.00,0.00,0.00,1.0000
46.0,0,Salon,63.81,27.71,21.14,21.14,0.0175,0.95,2.395,1.604,2.400,0.173,0.20790,5,16,879,0.0003,100.0,0,-1.0,5998.47,0.0000,99.68,63.81,0.00,0.0000,99.68,0.00,0.00,1.0000
46.0,1,Pasillo,0.00,20.01,20.01,20.01,0.0000,30.00,2.400,2.400,2.400,0.000,0.20898,0,0,10,0.0002,100.0,0,-1.0,800.00,0.0000,0.00,0.00,0.00,0.0000,0.00,0.00,0.00,1.0000
46.0,2,Dormitorio1,0.00,20.00,20.00,20.00,0.0000,30.00,2.400,2.400,2.400,0.000,0.20900,0,0,0,0.0002,100.0,0,-1.0,3500.00,0.0000,0.00,0.00,0.00,0.0000,0.00,0.00,0.00,1.0000
46.0,3,Dormitorio2,0.00,20.00,20.00,20.00,0.0000,30.00,2.400,2.400,2.400,0.000,0.20900,0,0,0,0.0002,100.0,0,-1.0,2500.00,0.0000,0.00,0.00,0.00,0.0000,0.00,0.00,0.00,1.0000
46.0,4,Cocina,0.00,20.00,20.00,20.00,0.0000,30.00,2.400,2.400,2.400,0.000,0.20900,0,0,0,0.0002,100.0,0,-1.0,3500.00,0.0000,0.00,0.00,0.00,0.0000,0.00,0.00,0.00,1.0000
46.0,5,Bano,0.00,20.00,20.00,20.00,0.0000,30.00,2.400,2.400,2.400,0.000,0.20900,0,0,0,0.0002,100.0,0,-1.0,400.00,0.0000,0.00,0.00,0.00,0.0000,0.00,0.00,0.00,1.0000
47.0,0,Salon,67.20,28.05,21.25,21.25,0.0186,0.89,2.395,1.581,2.400,0.187,0.20781,6,17,939,0.0003,100.0,0,-1.0,5998.37,0.0000,104.07,67.20,0.00,0.0000,104.07,0.00,0.00,1.0000
47.0,1,Pasillo,0.00,20.01,20.01,20.01,0.0000,30.00,2.400,2.400,2.400,0.000,0.20898,0,0,13,0.0002,100.0,0,-1.0,800.00,0.0000,0.00,0.00,0.00,0.0000,0.00,0.00,0.00,1.0000
47.0,2,Dormitorio1,0.00,20.00,20.00,20.00,0.0000,30.00,2.400,2.400,2.400,0.000,0.20900,0,0,0,0.0002,100.0,0,-1.0,3500.00,0.0000,0.00,0.00,0.00,0.0000,0.00,0.00,0.00,1.0000
47.0,3,Dormitorio2,0.00,20.00,20.00,20.00,0.0000,30.00,2.400,2.400,2.400,0.000,0.20900,0,0,0,0.0002,100.0,0,-1.0,2500.00,0.0000,0.00,0.00,0.00,0.0000,0.00,0.00,0.00,1.0000
47.0,4,Cocina,0.00,20.00,20.00,20.00,0.0000,30.00,2.400,2.400,2.400,0.000,0.20900,0,0,0,0.0002,100.0,0,-1.0,3500.00,0.0000,0.00,0.00,0.00,0.0000,0.00,0.00,0.00,1.0000
47.0,5,Bano,0.00,20.00,20.00,20.00,0.0000,30.00,2.400,2.400,2.400,0.000,0.20900,0,0,0,0.0002,100.0,0,-1.0,400.00,0.0000,0.00,0.00,0.00,0.0000,0.00,0.00,0.00,1.0000
48.0,0,Salon,70.68,28.40,21.38,21.38,0.0198,0.83,2.395,1.558,2.400,0.202,0.20772,6,18,1003,0.0003,100.0,0,-1.0,5998.26,0.0000,108.56,70.68,0.00,0.0000,108.56,0.00,0.00,1.0000
48.0,1,Pasillo,0.00,20.01,20.01,20.01,0.0000,30.00,2.400,2.400,2.400,0.000,0.20898,0,0,16,0.0002,100.0,0,-1.0,800.00,0.0000,0.00,0.00,0.00,0.0000,0.00,0.00,0.00,1.0000
48.0,2,Dormitorio1,0.00,20.00,20.00,20.00,0.0000,30.00,2.400,2.400,2.400,0.000,0.20900,0,0,0,0.0002,100.0,0,-1.0,3500.00,0.0000,0.00,0.00,0.00,0.0000,0.00,0.00,0.00,1.0000
48.0,3,Dormitorio2,0.00,20.00,20.00,20.00,0.0000,30.00,2.400,2.400,2.400,0.000,0.20900,0,0,0,0.0002,100.0,0,-1.0,2500.00,0.0000,0.00,0.00,0.00,0.0000,0.00,0.00,0.00,1.0000
48.0,4,Cocina,0.00,20.00,20.00,20.00,0.0000,30.00,2.400,2.400,2.400,0.000,0.20900,0,0,0,0.0002,100.0,0,-1.0,3500.00,0.0000,0.00,0.00,0.00,0.0000,0.00,0.00,0.00,1.0000
48.0,5,Bano,0.00,20.00,20.00,20.00,0.0000,30.00,2.400,2.400,2.400,0.000,0.20900,0,0,0,0.0002,100.0,0,-1.0,400.00,0.0000,0.00,0.00,0.00,0.0000,0.00,0.00,0.00,1.0000
49.0,0,Salon,74.25,28.76,21.51,21.51,0.0211,0.78,2.394,1.537,2.400,0.217,0.20763,7,19,1070,0.0003,100.0,0,-1.0,5998.15,0.0000,113.14,74.25,0.00,0.0000,113.14,0.00,0.00,1.0000
49.0,1,Pasillo,0.00,20.01,20.01,20.01,0.0000,30.00,2.400,2.400,2.400,0.000,0.20898,0,0,20,0.0002,100.0,0,-1.0,800.00,0.0000,0.00,0.00,0.00,0.0000,0.00,0.00,0.00,1.0000
49.0,2,Dormitorio1,0.00,20.00,20.00,20.00,0.0000,30.00,2.400,2.400,2.400,0.000,0.20900,0,0,0,0.0002,100.0,0,-1.0,3500.00,0.0000,0.00,0.00,0.00,0.0000,0.00,0.00,0.00,1.0000
49.0,3,Dormitorio2,0.00,20.00,20.00,20.00,0.0000,30.00,2.400,2.400,2.400,0.000,0.20900,0,0,0,0.0002,100.0,0,-1.0,2500.00,0.0000,0.00,0.00,0.00,0.0000,0.00,0.00,0.00,1.0000
49.0,4,Cocina,0.00,20.00,20.00,20.00,0.0000,30.00,2.400,2.400,2.400,0.000,0.20900,0,0,0,0.0002,100.0,0,-1.0,3500.00,0.0000,0.00,0.00,0.00,0.0000,0.00,0.00,0.00,1.0000
49.0,5,Bano,0.00,20.00,20.00,20.00,0.0000,30.00,2.400,2.400,2.400,0.000,0.20900,0,0,0,0.0002,100.0,0,-1.0,400.00,0.0000,0.00,0.00,0.00,0.0000,0.00,0.00,0.00,1.0000
50.0,0,Salon,77.91,29.13,21.65,21.65,0.0224,0.74,2.394,1.515,2.400,0.233,0.20753,7,20,1140,0.0003,100.0,0,-1.0,5998.03,0.0000,117.82,77.91,0.00,0.0000,117.82,0.00,0.00,1.0000
50.0,1,Pasillo,0.00,20.01,20.01,20.01,0.0000,30.00,2.400,2.400,2.400,0.000,0.20898,0,0,24,0.0002,100.0,0,-1.0,800.00,0.0000,0.00,0.00,0.00,0.0000,0.00,0.00,0.00,1.0000
50.0,2,Dormitorio1,0.00,20.00,20.00,20.00,0.0000,30.00,2.400,2.400,2.400,0.000,0.20900,0,0,0,0.0002,100.0,0,-1.0,3500.00,0.0000,0.00,0.00,0.00,0.0000,0.00,0.00,0.00,1.0000
50.0,3,Dormitorio2,0.00,20.00,20.00,20.00,0.0000,30.00,2.400,2.400,2.400,0.000,0.20900,0,0,0,0.0002,100.0,0,-1.0,2500.00,0.0000,0.00,0.00,0.00,0.0000,0.00,0.00,0.00,1.0000
50.0,4,Cocina,0.00,20.00,20.00,20.00,0.0000,30.00,2.400,2.400,2.400,0.000,0.20900,0,0,0,0.0002,100.0,0,-1.0,3500.00,0.0000,0.00,0.00,0.00,0.0000,0.00,0.00,0.00,1.0000
50.0,5,Bano,0.00,20.00,20.00,20.00,0.0000,30.00,2.400,2.400,2.400,0.000,0.20900,0,0,0,0.0002,100.0,0,-1.0,400.00,0.0000,0.00,0.00,0.00,0.0000,0.00,0.00,0.00,1.0000
51.0,0,Salon,81.67,29.51,21.80,21.80,0.0238,0.70,2.394,1.494,2.400,0.250,0.20743,8,21,1214,0.0003,100.0,0,-1.0,5997.91,0.0000,122.59,81.67,0.00,0.0000,122.59,0.00,0.00,1.0000
51.0,1,Pasillo,0.00,20.01,20.01,20.01,0.0000,30.00,2.400,2.400,2.400,0.000,0.20898,0,0,29,0.0003,100.0,0,-1.0,800.00,0.0000,0.00,0.00,0.00,0.0000,0.00,0.00,0.00,1.0000
51.0,2,Dormitorio1,0.00,20.00,20.00,20.00,0.0000,30.00,2.400,2.400,2.400,0.000,0.20900,0,0,0,0.0002,100.0,0,-1.0,3500.00,0.0000,0.00,0.00,0.00,0.0000,0.00,0.00,0.00,1.0000
51.0,3,Dormitorio2,0.00,20.00,20.00,20.00,0.0000,30.00,2.400,2.400,2.400,0.000,0.20900,0,0,0,0.0002,100.0,0,-1.0,2500.00,0.0000,0.00,0.00,0.00,0.0000,0.00,0.00,0.00,1.0000
51.0,4,Cocina,0.00,20.00,20.00,20.00,0.0000,30.00,2.400,2.400,2.400,0.000,0.20900,0,0,0,0.0002,100.0,0,-1.0,3500.00,0.0000,0.00,0.00,0.00,0.0000,0.00,0.00,0.00,1.0000
51.0,5,Bano,0.00,20.00,20.00,20.00,0.0000,30.00,2.400,2.400,2.400,0.000,0.20900,0,0,0,0.0002,100.0,0,-1.0,400.00,0.0000,0.00,0.00,0.00,0.0000,0.00,0.00,0.00,1.0000
52.0,0,Salon,85.53,29.91,21.96,21.96,0.0252,0.66,2.393,1.473,2.400,0.268,0.20732,8,22,1290,0.0003,100.0,0,-1.0,5997.79,0.0000,127.46,85.53,0.00,0.0000,127.46,0.00,0.00,1.0000
52.0,1,Pasillo,0.00,20.01,20.01,20.01,0.0000,30.00,2.400,2.400,2.400,0.000,0.20897,0,0,34,0.0003,100.0,0,-1.0,800.00,0.0000,0.00,0.00,0.00,0.0000,0.00,0.00,0.00,1.0000
52.0,2,Dormitorio1,0.00,20.00,20.00,20.00,0.0000,30.00,2.400,2.400,2.400,0.000,0.20900,0,0,0,0.0003,100.0,0,-1.0,3500.00,0.0000,0.00,0.00,0.00,0.0000,0.00,0.00,0.00,1.0000
52.0,3,Dormitorio2,0.00,20.00,20.00,20.00,0.0000,30.00,2.400,2.400,2.400,0.000,0.20900,0,0,0,0.0003,100.0,0,-1.0,2500.00,0.0000,0.00,0.00,0.00,0.0000,0.00,0.00,0.00,1.0000
52.0,4,Cocina,0.00,20.00,20.00,20.00,0.0000,30.00,2.400,2.400,2.400,0.000,0.20900,0,0,0,0.0002,100.0,0,-1.0,3500.00,0.0000,0.00,0.00,0.00,0.0000,0.00,0.00,0.00,1.0000
52.0,5,Bano,0.00,20.00,20.00,20.00,0.0000,30.00,2.400,2.400,2.400,0.000,0.20900,0,0,0,0.0002,100.0,0,-1.0,400.00,0.0000,0.00,0.00,0.00,0.0000,0.00,0.00,0.00,1.0000
53.0,0,Salon,89.48,30.31,22.13,22.13,0.0266,0.62,2.393,1.453,2.400,0.286,0.20720,9,23,1370,0.0003,100.0,0,-1.0,5997.66,0.0000,132.43,89.48,0.00,0.0000,132.43,0.00,0.00,1.0000
53.0,1,Pasillo,0.00,20.01,20.01,20.01,0.0001,30.00,2.400,2.400,2.400,0.000,0.20897,0,0,40,0.0003,100.0,0,-1.0,800.00,0.0000,0.00,0.00,0.00,0.0000,0.00,0.00,0.00,1.0000
53.0,2,Dormitorio1,0.00,20.00,20.00,20.00,0.0000,30.00,2.400,2.400,2.400,0.000,0.20900,0,0,0,0.0003,100.0,0,-1.0,3500.00,0.0000,0.00,0.00,0.00,0.0000,0.00,0.00,0.00,1.0000
53.0,3,Dormitorio2,0.00,20.00,20.00,20.00,0.0000,30.00,2.400,2.400,2.400,0.000,0.20900,0,0,0,0.0003,100.0,0,-1.0,2500.00,0.0000,0.00,0.00,0.00,0.0000,0.00,0.00,0.00,1.0000
53.0,4,Cocina,0.00,20.00,20.00,20.00,0.0000,30.00,2.400,2.400,2.400,0.000,0.20900,0,0,0,0.0003,100.0,0,-1.0,3500.00,0.0000,0.00,0.00,0.00,0.0000,0.00,0.00,0.00,1.0000
53.0,5,Bano,0.00,20.00,20.00,20.00,0.0000,30.00,2.400,2.400,2.400,0.000,0.20900,0,0,0,0.0003,100.0,0,-1.0,400.00,0.0000,0.00,0.00,0.00,0.0000,0.00,0.00,0.00,1.0000
54.0,0,Salon,93.52,30.73,22.32,22.32,0.0282,0.59,2.392,1.432,2.400,0.306,0.20709,9,24,1454,0.0003,100.0,0,-1.0,5997.52,0.0000,137.49,93.52,0.00,0.0000,137.49,0.00,0.00,1.0000
54.0,1,Pasillo,0.00,20.01,20.01,20.01,0.0001,30.00,2.400,2.400,2.400,0.000,0.20897,0,0,47,0.0003,100.0,0,-1.0,800.00,0.0000,0.00,0.00,0.00,0.0000,0.00,0.00,0.00,1.0000
54.0,2,Dormitorio1,0.00,20.00,20.00,20.00,0.0000,30.00,2.400,2.400,2.400,0.000,0.20900,0,0,0,0.0003,100.0,0,-1.0,3500.00,0.0000,0.00,0.00,0.00,0.0000,0.00,0.00,0.00,1.0000
54.0,3,Dormitorio2,0.00,20.00,20.00,20.00,0.0000,30.00,2.400,2.400,2.400,0.000,0.20900,0,0,0,0.0003,100.0,0,-1.0,2500.00,0.0000,0.00,0.00,0.00,0.0000,0.00,0.00,0.00,1.0000
54.0,4,Cocina,0.00,20.00,20.00,20.00,0.0000,30.00,2.400,2.400,2.400,0.000,0.20900,0,0,0,0.0003,100.0,0,-1.0,3500.00,0.0000,0.00,0.00,0.00,0.0000,0.00,0.00,0.00,1.0000
54.0,5,Bano,0.00,20.00,20.00,20.00,0.0000,30.00,2.400,2.400,2.400,0.000,0.20900,0,0,0,0.0003,100.0,0,-1.0,400.00,0.0000,0.00,0.00,0.00,0.0000,0.00,0.00,0.00,1.0000
55.0,0,Salon,97.66,31.16,22.51,22.51,0.0297,0.56,2.392,1.412,2.400,0.326,0.20696,10,25,1540,0.0003,100.0,0,-1.0,5997.38,0.0000,142.65,97.66,0.00,0.0000,142.65,0.00,0.00,1.0000
55.0,1,Pasillo,0.00,20.01,20.01,20.01,0.0001,30.00,2.400,2.400,2.400,0.000,0.20897,0,0,54,0.0003,100.0,0,-1.0,800.00,0.0000,0.00,0.00,0.00,0.0000,0.00,0.00,0.00,1.0000
55.0,2,Dormitorio1,0.00,20.00,20.00,20.00,0.0000,30.00,2.400,2.400,2.400,0.000,0.20900,0,0,0,0.0003,100.0,0,-1.0,3500.00,0.0000,0.00,0.00,0.00,0.0000,0.00,0.00,0.00,1.0000
55.0,3,Dormitorio2,0.00,20.00,20.00,20.00,0.0000,30.00,2.400,2.400,2.400,0.000,0.20900,0,0,0,0.0003,100.0,0,-1.0,2500.00,0.0000,0.00,0.00,0.00,0.0000,0.00,0.00,0.00,1.0000
55.0,4,Cocina,0.00,20.00,20.00,20.00,0.0000,30.00,2.400,2.400,2.400,0.000,0.20900,0,0,0,0.0003,100.0,0,-1.0,3500.00,0.0000,0.00,0.00,0.00,0.0000,0.00,0.00,0.00,1.0000
55.0,5,Bano,0.00,20.00,20.00,20.00,0.0000,30.00,2.400,2.400,2.400,0.000,0.20900,0,0,0,0.0003,100.0,0,-1.0,400.00,0.0000,0.00,0.00,0.00,0.0000,0.00,0.00,0.00,1.0000
56.0,0,Salon,101.89,31.61,22.71,22.71,0.0314,0.53,2.388,1.393,2.400,0.347,0.20684,10,26,1631,0.0004,100.0,0,-1.0,5997.24,0.0000,147.90,101.89,0.00,0.0000,147.90,0.00,0.00,1.0000
56.0,1,Pasillo,0.00,20.01,20.01,20.01,0.0002,30.00,2.400,2.400,2.400,0.000,0.20896,0,0,63,0.0003,100.0,0,-1.0,800.00,0.0000,0.00,0.00,0.00,0.0000,0.00,0.00,0.00,1.0000
56.0,2,Dormitorio1,0.00,20.00,20.00,20.00,0.0000,30.00,2.400,2.400,2.400,0.000,0.20900,0,0,0,0.0003,100.0,0,-1.0,3500.00,0.0000,0.00,0.00,0.00,0.0000,0.00,0.00,0.00,1.0000
56.0,3,Dormitorio2,0.00,20.00,20.00,20.00,0.0000,30.00,2.400,2.400,2.400,0.000,0.20900,0,0,0,0.0003,100.0,0,-1.0,2500.00,0.0000,0.00,0.00,0.00,0.0000,0.00,0.00,0.00,1.0000
56.0,4,Cocina,0.00,20.00,20.00,20.00,0.0000,30.00,2.400,2.400,2.400,0.000,0.20900,0,0,0,0.0003,100.0,0,-1.0,3500.00,0.0000,0.00,0.00,0.00,0.0000,0.00,0.00,0.00,1.0000
56.0,5,Bano,0.00,20.00,20.00,20.00,0.0000,30.00,2.400,2.400,2.400,0.000,0.20900,0,0,0,0.0003,100.0,0,-1.0,400.00,0.0000,0.00,0.00,0.00,0.0000,0.00,0.00,0.00,1.0000
57.0,0,Salon,106.22,32.07,22.93,22.93,0.0330,0.50,2.387,1.374,2.400,0.368,0.20670,11,27,1725,0.0004,100.0,0,-1.0,5997.09,0.0000,153.25,106.22,0.00,0.0000,153.25,0.00,0.00,1.0000
57.0,1,Pasillo,0.00,20.01,20.01,20.01,0.0002,30.00,2.400,2.400,2.400,0.000,0.20896,0,0,72,0.0003,100.0,0,-1.0,800.00,0.0000,0.00,0.00,0.00,0.0000,0.00,0.00,0.00,1.0000
57.0,2,Dormitorio1,0.00,20.00,20.00,20.00,0.0000,30.00,2.400,2.400,2.400,0.000,0.20900,0,0,0,0.0003,100.0,0,-1.0,3500.00,0.0000,0.00,0.00,0.00,0.0000,0.00,0.00,0.00,1.0000
57.0,3,Dormitorio2,0.00,20.00,20.00,20.00,0.0000,30.00,2.400,2.400,2.400,0.000,0.20900,0,0,0,0.0003,100.0,0,-1.0,2500.00,0.0000,0.00,0.00,0.00,0.0000,0.00,0.00,0.00,1.0000
57.0,4,Cocina,0.00,20.00,20.00,20.00,0.0000,30.00,2.400,2.400,2.400,0.000,0.20900,0,0,0,0.0003,100.0,0,-1.0,3500.00,0.0000,0.00,0.00,0.00,0.0000,0.00,0.00,0.00,1.0000
57.0,5,Bano,0.00,20.00,20.00,20.00,0.0000,30.00,2.400,2.400,2.400,0.000,0.20900,0,0,0,0.0003,100.0,0,-1.0,400.00,0.0000,0.00,0.00,0.00,0.0000,0.00,0.00,0.00,1.0000
58.0,0,Salon,110.65,32.54,23.16,23.16,0.0348,0.48,2.386,1.355,2.400,0.391,0.20656,12,28,1823,0.0004,100.0,0,-1.0,5996.93,0.0000,158.70,110.65,0.00,0.0000,158.70,0.00,0.00,1.0000
58.0,1,Pasillo,0.00,20.02,20.02,20.02,0.0002,30.00,2.400,2.400,2.400,0.000,0.20896,1,0,82,0.0003,100.0,0,-1.0,800.00,0.0000,0.00,0.00,0.00,0.0000,0.00,0.00,0.00,1.0000
58.0,2,Dormitorio1,0.00,20.00,20.00,20.00,0.0000,30.00,2.400,2.400,2.400,0.000,0.20900,0,0,0,0.0003,100.0,0,-1.0,3500.00,0.0000,0.00,0.00,0.00,0.0000,0.00,0.00,0.00,1.0000
58.0,3,Dormitorio2,0.00,20.00,20.00,20.00,0.0000,30.00,2.400,2.400,2.400,0.000,0.20900,0,0,0,0.0003,100.0,0,-1.0,2500.00,0.0000,0.00,0.00,0.00,0.0000,0.00,0.00,0.00,1.0000
58.0,4,Cocina,0.00,20.00,20.00,20.00,0.0000,30.00,2.400,2.400,2.400,0.000,0.20900,0,0,0,0.0003,100.0,0,-1.0,3500.00,0.0000,0.00,0.00,0.00,0.0000,0.00,0.00,0.00,1.0000
58.0,5,Bano,0.00,20.00,20.00,20.00,0.0000,30.00,2.400,2.400,2.400,0.000,0.20900,0,0,0,0.0003,100.0,0,-1.0,400.00,0.0000,0.00,0.00,0.00,0.0000,0.00,0.00,0.00,1.0000
59.0,0,Salon,115.16,33.03,23.40,23.40,0.0366,0.45,2.385,1.336,2.400,0.415,0.20642,12,29,1924,0.0004,100.0,0,-1.0,5996.77,0.0000,164.24,115.16,0.00,0.0000,164.24,0.00,0.00,1.0000
59.0,1,Pasillo,0.00,20.02,20.02,20.02,0.0003,30.00,2.400,2.400,2.400,0.000,0.20895,1,0,93,0.0003,100.0,0,-1.0,800.00,0.0000,0.00,0.00,0.00,0.0000,0.00,0.00,0.00,1.0000
59.0,2,Dormitorio1,0.00,20.00,20.00,20.00,0.0000,30.00,2.400,2.400,2.400,0.000,0.20900,0,0,0,0.0003,100.0,0,-1.0,3500.00,0.0000,0.00,0.00,0.00,0.0000,0.00,0.00,0.00,1.0000
59.0,3,Dormitorio2,0.00,20.00,20.00,20.00,0.0000,30.00,2.400,2.400,2.400,0.000,0.20900,0,0,0,0.0003,100.0,0,-1.0,2500.00,0.0000,0.00,0.00,0.00,0.0000,0.00,0.00,0.00,1.0000
59.0,4,Cocina,0.00,20.00,20.00,20.00,0.0000,30.00,2.400,2.400,2.400,0.000,0.20900,0,0,0,0.0003,100.0,0,-1.0,3500.00,0.0000,0.00,0.00,0.00,0.0000,0.00,0.00,0.00,1.0000
59.0,5,Bano,0.00,20.00,20.00,20.00,0.0000,30.00,2.400,2.400,2.400,0.000,0.20900,0,0,0,0.0003,100.0,0,-1.0,400.00,0.0000,0.00,0.00,0.00,0.0000,0.00,0.00,0.00,1.0000
60.0,0,Salon,119.78,33.53,23.66,23.66,0.0384,0.43,2.383,1.318,2.400,0.439,0.20627,13,30,2029,0.0004,100.0,0,-1.0,5996.60,0.0000,169.88,119.78,0.00,0.0000,169.88,0.00,0.00,1.0000
60.0,1,Pasillo,0.00,20.02,20.02,20.02,0.0003,26.46,2.400,2.400,2.400,0.000,0.20895,1,0,105,0.0003,100.0,0,-1.0,800.00,0.0000,0.00,0.00,0.00,0.0000,0.00,0.00,0.00,1.0000
60.0,2,Dormitorio1,0.00,20.00,20.00,20.00,0.0000,30.00,2.400,2.400,2.400,0.000,0.20900,0,0,0,0.0003,100.0,0,-1.0,3500.00,0.0000,0.00,0.00,0.00,0.0000,0.00,0.00,0.00,1.0000
60.0,3,Dormitorio2,0.00,20.00,20.00,20.00,0.0000,30.00,2.400,2.400,2.400,0.000,0.20900,0,0,0,0.0003,100.0,0,-1.0,2500.00,0.0000,0.00,0.00,0.00,0.0000,0.00,0.00,0.00,1.0000
60.0,4,Cocina,0.00,20.00,20.00,20.00,0.0000,30.00,2.400,2.400,2.400,0.000,0.20900,0,0,0,0.0003,100.0,0,-1.0,3500.00,0.0000,0.00,0.00,0.00,0.0000,0.00,0.00,0.00,1.0000
60.0,5,Bano,0.00,20.00,20.00,20.00,0.0000,30.00,2.400,2.400,2.400,0.000,0.20900,0,0,0,0.0003,100.0,0,-1.0,400.00,0.0000,0.00,0.00,0.00,0.0000,0.00,0.00,0.00,1.0000
61.0,0,Salon,124.49,34.05,23.93,23.93,0.0404,0.41,2.382,1.301,2.400,0.465,0.20611,14,32,2138,0.0004,100.0,0,-1.0,5996.43,0.0000,175.62,124.49,0.00,0.0000,175.62,0.00,0.00,1.0000
61.0,1,Pasillo,0.00,20.02,20.02,20.02,0.0004,22.85,2.400,2.400,2.400,0.000,0.20895,1,0,118,0.0003,100.0,0,-1.0,800.00,0.0000,0.00,0.00,0.00,0.0000,0.00,0.00,0.00,1.0000
61.0,2,Dormitorio1,0.00,20.00,20.00,20.00,0.0000,30.00,2.400,2.400,2.400,0.000,0.20900,0,0,0,0.0003,100.0,0,-1.0,3500.00,0.0000,0.00,0.00,0.00,0.0000,0.00,0.00,0.00,1.0000
61.0,3,Dormitorio2,0.00,20.00,20.00,20.00,0.0000,30.00,2.400,2.400,2.400,0.000,0.20900,0,0,1,0.0003,100.0,0,-1.0,2500.00,0.0000,0.00,0.00,0.00,0.0000,0.00,0.00,0.00,1.0000
61.0,4,Cocina,0.00,20.00,20.00,20.00,0.0000,30.00,2.400,2.400,2.400,0.000,0.20900,0,0,0,0.0003,100.0,0,-1.0,3500.00,0.0000,0.00,0.00,0.00,0.0000,0.00,0.00,0.00,1.0000
61.0,5,Bano,0.00,20.00,20.00,20.00,0.0000,30.00,2.400,2.400,2.400,0.000,0.20900,0,0,0,0.0003,100.0,0,-1.0,400.00,0.0000,0.00,0.00,0.00,0.0000,0.00,0.00,0.00,1.0000
62.0,0,Salon,129.29,34.59,24.21,24.21,0.0423,0.39,2.380,1.284,2.400,0.491,0.20595,15,33,2251,0.0004,100.0,0,-1.0,5996.25,0.0000,181.46,129.29,0.00,0.0000,181.46,0.00,0.00,1.0000
62.0,1,Pasillo,0.00,20.02,20.02,20.02,0.0004,19.88,2.400,2.400,2.400,0.000,0.20894,1,0,133,0.0003,100.0,0,-1.0,800.00,0.0000,0.00,0.00,0.00,0.0000,0.00,0.00,0.00,1.0000
62.0,2,Dormitorio1,0.00,20.00,20.00,20.00,0.0000,30.00,2.400,2.400,2.400,0.000,0.20900,0,0,0,0.0003,100.0,0,-1.0,3500.00,0.0000,0.00,0.00,0.00,0.0000,0.00,0.00,0.00,1.0000
62.0,3,Dormitorio2,0.00,20.00,20.00,20.00,0.0000,30.00,2.400,2.400,2.400,0.000,0.20900,0,0,1,0.0003,100.0,0,-1.0,2500.00,0.0000,0.00,0.00,0.00,0.0000,0.00,0.00,0.00,1.0000
62.0,4,Cocina,0.00,20.00,20.00,20.00,0.0000,30.00,2.400,2.400,2.400,0.000,0.20900,0,0,0,0.0003,100.0,0,-1.0,3500.00,0.0000,0.00,0.00,0.00,0.0000,0.00,0.00,0.00,1.0000
62.0,5,Bano,0.00,20.00,20.00,20.00,0.0000,30.00,2.400,2.400,2.400,0.000,0.20900,0,0,1,0.0003,100.0,0,-1.0,400.00,0.0000,0.00,0.00,0.00,0.0000,0.00,0.00,0.00,1.0000
63.0,0,Salon,134.19,35.15,24.51,24.51,0.0443,0.37,2.378,1.267,2.400,0.518,0.20579,15,34,2367,0.0005,100.0,0,-1.0,5996.06,0.0000,187.39,134.19,0.00,0.0000,187.39,0.00,0.00,1.0000
63.0,1,Pasillo,0.00,20.02,20.02,20.02,0.0005,17.41,2.400,2.400,2.400,0.000,0.20894,1,0,149,0.0003,100.0,0,-1.0,800.00,0.0000,0.00,0.00,0.00,0.0000,0.00,0.00,0.00,1.0000
63.0,2,Dormitorio1,0.00,20.00,20.00,20.00,0.0000,30.00,2.400,2.400,2.400,0.000,0.20900,0,0,0,0.0003,100.0,0,-1.0,3500.00,0.0000,0.00,0.00,0.00,0.0000,0.00,0.00,0.00,1.0000
63.0,3,Dormitorio2,0.00,20.00,20.00,20.00,0.0000,30.00,2.400,2.400,2.400,0.000,0.20900,0,0,1,0.0003,100.0,0,-1.0,2500.00,0.0000,0.00,0.00,0.00,0.0000,0.00,0.00,0.00,1.0000
63.0,4,Cocina,0.00,20.00,20.00,20.00,0.0000,30.00,2.400,2.400,2.400,0.000,0.20900,0,0,0,0.0003,100.0,0,-1.0,3500.00,0.0000,0.00,0.00,0.00,0.0000,0.00,0.00,0.00,1.0000
63.0,5,Bano,0.00,20.00,20.00,20.00,0.0000,30.00,2.400,2.400,2.400,0.000,0.20900,0,0,1,0.0003,100.0,0,-1.0,400.00,0.0000,0.00,0.00,0.00,0.0000,0.00,0.00,0.00,1.0000
64.0,0,Salon,139.19,35.73,24.82,24.82,0.0463,0.36,2.376,1.252,2.400,0.547,0.20562,16,35,2488,0.0005,100.0,0,-1.0,5995.87,0.0000,193.42,139.19,0.00,0.0000,193.42,0.00,0.00,1.0000
64.0,1,Pasillo,0.00,20.03,20.03,20.03,0.0006,15.34,2.400,2.400,2.400,0.000,0.20893,1,0,166,0.0003,100.0,0,-1.0,800.00,0.0000,0.00,0.00,0.00,0.0000,0.00,0.00,0.00,1.0000
64.0,2,Dormitorio1,0.00,20.00,20.00,20.00,0.0000,30.00,2.400,2.400,2.400,0.000,0.20900,0,0,1,0.0003,100.0,0,-1.0,3500.00,0.0000,0.00,0.00,0.00,0.0000,0.00,0.00,0.00,1.0000
64.0,3,Dormitorio2,0.00,20.00,20.00,20.00,0.0000,30.00,2.400,2.400,2.400,0.000,0.20900,0,0,1,0.0003,100.0,0,-1.0,2500.00,0.0000,0.00,0.00,0.00,0.0000,0.00,0.00,0.00,1.0000
64.0,4,Cocina,0.00,20.00,20.00,20.00,0.0000,30.00,2.400,2.400,2.400,0.000,0.20900,0,0,0,0.0003,100.0,0,-1.0,3500.00,0.0000,0.00,0.00,0.00,0.0000,0.00,0.00,0.00,1.0000
64.0,5,Bano,0.00,20.00,20.00,20.00,0.0000,30.00,2.400,2.400,2.400,0.000,0.20900,0,0,1,0.0003,100.0,0,-1.0,400.00,0.0000,0.00,0.00,0.00,0.0000,0.00,0.00,0.00,1.0000
65.0,0,Salon,144.28,36.33,25.15,25.15,0.0484,0.34,2.374,1.237,2.400,0.576,0.20544,17,37,2612,0.0005,100.0,0,-1.0,5995.68,0.0000,199.55,144.28,0.00,0.0000,199.55,0.00,0.00,1.0000
65.0,1,Pasillo,0.00,20.03,20.03,20.03,0.0006,13.58,2.400,2.400,2.400,0.000,0.20892,1,0,185,0.0003,100.0,0,-1.0,800.00,0.0000,0.00,0.00,0.00,0.0000,0.00,0.00,0.00,1.0000
65.0,2,Dormitorio1,0.00,20.00,20.00,20.00,0.0000,30.00,2.400,2.400,2.400,0.000,0.20900,0,0,1,0.0003,100.0,0,-1.0,3500.00,0.0000,0.00,0.00,0.00,0.0000,0.00,0.00,0.00,1.0000
65.0,3,Dormitorio2,0.00,20.00,20.00,20.00,0.0000,30.00,2.400,2.400,2.400,0.000,0.20900,0,0,1,0.0003,100.0,0,-1.0,2500.00,0.0000,0.00,0.00,0.00,0.0000,0.00,0.00,0.00,1.0000
65.0,4,Cocina,0.00,20.00,20.00,20.00,0.0000,30.00,2.400,2.400,2.400,0.000,0.20900,0,0,0,0.0003,100.0,0,-1.0,3500.00,0.0000,0.00,0.00,0.00,0.0000,0.00,0.00,0.00,1.0000
65.0,5,Bano,0.00,20.00,20.00,20.00,0.0000,30.00,2.400,2.400,2.400,0.000,0.20900,0,0,1,0.0003,100.0,0,-1.0,400.00,0.0000,0.00,0.00,0.00,0.0000,0.00,0.00,0.00,1.0000
66.0,0,Salon,149.47,36.97,25.49,25.49,0.0505,0.33,2.372,1.224,2.400,0.606,0.20525,18,38,2741,0.0005,100.0,0,-1.0,5995.47,0.0000,205.77,149.47,0.00,0.0000,205.77,0.00,0.00,1.0000
66.0,1,Pasillo,0.00,20.03,20.03,20.03,0.0007,12.08,2.400,2.400,2.400,0.000,0.20892,1,0,206,0.0003,100.0,0,-1.0,800.00,0.0000,0.00,0.00,0.00,0.0000,0.00,0.00,0.00,1.0000
66.0,2,Dormitorio1,0.00,20.00,20.00,20.00,0.0000,30.00,2.400,2.400,2.400,0.000,0.20900,0,0,1,0.0003,100.0,0,-1.0,3500.00,0.0000,0.00,0.00,0.00,0.0000,0.00,0.00,0.00,1.0000
66.0,3,Dormitorio2,0.00,20.00,20.00,20.00,0.0000,30.00,2.400,2.400,2.400,0.000,0.20900,0,0,1,0.0003,100.0,0,-1.0,2500.00,0.0000,0.00,0.00,0.00,0.0000,0.00,0.00,0.00,1.0000
66.0,4,Cocina,0.00,20.00,20.00,20.00,0.0000,30.00,2.400,2.400,2.400,0.000,0.20900,0,0,0,0.0003,100.0,0,-1.0,3500.00,0.0000,0.00,0.00,0.00,0.0000,0.00,0.00,0.00,1.0000
66.0,5,Bano,0.00,20.00,20.00,20.00,0.0000,30.00,2.400,2.400,2.400,0.000,0.20900,0,0,1,0.0003,100.0,0,-1.0,400.00,0.0000,0.00,0.00,0.00,0.0000,0.00,0.00,0.00,1.0000
67.0,0,Salon,154.76,37.62,25.85,25.85,0.0525,0.32,2.370,1.211,2.400,0.638,0.20506,19,40,2873,0.0005,100.0,0,-1.0,5995.26,0.0000,212.09,154.76,0.00,0.0000,212.09,0.00,0.00,1.0000
67.0,1,Pasillo,0.00,20.03,20.03,20.03,0.0008,10.79,2.400,2.400,2.400,0.000,0.20891,1,0,229,0.0003,100.0,0,-1.0,800.00,0.0000,0.00,0.00,0.00,0.0000,0.00,0.00,0.00,1.0000
67.0,2,Dormitorio1,0.00,20.00,20.00,20.00,0.0000,30.00,2.400,2.400,2.400,0.000,0.20900,0,0,1,0.0003,100.0,0,-1.0,3500.00,0.0000,0.00,0.00,0.00,0.0000,0.00,0.00,0.00,1.0000
67.0,3,Dormitorio2,0.00,20.00,20.00,20.00,0.0000,30.00,2.400,2.400,2.400,0.000,0.20900,0,0,1,0.0003,100.0,0,-1.0,2500.00,0.0000,0.00,0.00,0.00,0.0000,0.00,0.00,0.00,1.0000
67.0,4,Cocina,0.00,20.00,20.00,20.00,0.0000,30.00,2.400,2.400,2.400,0.000,0.20900,0,0,1,0.0003,100.0,0,-1.0,3500.00,0.0000,0.00,0.00,0.00,0.0000,0.00,0.00,0.00,1.0000
67.0,5,Bano,0.00,20.00,20.00,20.00,0.0000,30.00,2.400,2.400,2.400,0.000,0.20900,0,0,1,0.0003,100.0,0,-1.0,400.00,0.0000,0.00,0.00,0.00,0.0000,0.00,0.00,0.00,1.0000
68.0,0,Salon,160.14,38.30,26.22,26.22,0.0547,0.30,2.367,1.200,2.400,0.670,0.20487,19,41,3010,0.0005,100.0,0,-1.0,5995.05,0.0000,218.52,160.14,0.00,0.0000,218.52,0.00,0.00,1.0000
68.0,1,Pasillo,0.00,20.04,20.04,20.04,0.0009,9.67,2.400,2.400,2.400,0.000,0.20890,2,0,253,0.0003,100.0,0,-1.0,800.00,0.0000,0.00,0.00,0.00,0.0000,0.00,0.00,0.00,1.0000
68.0,2,Dormitorio1,0.00,20.00,20.00,20.00,0.0000,30.00,2.400,2.400,2.400,0.000,0.20900,0,0,1,0.0003,100.0,0,-1.0,3500.00,0.0000,0.00,0.00,0.00,0.0000,0.00,0.00,0.00,1.0000
68.0,3,Dormitorio2,0.00,20.00,20.00,20.00,0.0000,30.00,2.400,2.400,2.400,0.000,0.20900,0,0,1,0.0003,100.0,0,-1.0,2500.00,0.0000,0.00,0.00,0.00,0.0000,0.00,0.00,0.00,1.0000
68.0,4,Cocina,0.00,20.00,20.00,20.00,0.0000,30.00,2.400,2.400,2.400,0.000,0.20900,0,0,1,0.0003,100.0,0,-1.0,3500.00,0.0000,0.00,0.00,0.00,0.0000,0.00,0.00,0.00,1.0000
68.0,5,Bano,0.00,20.00,20.00,20.00,0.0000,30.00,2.400,2.400,2.400,0.000,0.20900,0,0,1,0.0003,100.0,0,-1.0,400.00,0.0000,0.00,0.00,0.00,0.0000,0.00,0.00,0.00,1.0000
69.0,0,Salon,165.62,39.01,26.61,26.61,0.0569,0.29,2.364,1.189,2.400,0.703,0.20467,20,42,3150,0.0006,100.0,0,-1.0,5994.83,0.0000,225.04,165.62,0.00,0.0000,225.04,0.00,0.00,1.0000
69.0,1,Pasillo,0.00,20.04,20.04,20.04,0.0010,8.70,2.400,2.400,2.400,0.000,0.20889,2,0,279,0.0003,100.0,0,-1.0,800.00,0.0000,0.00,0.00,0.00,0.0000,0.00,0.00,0.00,1.0000
69.0,2,Dormitorio1,0.00,20.00,20.00,20.00,0.0000,30.00,2.400,2.400,2.400,0.000,0.20900,0,0,1,0.0003,100.0,0,-1.0,3500.00,0.0000,0.00,0.00,0.00,0.0000,0.00,0.00,0.00,1.0000
69.0,3,Dormitorio2,0.00,20.00,20.00,20.00,0.0000,30.00,2.400,2.400,2.400,0.000,0.20900,0,0,1,0.0003,100.0,0,-1.0,2500.00,0.0000,0.00,0.00,0.00,0.0000,0.00,0.00,0.00,1.0000
69.0,4,Cocina,0.00,20.00,20.00,20.00,0.0000,30.00,2.400,2.400,2.400,0.000,0.20900,0,0,1,0.0003,100.0,0,-1.0,3500.00,0.0000,0.00,0.00,0.00,0.0000,0.00,0.00,0.00,1.0000
69.0,5,Bano,0.00,20.00,20.00,20.00,0.0000,30.00,2.400,2.400,2.400,0.000,0.20900,0,0,1,0.0003,100.0,0,-1.0,400.00,0.0000,0.00,0.00,0.00,0.0000,0.00,0.00,0.00,1.0000
70.0,0,Salon,171.19,39.75,27.02,27.02,0.0592,0.28,2.361,1.179,2.400,0.737,0.20446,21,44,3295,0.0006,100.0,0,-1.0,5994.60,0.0000,231.66,171.19,0.00,0.0000,231.66,0.00,0.00,1.0000
70.0,1,Pasillo,0.00,20.04,20.04,20.04,0.0011,7.85,2.399,2.400,2.400,0.000,0.20888,2,0,308,0.0004,100.0,0,-1.0,800.00,0.0000,0.00,0.00,0.00,0.0000,0.00,0.00,0.00,1.0000
70.0,2,Dormitorio1,0.00,20.00,20.00,20.00,0.0000,30.00,2.400,2.400,2.400,0.000,0.20900,0,0,1,0.0003,100.0,0,-1.0,3500.00,0.0000,0.00,0.00,0.00,0.0000,0.00,0.00,0.00,1.0000
70.0,3,Dormitorio2,0.00,20.00,20.00,20.00,0.0000,30.00,2.400,2.400,2.400,0.000,0.20900,0,0,2,0.0003,100.0,0,-1.0,2500.00,0.0000,0.00,0.00,0.00,0.0000,0.00,0.00,0.00,1.0000
70.0,4,Cocina,0.00,20.00,20.00,20.00,0.0000,30.00,2.400,2.400,2.400,0.000,0.20900,0,0,1,0.0003,100.0,0,-1.0,3500.00,0.0000,0.00,0.00,0.00,0.0000,0.00,0.00,0.00,1.0000
70.0,5,Bano,0.00,20.00,20.00,20.00,0.0000,30.00,2.400,2.400,2.400,0.000,0.20900,0,0,1,0.0003,100.0,0,-1.0,400.00,0.0000,0.00,0.00,0.00,0.0000,0.00,0.00,0.00,1.0000
71.0,0,Salon,176.87,40.52,27.44,27.44,0.0616,0.27,2.357,1.170,2.400,0.772,0.20425,22,46,3444,0.0006,100.0,0,-1.0,5994.36,0.0000,238.38,176.87,0.00,0.0000,238.38,0.00,0.00,1.0000
71.0,1,Pasillo,0.00,20.05,20.05,20.05,0.0012,7.11,2.399,2.400,2.400,0.000,0.20886,2,0,339,0.0004,100.0,0,-1.0,800.00,0.0000,0.00,0.00,0.00,0.0000,0.00,0.00,0.00,1.0000
71.0,2,Dormitorio1,0.00,20.00,20.00,20.00,0.0000,30.00,2.400,2.400,2.400,0.000,0.20900,0,0,1,0.0003,100.0,0,-1.0,3500.00,0.0000,0.00,0.00,0.00,0.0000,0.00,0.00,0.00,1.0000
71.0,3,Dormitorio2,0.00,20.00,20.00,20.00,0.0000,30.00,2.400,2.400,2.400,0.000,0.20900,0,0,2,0.0003,100.0,0,-1.0,2500.00,0.0000,0.00,0.00,0.00,0.0000,0.00,0.00,0.00,1.0000
71.0,4,Cocina,0.00,20.00,20.00,20.00,0.0000,30.00,2.400,2.400,2.400,0.000,0.20900,0,0,1,0.0003,100.0,0,-1.0,3500.00,0.0000,0.00,0.00,0.00,0.0000,0.00,0.00,0.00,1.0000
71.0,5,Bano,0.00,20.00,20.00,20.00,0.0000,30.00,2.400,2.400,2.400,0.000,0.20900,0,0,2,0.0003,100.0,0,-1.0,400.00,0.0000,0.00,0.00,0.00,0.0000,0.00,0.00,0.00,1.0000
72.0,0,Salon,182.64,41.31,27.87,27.87,0.0641,0.26,2.354,1.162,2.400,0.808,0.20403,23,48,3597,0.0006,100.0,0,-1.0,5994.12,0.0000,245.20,182.64,0.00,0.0000,245.20,0.00,0.00,1.0000
72.0,1,Pasillo,0.00,20.05,20.05,20.05,0.0013,6.45,2.399,2.400,2.400,0.000,0.20885,2,0,372,0.0004,100.0,0,-1.0,800.00,0.0000,0.00,0.00,0.00,0.0000,0.00,0.00,0.00,1.0000
72.0,2,Dormitorio1,0.00,20.00,20.00,20.00,0.0000,30.00,2.400,2.400,2.400,0.000,0.20900,0,0,1,0.0003,100.0,0,-1.0,3500.00,0.0000,0.00,0.00,0.00,0.0000,0.00,0.00,0.00,1.0000
72.0,3,Dormitorio2,0.00,20.00,20.00,20.00,0.0000,30.00,2.400,2.400,2.400,0.000,0.20900,0,0,2,0.0003,100.0,0,-1.0,2500.00,0.0000,0.00,0.00,0.00,0.0000,0.00,0.00,0.00,1.0000
72.0,4,Cocina,0.00,20.00,20.00,20.00,0.0000,30.00,2.400,2.400,2.400,0.000,0.20900,0,0,1,0.0003,100.0,0,-1.0,3500.00,0.0000,0.00,0.00,0.00,0.0000,0.00,0.00,0.00,1.0000
72.0,5,Bano,0.00,20.00,20.00,20.00,0.0000,30.00,2.400,2.400,2.400,0.000,0.20900,0,0,2,0.0003,100.0,0,-1.0,400.00,0.0000,0.00,0.00,0.00,0.0000,0.00,0.00,0.00,1.0000
73.0,0,Salon,188.51,42.14,28.32,28.32,0.0666,0.25,2.349,1.155,2.400,0.845,0.20380,24,49,3754,0.0006,100.0,0,-1.0,5993.87,0.0000,252.12,188.51,0.00,0.0000,252.12,0.00,0.00,1.0000
73.0,1,Pasillo,0.00,20.06,20.06,20.06,0.0015,5.87,2.399,2.400,2.400,0.000,0.20884,3,0,407,0.0004,100.0,0,-1.0,800.00,0.0000,0.00,0.00,0.00,0.0000,0.00,0.00,0.00,1.0000
73.0,2,Dormitorio1,0.00,20.00,20.00,20.00,0.0000,30.00,2.400,2.400,2.400,0.000,0.20900,0,0,2,0.0004,100.0,0,-1.0,3500.00,0.0000,0.00,0.00,0.00,0.0000,0.00,0.00,0.00,1.0000
73.0,3,Dormitorio2,0.00,20.00,20.00,20.00,0.0000,30.00,2.400,2.400,2.400,0.000,0.20900,0,0,2,0.0004,100.0,0,-1.0,2500.00,0.0000,0.00,0.00,0.00,0.0000,0.00,0.00,0.00,1.0000
73.0,4,Cocina,0.00,20.00,20.00,20.00,0.0000,30.00,2.400,2.400,2.400,0.000,0.20900,0,0,1,0.0004,100.0,0,-1.0,3500.00,0.0000,0.00,0.00,0.00,0.0000,0.00,0.00,0.00,1.0000
73.0,5,Bano,0.00,20.00,20.00,20.00,0.0000,30.00,2.400,2.400,2.400,0.000,0.20900,0,0,2,0.0004,100.0,0,-1.0,400.00,0.0000,0.00,0.00,0.00,0.0000,0.00,0.00,0.00,1.0000
74.0,0,Salon,194.47,43.00,28.79,28.79,0.0691,0.24,2.345,1.149,2.400,0.883,0.20357,25,51,3915,0.0007,100.0,0,-1.0,5993.62,0.0000,259.14,194.47,0.00,0.0000,259.14,0.00,0.00,1.0000
74.0,1,Pasillo,0.00,20.06,20.06,20.06,0.0016,5.35,2.399,2.400,2.400,0.000,0.20882,3,0,446,0.0004,100.0,0,-1.0,800.00,0.0000,0.00,0.00,0.00,0.0000,0.00,0.00,0.00,1.0000
74.0,2,Dormitorio1,0.00,20.00,20.00,20.00,0.0000,30.00,2.400,2.400,2.400,0.000,0.20900,0,0,2,0.0004,100.0,0,-1.0,3500.00,0.0000,0.00,0.00,0.00,0.0000,0.00,0.00,0.00,1.0000
74.0,3,Dormitorio2,0.00,20.00,20.00,20.00,0.0000,30.00,2.400,2.400,2.400,0.000,0.20900,0,0,3,0.0004,100.0,0,-1.0,2500.00,0.0000,0.00,0.00,0.00,0.0000,0.00,0.00,0.00,1.0000
74.0,4,Cocina,0.00,20.00,20.00,20.00,0.0000,30.00,2.400,2.400,2.400,0.000,0.20900,0,0,1,0.0004,100.0,0,-1.0,3500.00,0.0000,0.00,0.00,0.00,0.0000,0.00,0.00,0.00,1.0000
74.0,5,Bano,0.00,20.00,20.00,20.00,0.0000,30.00,2.400,2.400,2.400,0.000,0.20900,0,0,2,0.0004,100.0,0,-1.0,400.00,0.0000,0.00,0.00,0.00,0.0000,0.00,0.00,0.00,1.0000
75.0,0,Salon,200.54,43.89,29.27,29.27,0.0718,0.23,2.340,1.143,2.400,0.922,0.20333,26,53,4081,0.0007,100.0,0,-1.0,5993.35,0.0000,266.26,200.54,0.00,0.0000,266.26,0.00,0.00,1.0000
75.0,1,Pasillo,0.00,20.07,20.07,20.07,0.0018,4.89,2.399,2.400,2.400,0.000,0.20880,3,0,487,0.0004,100.0,0,-1.0,800.00,0.0000,0.00,0.00,0.00,0.0000,0.00,0.00,0.00,1.0000
75.0,2,Dormitorio1,0.00,20.00,20.00,20.00,0.0000,30.00,2.400,2.400,2.400,0.000,0.20900,0,0,2,0.0004,100.0,0,-1.0,3500.00,0.0000,0.00,0.00,0.00,0.0000,0.00,0.00,0.00,1.0000
75.0,3,Dormitorio2,0.00,20.00,20.00,20.00,0.0000,30.00,2.400,2.400,2.400,0.000,0.20900,0,0,3,0.0004,100.0,0,-1.0,2500.00,0.0000,0.00,0.00,0.00,0.0000,0.00,0.00,0.00,1.0000
75.0,4,Cocina,0.00,20.00,20.00,20.00,0.0000,30.00,2.400,2.400,2.400,0.000,0.20900,0,0,1,0.0004,100.0,0,-1.0,3500.00,0.0000,0.00,0.00,0.00,0.0000,0.00,0.00,0.00,1.0000
75.0,5,Bano,0.00,20.00,20.00,20.00,0.0000,30.00,2.400,2.400,2.400,0.000,0.20900,0,0,3,0.0004,100.0,0,-1.0,400.00,0.0000,0.00,0.00,0.00,0.0000,0.00,0.00,0.00,1.0000
76.0,0,Salon,206.70,44.82,29.77,29.77,0.0745,0.22,2.335,1.138,2.400,0.962,0.20309,27,55,4250,0.0007,100.0,0,-1.0,5993.08,0.0000,273.49,206.70,0.00,0.0000,273.49,0.00,0.00,1.0000
76.0,1,Pasillo,0.00,20.07,20.07,20.07,0.0019,4.48,2.399,2.400,2.400,0.000,0.20878,3,0,531,0.0004,100.0,0,-1.0,800.00,0.0000,0.00,0.00,0.00,0.0000,0.00,0.00,0.00,1.0000
76.0,2,Dormitorio1,0.00,20.00,20.00,20.00,0.0000,30.00,2.400,2.400,2.400,0.000,0.20900,0,0,2,0.0004,100.0,0,-1.0,3500.00,0.0000,0.00,0.00,0.00,0.0000,0.00,0.00,0.00,1.0000
76.0,3,Dormitorio2,0.00,20.00,20.00,20.00,0.0000,30.00,2.400,2.400,2.400,0.000,0.20900,0,0,3,0.0004,100.0,0,-1.0,2500.00,0.0000,0.00,0.00,0.00,0.0000,0.00,0.00,0.00,1.0000
76.0,4,Cocina,0.00,20.00,20.00,20.00,0.0000,30.00,2.400,2.400,2.400,0.000,0.20900,0,0,2,0.0004,100.0,0,-1.0,3500.00,0.0000,0.00,0.00,0.00,0.0000,0.00,0.00,0.00,1.0000
76.0,5,Bano,0.00,20.00,20.00,20.00,0.0000,30.00,2.400,2.400,2.400,0.000,0.20900,0,0,3,0.0004,100.0,0,-1.0,400.00,0.0000,0.00,0.00,0.00,0.0000,0.00,0.00,0.00,1.0000
77.1,0,Salon,213.49,45.86,30.33,30.33,0.0775,0.21,2.330,1.134,2.400,1.006,0.20282,28,58,4439,0.0007,100.0,0,-1.0,5992.78,0.0000,281.43,213.49,0.00,0.0000,281.43,0.00,0.00,1.0000
77.1,1,Pasillo,0.00,20.08,20.08,20.08,0.0021,4.08,2.399,2.400,2.400,0.000,0.20875,4,0,582,0.0004,100.0,0,-1.0,800.00,0.0000,0.00,0.00,0.00,0.0000,0.00,0.00,0.00,1.0000
77.1,2,Dormitorio1,0.00,20.00,20.00,20.00,0.0000,30.00,2.400,2.400,2.400,0.000,0.20900,0,0,2,0.0004,100.0,0,-1.0,3500.00,0.0000,0.00,0.00,0.00,0.0000,0.00,0.00,0.00,1.0000
77.1,3,Dormitorio2,0.00,20.00,20.00,20.00,0.0000,30.00,2.400,2.400,2.400,0.000,0.20900,0,0,4,0.0004,100.0,0,-1.0,2500.00,0.0000,0.00,0.00,0.00,0.0000,0.00,0.00,0.00,1.0000
77.1,4,Cocina,0.00,20.00,20.00,20.00,0.0000,30.00,2.400,2.400,2.400,0.000,0.20900,0,0,2,0.0004,100.0,0,-1.0,3500.00,0.0000,0.00,0.00,0.00,0.0000,0.00,0.00,0.00,1.0000
77.1,5,Bano,0.00,20.00,20.00,20.00,0.0000,30.00,2.400,2.400,2.400,0.000,0.20900,0,0,3,0.0004,100.0,0,-1.0,400.00,0.0000,0.00,0.00,0.00,0.0000,0.00,0.00,0.00,1.0000
78.1,0,Salon,219.85,46.86,30.86,30.86,0.0803,0.21,2.326,1.131,2.400,1.047,0.20256,29,60,4617,0.0008,100.0,0,-1.0,5992.50,0.0000,288.86,219.85,0.00,0.0000,288.86,0.00,0.00,1.0000
78.1,1,Pasillo,0.00,20.09,20.09,20.09,0.0023,3.75,2.399,2.400,2.400,0.000,0.20873,4,0,632,0.0004,100.0,0,-1.0,800.00,0.0000,0.00,0.00,0.00,0.0000,0.00,0.00,0.00,1.0000
78.1,2,Dormitorio1,0.00,20.00,20.00,20.00,0.0000,30.00,2.400,2.400,2.400,0.000,0.20900,0,0,3,0.0004,100.0,0,-1.0,3500.00,0.0000,0.00,0.00,0.00,0.0000,0.00,0.00,0.00,1.0000
78.1,3,Dormitorio2,0.00,20.00,20.00,20.00,0.0000,30.00,2.400,2.400,2.400,0.000,0.20899,0,0,4,0.0004,100.0,0,-1.0,2500.00,0.0000,0.00,0.00,0.00,0.0000,0.00,0.00,0.00,1.0000
78.1,4,Cocina,0.00,20.00,20.00,20.00,0.0000,30.00,2.400,2.400,2.400,0.000,0.20900,0,0,2,0.0004,100.0,0,-1.0,3500.00,0.0000,0.00,0.00,0.00,0.0000,0.00,0.00,0.00,1.0000
78.1,5,Bano,0.00,20.00,20.00,20.00,0.0000,30.00,2.400,2.400,2.400,0.000,0.20900,0,0,4,0.0004,100.0,0,-1.0,400.00,0.0000,0.00,0.00,0.00,0.0000,0.00,0.00,0.00,1.0000
79.1,0,Salon,226.32,47.89,31.41,31.41,0.0832,0.20,2.321,1.128,2.400,1.090,0.20230,30,63,4800,0.0008,100.0,0,-1.0,5992.20,0.0000,296.40,226.32,0.00,0.0000,296.40,0.00,0.00,1.0000
79.1,1,Pasillo,0.00,20.09,20.09,20.09,0.0025,3.45,2.399,2.400,2.400,0.000,0.20870,4,0,686,0.0004,100.0,0,-1.0,800.00,0.0000,0.00,0.00,0.00,0.0000,0.00,0.00,0.00,1.0000
79.1,2,Dormitorio1,0.00,20.00,20.00,20.00,0.0000,30.00,2.400,2.400,2.400,0.000,0.20900,0,0,3,0.0004,100.0,0,-1.0,3500.00,0.0000,0.00,0.00,0.00,0.0000,0.00,0.00,0.00,1.0000
79.1,3,Dormitorio2,0.00,20.00,20.00,20.00,0.0000,30.00,2.400,2.400,2.400,0.000,0.20899,0,0,4,0.0004,100.0,0,-1.0,2500.00,0.0000,0.00,0.00,0.00,0.0000,0.00,0.00,0.00,1.0000
79.1,4,Cocina,0.00,20.00,20.00,20.00,0.0000,30.00,2.400,2.400,2.400,0.000,0.20900,0,0,2,0.0004,100.0,0,-1.0,3500.00,0.0000,0.00,0.00,0.00,0.0000,0.00,0.00,0.00,1.0000
79.1,5,Bano,0.00,20.00,20.00,20.00,0.0000,30.00,2.400,2.400,2.400,0.000,0.20899,0,0,4,0.0004,100.0,0,-1.0,400.00,0.0000,0.00,0.00,0.00,0.0000,0.00,0.00,0.00,1.0000
80.1,0,Salon,232.89,48.97,31.98,31.98,0.0862,0.19,2.317,1.126,2.400,1.133,0.20203,31,65,4987,0.0008,100.0,0,-1.0,5991.90,0.0000,304.04,232.89,0.00,0.0000,304.04,0.00,0.00,1.0000
80.1,1,Pasillo,0.00,20.10,20.10,20.10,0.0027,3.18,2.399,2.400,2.400,0.000,0.20867,5,0,743,0.0004,100.0,0,-1.0,800.00,0.0000,0.00,0.00,0.00,0.0000,0.00,0.00,0.00,1.0000
80.1,2,Dormitorio1,0.00,20.00,20.00,20.00,0.0000,30.00,2.400,2.400,2.400,0.000,0.20900,0,0,3,0.0004,100.0,0,-1.0,3500.00,0.0000,0.00,0.00,0.00,0.0000,0.00,0.00,0.00,1.0000
80.1,3,Dormitorio2,0.00,20.00,20.00,20.00,0.0000,30.00,2.400,2.400,2.400,0.000,0.20899,0,0,5,0.0004,100.0,0,-1.0,2500.00,0.0000,0.00,0.00,0.00,0.0000,0.00,0.00,0.00,1.0000
80.1,4,Cocina,0.00,20.00,20.00,20.00,0.0000,30.00,2.400,2.400,2.400,0.000,0.20900,0,0,2,0.0004,100.0,0,-1.0,3500.00,0.0000,0.00,0.00,0.00,0.0000,0.00,0.00,0.00,1.0000
80.1,5,Bano,0.00,20.00,20.00,20.00,0.0000,30.00,2.400,2.400,2.400,0.000,0.20899,0,0,4,0.0004,100.0,0,-1.0,400.00,0.0000,0.00,0.00,0.00,0.0000,0.00,0.00,0.00,1.0000
81.1,0,Salon,239.56,50.08,32.56,32.56,0.0893,0.19,2.311,1.125,2.400,1.178,0.20175,33,68,5179,0.0008,100.0,0,-1.0,5991.60,0.0000,311.78,239.56,0.00,0.0000,311.78,0.00,0.00,1.0000
81.1,1,Pasillo,0.00,20.11,20.11,20.11,0.0030,2.93,2.398,2.400,2.400,0.000,0.20864,5,0,805,0.0004,100.0,0,-1.0,800.00,0.0000,0.00,0.00,0.00,0.0000,0.00,0.00,0.00,1.0000
81.1,2,Dormitorio1,0.00,20.00,20.00,20.00,0.0000,30.00,2.400,2.400,2.400,0.000,0.20900,0,0,4,0.0004,100.0,0,-1.0,3500.00,0.0000,0.00,0.00,0.00,0.0000,0.00,0.00,0.00,1.0000
81.1,3,Dormitorio2,0.00,20.00,20.00,20.00,0.0000,30.00,2.400,2.400,2.400,0.000,0.20899,0,0,5,0.0004,100.0,0,-1.0,2500.00,0.0000,0.00,0.00,0.00,0.0000,0.00,0.00,0.00,1.0000
81.1,4,Cocina,0.00,20.00,20.00,20.00,0.0000,30.00,2.400,2.400,2.400,0.000,0.20900,0,0,3,0.0004,100.0,0,-1.0,3500.00,0.0000,0.00,0.00,0.00,0.0000,0.00,0.00,0.00,1.0000
81.1,5,Bano,0.00,20.00,20.00,20.00,0.0000,30.00,2.400,2.400,2.400,0.000,0.20899,0,0,5,0.0004,100.0,0,-1.0,400.00,0.0000,0.00,0.00,0.00,0.0000,0.00,0.00,0.00,1.0000
82.1,0,Salon,246.33,51.23,33.16,33.16,0.0924,0.18,2.306,1.124,2.400,1.223,0.20147,34,70,5374,0.0009,100.0,0,-1.0,5991.28,0.0000,319.63,246.33,0.00,0.0000,319.63,0.00,0.00,1.0000
82.1,1,Pasillo,0.00,20.12,20.12,20.12,0.0032,2.71,2.398,2.400,2.400,0.000,0.20861,6,0,870,0.0004,100.0,0,-1.0,800.00,0.0000,0.00,0.00,0.00,0.0000,0.00,0.00,0.00,1.0000
82.1,2,Dormitorio1,0.00,20.00,20.00,20.00,0.0000,30.00,2.400,2.400,2.400,0.000,0.20899,0,0,4,0.0004,100.0,0,-1.0,3500.00,0.0000,0.00,0.00,0.00,0.0000,0.00,0.00,0.00,1.0000
82.1,3,Dormitorio2,0.00,20.00,20.00,20.00,0.0000,30.00,2.400,2.400,2.400,0.000,0.20899,0,0,6,0.0004,100.0,0,-1.0,2500.00,0.0000,0.00,0.00,0.00,0.0000,0.00,0.00,0.00,1.0000
82.1,4,Cocina,0.00,20.00,20.00,20.00,0.0000,30.00,2.400,2.400,2.400,0.000,0.20900,0,0,3,0.0004,100.0,0,-1.0,3500.00,0.0000,0.00,0.00,0.00,0.0000,0.00,0.00,0.00,1.0000
82.1,5,Bano,0.00,20.00,20.00,20.00,0.0000,30.00,2.400,2.400,2.400,0.000,0.20899,0,0,5,0.0004,100.0,0,-1.0,400.00,0.0000,0.00,0.00,0.00,0.0000,0.00,0.00,0.00,1.0000
83.1,0,Salon,253.19,52.43,33.77,33.77,0.0955,0.17,2.300,1.123,2.400,1.269,0.20118,35,73,5574,0.0009,100.0,0,-1.0,5990.96,0.0000,327.58,253.19,0.00,0.0000,327.58,0.00,0.00,1.0000
83.1,1,Pasillo,0.00,20.13,20.13,20.13,0.0035,2.51,2.398,2.400,2.400,0.000,0.20857,6,0,939,0.0004,100.0,0,-1.0,800.00,0.0000,0.00,0.00,0.00,0.0000,0.00,0.00,0.00,1.0000
83.1,2,Dormitorio1,0.00,20.00,20.00,20.00,0.0000,30.00,2.400,2.400,2.400,0.000,0.20899,0,0,4,0.0004,100.0,0,-1.0,3500.00,0.0000,0.00,0.00,0.00,0.0000,0.00,0.00,0.00,1.0000
83.1,3,Dormitorio2,0.00,20.00,20.00,20.00,0.0000,30.00,2.400,2.400,2.400,0.000,0.20899,0,0,6,0.0004,100.0,0,-1.0,2500.00,0.0000,0.00,0.00,0.00,0.0000,0.00,0.00,0.00,1.0000
83.1,4,Cocina,0.00,20.00,20.00,20.00,0.0000,30.00,2.400,2.400,2.400,0.000,0.20900,0,0,3,0.0004,100.0,0,-1.0,3500.00,0.0000,0.00,0.00,0.00,0.0000,0.00,0.00,0.00,1.0000
83.1,5,Bano,0.00,20.00,20.00,20.00,0.0000,30.00,2.400,2.400,2.400,0.000,0.20899,0,0,6,0.0004,100.0,0,-1.0,400.00,0.0000,0.00,0.00,0.00,0.0000,0.00,0.00,0.00,1.0000
84.1,0,Salon,260.16,53.67,34.40,34.40,0.0988,0.17,2.294,1.124,2.400,1.316,0.20088,36,76,5778,0.0009,100.0,0,-1.0,5990.62,0.0000,335.64,260.16,0.00,0.0000,335.64,0.00,0.00,1.0000
84.1,1,Pasillo,0.00,20.14,20.14,20.14,0.0037,2.33,2.398,2.400,2.400,0.000,0.20853,6,0,1012,0.0005,100.0,0,-1.0,800.00,0.0000,0.00,0.00,0.00,0.0000,0.00,0.00,0.00,1.0000
84.1,2,Dormitorio1,0.00,20.00,20.00,20.00,0.0000,30.00,2.400,2.400,2.400,0.000,0.20899,0,0,5,0.0004,100.0,0,-1.0,3500.00,0.0000,0.00,0.00,0.00,0.0000,0.00,0.00,0.00,1.0000
84.1,3,Dormitorio2,0.00,20.00,20.00,20.00,0.0000,30.00,2.400,2.400,2.400,0.000,0.20899,0,0,7,0.0004,100.0,0,-1.0,2500.00,0.0000,0.00,0.00,0.00,0.0000,0.00,0.00,0.00,1.0000
84.1,4,Cocina,0.00,20.00,20.00,20.00,0.0000,30.00,2.400,2.400,2.400,0.000,0.20900,0,0,3,0.0004,100.0,0,-1.0,3500.00,0.0000,0.00,0.00,0.00,0.0000,0.00,0.00,0.00,1.0000
84.1,5,Bano,0.00,20.00,20.00,20.00,0.0000,30.00,2.400,2.400,2.400,0.000,0.20899,0,0,6,0.0004,100.0,0,-1.0,400.00,0.0000,0.00,0.00,0.00,0.0000,0.00,0.00,0.00,1.0000
85.1,0,Salon,267.23,54.96,35.05,35.05,0.1021,0.16,2.288,1.124,2.400,1.363,0.20058,38,79,5987,0.0010,100.0,0,-1.0,5990.28,0.0000,343.80,267.23,0.00,0.0000,343.80,0.00,0.00,1.0000
85.1,1,Pasillo,0.00,22.02,20.15,20.15,0.0039,2.25,2.398,2.400,2.400,0.000,0.20849,7,12,963,0.0005,100.0,0,-1.0,800.00,0.0000,0.00,0.00,0.00,0.0000,0.00,0.00,0.00,1.0000
85.1,2,Dormitorio1,0.00,20.00,20.00,20.00,0.0000,30.00,2.400,2.400,2.400,0.000,0.20899,0,0,5,0.0004,100.0,0,-1.0,3500.00,0.0000,0.00,0.00,0.00,0.0000,0.00,0.00,0.00,1.0000
85.1,3,Dormitorio2,0.00,20.00,20.00,20.00,0.0000,30.00,2.400,2.400,2.400,0.000,0.20899,0,0,8,0.0004,100.0,0,-1.0,2500.00,0.0000,0.00,0.00,0.00,0.0000,0.00,0.00,0.00,1.0000
85.1,4,Cocina,0.00,20.00,20.00,20.00,0.0002,30.00,2.400,2.400,2.400,0.000,0.20900,0,0,92,0.0004,100.0,0,-1.0,3500.00,0.0000,0.00,0.00,0.00,0.0000,0.00,0.00,0.00,1.0000
85.1,5,Bano,0.00,20.00,20.00,20.00,0.0000,30.00,2.400,2.400,2.400,0.000,0.20899,0,0,7,0.0004,100.0,0,-1.0,400.00,0.0000,0.00,0.00,0.00,0.0000,0.00,0.00,0.00,1.0000
86.1,0,Salon,274.40,56.29,35.71,35.71,0.1055,0.16,2.282,1.124,2.400,1.412,0.20027,39,82,6199,0.0010,100.0,0,-1.0,5989.94,0.0000,352.07,274.40,0.00,0.0000,352.07,0.00,0.00,1.0000
86.1,1,Pasillo,0.00,22.19,20.16,20.16,0.0040,2.19,2.398,2.400,2.400,0.000,0.20844,7,13,905,0.0005,100.0,0,-1.0,800.00,0.0000,0.00,0.00,0.00,0.0000,0.00,0.00,0.00,1.0000
86.1,2,Dormitorio1,0.00,20.00,20.00,20.00,0.0000,30.00,2.400,2.400,2.400,0.000,0.20899,0,0,6,0.0004,100.0,0,-1.0,3500.00,0.0000,0.00,0.00,0.00,0.0000,0.00,0.00,0.00,1.0000
86.1,3,Dormitorio2,0.00,20.00,20.00,20.00,0.0000,30.00,2.400,2.400,2.400,0.000,0.20899,0,0,8,0.0004,100.0,0,-1.0,2500.00,0.0000,0.00,0.00,0.00,0.0000,0.00,0.00,0.00,1.0000
86.1,4,Cocina,0.00,20.00,20.00,20.00,0.0004,30.00,2.400,2.400,2.400,0.000,0.20899,0,0,192,0.0004,100.0,0,-1.0,3500.00,0.0000,0.00,0.00,0.00,0.0000,0.00,0.00,0.00,1.0000
86.1,5,Bano,0.00,20.00,20.00,20.00,0.0000,30.00,2.400,2.400,2.400,0.000,0.20899,0,0,7,0.0004,100.0,0,-1.0,400.00,0.0000,0.00,0.00,0.00,0.0000,0.00,0.00,0.00,1.0000
87.1,0,Salon,281.68,57.68,36.39,36.39,0.1089,0.15,2.275,1.124,2.400,1.462,0.19995,40,86,6415,0.0010,100.0,0,-1.0,5989.58,0.0000,360.44,281.68,0.00,0.0000,360.44,0.00,0.00,1.0000
87.1,1,Pasillo,0.00,22.37,20.17,20.17,0.0041,2.12,2.398,2.400,2.400,0.000,0.20839,8,13,861,0.0005,100.0,0,-1.0,800.00,0.0000,0.00,0.00,0.00,0.0000,0.00,0.00,0.00,1.0000
87.1,2,Dormitorio1,0.00,20.00,20.00,20.00,0.0000,30.00,2.400,2.400,2.400,0.000,0.20899,0,0,6,0.0004,100.0,0,-1.0,3500.00,0.0000,0.00,0.00,0.00,0.0000,0.00,0.00,0.00,1.0000
87.1,3,Dormitorio2,0.00,20.00,20.00,20.00,0.0000,30.00,2.400,2.400,2.400,0.000,0.20899,0,0,9,0.0004,100.0,0,-1.0,2500.00,0.0000,0.00,0.00,0.00,0.0000,0.00,0.00,0.00,1.0000
87.1,4,Cocina,0.00,20.00,20.00,20.00,0.0006,22.00,2.400,2.400,2.400,0.000,0.20899,0,0,285,0.0004,100.0,0,-1.0,3500.00,0.0000,0.00,0.00,0.00,0.0000,0.00,0.00,0.00,1.0000
87.1,5,Bano,0.00,20.00,20.00,20.00,0.0000,30.00,2.400,2.400,2.400,0.000,0.20899,0,0,8,0.0004,100.0,0,-1.0,400.00,0.0000,0.00,0.00,0.00,0.0000,0.00,0.00,0.00,1.0000
88.1,0,Salon,289.06,59.74,37.10,37.10,0.1108,0.15,2.271,1.125,2.400,1.515,0.19963,41,90,6539,0.0011,100.0,0,-1.0,5989.21,0.0000,368.98,289.06,0.00,0.0000,368.98,0.00,0.00,1.0000
88.1,1,Pasillo,0.00,22.05,20.19,20.19,0.0041,2.14,2.398,2.400,2.400,0.000,0.20833,9,14,731,0.0005,100.0,0,-1.0,800.00,0.0000,0.00,0.00,0.00,0.0000,0.00,0.00,0.00,1.0000
88.1,2,Dormitorio1,0.00,20.00,20.00,20.00,0.0002,30.00,2.400,2.400,2.400,0.000,0.20899,0,0,111,0.0004,100.0,0,-1.0,3500.00,0.0000,0.00,0.00,0.00,0.0000,0.00,0.00,0.00,1.0000
88.1,3,Dormitorio2,0.00,20.00,20.00,20.00,0.0000,30.00,2.400,2.400,2.400,0.000,0.20899,0,0,9,0.0004,100.0,0,-1.0,2500.00,0.0000,0.00,0.00,0.00,0.0000,0.00,0.00,0.00,1.0000
88.1,4,Cocina,0.00,20.00,20.00,20.00,0.0008,16.16,2.400,2.400,2.400,0.000,0.20899,0,0,369,0.0004,100.0,0,-1.0,3500.00,0.0000,0.00,0.00,0.00,0.0000,0.00,0.00,0.00,1.0000
88.1,5,Bano,0.00,20.00,20.00,20.00,0.0000,30.00,2.400,2.400,2.400,0.000,0.20899,0,0,8,0.0004,100.0,0,-1.0,400.00,0.0000,0.00,0.00,0.00,0.0000,0.00,0.00,0.00,1.0000
89.1,0,Salon,296.55,62.72,37.83,37.83,0.1109,0.15,2.270,1.129,2.400,1.576,0.19930,41,94,6551,0.0011,100.0,0,-1.0,5988.84,0.0000,377.74,296.55,0.00,0.0000,377.74,0.00,0.00,1.0000
89.1,1,Pasillo,0.00,22.16,20.20,20.20,0.0040,2.15,2.398,2.400,2.400,0.000,0.20828,9,15,636,0.0005,100.0,0,-1.0,800.00,0.0000,0.00,0.00,0.00,0.0000,0.00,0.00,0.00,1.0000
89.1,2,Dormitorio1,0.00,20.00,20.00,20.00,0.0004,23.28,2.400,2.400,2.400,0.000,0.20899,0,0,208,0.0004,100.0,0,-1.0,3500.00,0.0000,0.00,0.00,0.00,0.0000,0.00,0.00,0.00,1.0000
89.1,3,Dormitorio2,0.00,20.00,20.00,20.00,0.0000,30.00,2.400,2.400,2.400,0.000,0.20898,0,0,10,0.0004,100.0,0,-1.0,2500.00,0.0000,0.00,0.00,0.00,0.0000,0.00,0.00,0.00,1.0000
89.1,4,Cocina,0.00,20.00,20.00,20.00,0.0010,12.82,2.400,2.400,2.400,0.000,0.20899,0,0,440,0.0004,100.0,0,-1.0,3500.00,0.0000,0.00,0.00,0.00,0.0000,0.00,0.00,0.00,1.0000
89.1,5,Bano,0.00,20.00,20.00,20.00,0.0000,30.00,2.400,2.400,2.400,0.000,0.20899,0,0,9,0.0004,100.0,0,-1.0,400.00,0.0000,0.00,0.00,0.00,0.0000,0.00,0.00,0.00,1.0000
90.1,0,Salon,304.16,65.99,38.59,38.59,0.1108,0.15,2.270,1.136,2.400,1.646,0.19897,41,99,6558,0.0011,100.0,0,-1.0,5988.46,0.0000,386.63,304.16,0.00,0.0000,386.63,0.00,0.00,1.0000
90.1,1,Pasillo,0.00,22.27,20.22,20.22,0.0040,2.15,2.398,2.400,2.400,0.000,0.20822,10,16,573,0.0005,100.0,0,-1.0,800.00,0.0000,0.00,0.00,0.00,0.0000,0.00,0.00,0.00,1.0000
90.1,2,Dormitorio1,0.00,20.00,20.00,20.00,0.0006,15.46,2.400,2.400,2.400,0.000,0.20899,0,0,292,0.0004,100.0,0,-1.0,3500.00,0.0000,0.00,0.00,0.00,0.0000,0.00,0.00,0.00,1.0000
90.1,3,Dormitorio2,0.00,20.00,20.00,20.00,0.0000,30.00,2.400,2.400,2.400,0.000,0.20898,0,0,10,0.0004,100.0,0,-1.0,2500.00,0.0000,0.00,0.00,0.00,0.0000,0.00,0.00,0.00,1.0000
90.1,4,Cocina,0.00,20.00,20.00,20.00,0.0012,10.64,2.400,2.400,2.400,0.000,0.20899,0,0,502,0.0004,100.0,0,-1.0,3500.00,0.0000,0.00,0.00,0.00,0.0000,0.00,0.00,0.00,1.0000
90.1,5,Bano,0.00,20.00,20.00,20.00,0.0000,30.00,2.400,2.400,2.400,0.000,0.20899,0,0,9,0.0004,100.0,0,-1.0,400.00,0.0000,0.00,0.00,0.00,0.0000,0.00,0.00,0.00,1.0000
91.1,0,Salon,311.89,69.54,39.39,39.39,0.1108,0.15,2.270,1.146,2.400,1.725,0.19862,41,105,6564,0.0012,100.0,0,-1.0,5988.07,0.0000,395.68,311.89,0.00,0.0000,395.68,0.00,0.00,1.0000
91.1,1,Pasillo,0.00,22.39,20.24,20.24,0.0041,2.13,2.398,2.400,2.400,0.000,0.20815,10,17,533,0.0005,100.0,0,-1.0,800.00,0.0000,0.00,0.00,0.00,0.0000,0.00,0.00,0.00,1.0000
91.1,2,Dormitorio1,0.00,20.00,20.00,20.00,0.0007,11.59,2.400,2.400,2.400,0.000,0.20899,0,0,368,0.0004,100.0,0,-1.0,3500.00,0.0000,0.00,0.00,0.00,0.0000,0.00,0.00,0.00,1.0000
91.1,3,Dormitorio2,0.00,20.00,20.00,20.00,0.0000,30.00,2.400,2.400,2.400,0.000,0.20898,0,0,10,0.0004,100.0,0,-1.0,2500.00,0.0000,0.00,0.00,0.00,0.0000,0.00,0.00,0.00,1.0000
91.1,4,Cocina,0.00,20.00,20.00,20.00,0.0014,9.09,2.400,2.400,2.400,0.000,0.20899,0,0,559,0.0004,100.0,0,-1.0,3500.00,0.0000,0.00,0.00,0.00,0.0000,0.00,0.00,0.00,1.0000
91.1,5,Bano,0.00,20.00,20.00,20.00,0.0000,30.00,2.400,2.400,2.400,0.000,0.20898,0,0,9,0.0004,100.0,0,-1.0,400.00,0.0000,0.00,0.00,0.00,0.0000,0.00,0.00,0.00,1.0000
92.1,0,Salon,319.75,73.42,40.21,40.21,0.1108,0.15,2.270,1.159,2.400,1.810,0.19827,41,110,6569,0.0012,100.0,0,-1.0,5987.67,0.0000,404.88,319.75,0.00,0.0000,404.88,0.00,0.00,1.0000
92.1,1,Pasillo,0.00,22.50,20.26,20.26,0.0041,2.11,2.398,2.400,2.400,0.000,0.20809,11,18,511,0.0005,100.0,0,-1.0,800.00,0.0000,0.00,0.00,0.00,0.0000,0.00,0.00,0.00,1.0000
92.1,2,Dormitorio1,0.00,20.00,20.00,20.00,0.0009,9.26,2.400,2.400,2.400,0.000,0.20899,0,0,440,0.0004,100.0,0,-1.0,3500.00,0.0000,0.00,0.00,0.00,0.0000,0.00,0.00,0.00,1.0000
92.1,3,Dormitorio2,0.00,20.00,20.00,20.00,0.0000,30.00,2.400,2.400,2.400,0.000,0.20898,0,0,11,0.0004,100.0,0,-1.0,2500.00,0.0000,0.00,0.00,0.00,0.0000,0.00,0.00,0.00,1.0000
92.1,4,Cocina,0.00,20.00,20.00,20.00,0.0016,7.93,2.399,2.400,2.400,0.000,0.20899,0,0,613,0.0004,100.0,0,-1.0,3500.00,0.0000,0.00,0.00,0.00,0.0000,0.00,0.00,0.00,1.0000
92.1,5,Bano,0.00,20.00,20.00,20.00,0.0000,30.00,2.400,2.400,2.400,0.000,0.20898,0,0,9,0.0004,100.0,0,-1.0,400.00,0.0000,0.00,0.00,0.00,0.0000,0.00,0.00,0.00,1.0000
93.1,0,Salon,327.73,77.65,41.05,41.05,0.1108,0.15,2.270,1.174,2.400,1.902,0.19791,41,117,6572,0.0012,100.0,0,-1.0,5987.26,0.0000,414.23,327.73,0.00,0.0000,414.23,0.00,0.00,1.0000
93.1,1,Pasillo,0.00,22.60,20.29,20.29,0.0042,2.07,2.398,2.400,2.400,0.000,0.20802,12,19,500,0.0005,100.0,0,-1.0,800.00,0.0000,0.00,0.00,0.00,0.0000,0.00,0.00,0.00,1.0000
93.1,2,Dormitorio1,0.00,20.00,20.00,20.00,0.0011,7.69,2.399,2.400,2.400,0.000,0.20899,0,0,510,0.0005,100.0,0,-1.0,3500.00,0.0000,0.00,0.00,0.00,0.0000,0.00,0.00,0.00,1.0000
93.1,3,Dormitorio2,0.00,20.00,20.00,20.00,0.0000,30.00,2.400,2.400,2.400,0.000,0.20898,0,0,11,0.0005,100.0,0,-1.0,2500.00,0.0000,0.00,0.00,0.00,0.0000,0.00,0.00,0.00,1.0000
93.1,4,Cocina,0.00,20.00,20.00,20.00,0.0018,7.01,2.399,2.400,2.400,0.000,0.20899,0,0,666,0.0005,100.0,0,-1.0,3500.00,0.0000,0.00,0.00,0.00,0.0000,0.00,0.00,0.00,1.0000
93.1,5,Bano,0.00,20.00,20.00,20.00,0.0000,30.00,2.400,2.400,2.400,0.000,0.20898,0,0,10,0.0005,100.0,0,-1.0,400.00,0.0000,0.00,0.00,0.00,0.0000,0.00,0.00,0.00,1.0000
94.1,0,Salon,335.84,82.29,41.92,41.92,0.1107,0.15,2.270,1.191,2.400,1.999,0.19754,41,124,6574,0.0013,100.0,0,-1.0,5986.84,0.0000,423.75,335.84,0.00,0.0000,423.75,0.00,0.00,1.0000
94.1,1,Pasillo,0.00,20.31,20.31,20.31,0.0041,2.12,2.398,2.400,2.400,0.000,0.20795,13,0,443,0.0006,100.0,0,-1.0,800.00,0.0000,0.00,0.00,0.00,0.0000,0.00,0.00,0.00,1.0000
94.1,2,Dormitorio1,0.00,20.00,20.00,20.00,0.0013,6.58,2.399,2.400,2.400,0.000,0.20898,0,0,575,0.0005,100.0,0,-1.0,3500.00,0.0000,0.00,0.00,0.00,0.0000,0.00,0.00,0.00,1.0000
94.1,3,Dormitorio2,0.00,20.00,20.00,20.00,0.0002,30.00,2.400,2.400,2.400,0.000,0.20898,0,0,107,0.0005,100.0,0,-1.0,2500.00,0.0000,0.00,0.00,0.00,0.0000,0.00,0.00,0.00,1.0000
94.1,4,Cocina,0.00,20.00,20.00,20.00,0.0020,6.27,2.399,2.400,2.400,0.000,0.20899,0,0,716,0.0005,100.0,0,-1.0,3500.00,0.0000,0.00,0.00,0.00,0.0000,0.00,0.00,0.00,1.0000
94.1,5,Bano,0.00,20.00,20.00,20.00,0.0000,30.00,2.400,2.400,2.400,0.000,0.20898,0,0,10,0.0005,100.0,0,-1.0,400.00,0.0000,0.00,0.00,0.00,0.0000,0.00,0.00,0.00,1.0000
95.1,0,Salon,344.07,85.02,42.77,42.77,0.1084,0.15,2.274,1.215,2.400,2.002,0.19717,40,130,6435,0.0013,100.0,0,-1.0,5986.41,0.0000,433.18,344.07,0.00,0.0000,433.18,0.00,0.00,1.0000
95.1,1,Pasillo,0.00,20.34,20.34,20.34,0.0040,2.16,2.398,2.400,2.400,0.000,0.20787,14,0,409,0.0006,100.0,0,-1.0,800.00,0.0000,0.00,0.00,0.00,0.0000,0.00,0.00,0.00,1.0000
95.1,2,Dormitorio1,0.00,20.00,20.00,20.00,0.0015,5.75,2.399,2.400,2.400,0.000,0.20898,0,0,635,0.0005,100.0,0,-1.0,3500.00,0.0000,0.00,0.00,0.00,0.0000,0.00,0.00,0.00,1.0000
95.1,3,Dormitorio2,0.00,20.00,20.00,20.00,0.0004,15.47,2.400,2.400,2.400,0.000,0.20897,0,0,195,0.0005,100.0,0,-1.0,2500.00,0.0000,0.00,0.00,0.00,0.0000,0.00,0.00,0.00,1.0000
95.1,4,Cocina,0.00,20.00,20.00,20.00,0.0022,5.68,2.399,2.400,2.400,0.000,0.20899,0,0,763,0.0005,100.0,0,-1.0,3500.00,0.0000,0.00,0.00,0.00,0.0000,0.00,0.00,0.00,1.0000
95.1,5,Bano,0.00,20.00,20.00,20.00,0.0000,30.00,2.400,2.400,2.400,0.000,0.20898,0,0,10,0.0005,100.0,0,-1.0,400.00,0.0000,0.00,0.00,0.00,0.0000,0.00,0.00,0.00,1.0000
96.1,0,Salon,352.42,87.88,43.56,43.56,0.1064,0.16,2.277,1.242,2.400,2.009,0.19678,39,137,6323,0.0013,100.0,0,-1.0,5985.97,0.0000,442.71,352.42,0.00,0.0000,442.71,0.00,0.00,1.0000
96.1,1,Pasillo,0.00,20.37,20.37,20.37,0.0039,2.20,2.398,2.400,2.400,0.000,0.20780,15,0,387,0.0006,100.0,0,-1.0,800.00,0.0000,0.00,0.00,0.00,0.0000,0.00,0.00,0.00,1.0000
96.1,2,Dormitorio1,0.00,20.00,20.00,20.00,0.0017,5.11,2.399,2.400,2.400,0.000,0.20898,0,0,693,0.0005,100.0,0,-1.0,3500.00,0.0000,0.00,0.00,0.00,0.0000,0.00,0.00,0.00,1.0000
96.1,3,Dormitorio2,0.00,20.00,20.00,20.00,0.0006,10.30,2.400,2.400,2.400,0.000,0.20897,0,0,279,0.0005,100.0,0,-1.0,2500.00,0.0000,0.00,0.00,0.00,0.0000,0.00,0.00,0.00,1.0000
96.1,4,Cocina,0.00,20.00,20.00,20.00,0.0024,5.18,2.399,2.400,2.400,0.000,0.20899,0,0,807,0.0005,100.0,0,-1.0,3500.00,0.0000,0.00,0.00,0.00,0.0000,0.00,0.00,0.00,1.0000
96.1,5,Bano,0.00,20.00,20.00,20.00,0.0000,30.00,2.400,2.400,2.400,0.000,0.20898,0,0,10,0.0005,100.0,0,-1.0,400.00,0.0000,0.00,0.00,0.00,0.0000,0.00,0.00,0.00,1.0000
97.1,0,Salon,360.87,91.13,44.32,44.32,0.1046,0.16,2.280,1.271,2.400,2.019,0.19638,39,145,6219,0.0014,100.0,0,-1.0,5985.52,0.0000,452.40,360.87,0.00,0.0000,452.40,0.00,0.00,1.0000
97.1,1,Pasillo,0.00,20.41,20.41,20.41,0.0039,2.24,2.398,2.400,2.400,0.000,0.20772,16,0,371,0.0006,100.0,0,-1.0,800.00,0.0000,0.00,0.00,0.00,0.0000,0.00,0.00,0.00,1.0000
97.1,2,Dormitorio1,0.00,20.00,20.00,20.00,0.0019,4.59,2.399,2.400,2.400,0.000,0.20898,0,0,749,0.0005,100.0,0,-1.0,3500.00,0.0000,0.00,0.00,0.00,0.0000,0.00,0.00,0.00,1.0000
97.1,3,Dormitorio2,0.00,20.00,20.00,20.00,0.0008,7.69,2.400,2.400,2.400,0.000,0.20897,0,0,362,0.0005,100.0,0,-1.0,2500.00,0.0000,0.00,0.00,0.00,0.0000,0.00,0.00,0.00,1.0000
97.1,4,Cocina,0.00,20.00,20.00,20.00,0.0026,4.77,2.399,2.400,2.400,0.000,0.20899,0,0,850,0.0005,100.0,0,-1.0,3500.00,0.0000,0.00,0.00,0.00,0.0000,0.00,0.00,0.00,1.0000
97.1,5,Bano,0.00,20.00,20.00,20.00,0.0000,30.00,2.400,2.400,2.400,0.000,0.20897,0,0,11,0.0005,100.0,0,-1.0,400.00,0.0000,0.00,0.00,0.00,0.0000,0.00,0.00,0.00,1.0000
98.1,0,Salon,369.44,94.78,45.03,45.03,0.1029,0.16,2.283,1.301,2.400,2.031,0.19598,38,153,6121,0.0014,100.0,0,-1.0,5985.06,0.0000,462.26,369.44,0.00,0.0000,462.26,0.00,0.00,1.0000
98.1,1,Pasillo,0.00,22.22,20.44,20.44,0.0039,2.25,2.398,2.400,2.400,0.000,0.20763,16,21,372,0.0006,100.0,0,-1.0,800.00,0.0000,0.00,0.00,0.00,0.0000,0.00,0.00,0.00,1.0000
98.1,2,Dormitorio1,0.00,20.00,20.00,20.00,0.0021,4.15,2.399,2.400,2.400,0.000,0.20898,0,0,806,0.0005,100.0,0,-1.0,3500.00,0.0000,0.00,0.00,0.00,0.0000,0.00,0.00,0.00,1.0000
98.1,3,Dormitorio2,0.00,20.00,20.00,20.00,0.0009,6.45,2.399,2.400,2.400,0.000,0.20897,0,0,424,0.0005,100.0,0,-1.0,2500.00,0.0000,0.00,0.00,0.00,0.0000,0.00,0.00,0.00,1.0000
98.1,4,Cocina,0.00,20.00,20.00,20.00,0.0028,4.40,2.399,2.400,2.400,0.000,0.20898,0,0,893,0.0005,100.0,0,-1.0,3500.00,0.0000,0.00,0.00,0.00,0.0000,0.00,0.00,0.00,1.0000
98.1,5,Bano,0.00,20.00,20.00,20.00,0.0000,30.00,2.400,2.400,2.400,0.000,0.20897,0,0,11,0.0005,100.0,0,-1.0,400.00,0.0000,0.00,0.00,0.00,0.0000,0.00,0.00,0.00,1.0000
99.1,0,Salon,378.14,98.87,45.71,45.71,0.1013,0.16,2.286,1.333,2.400,2.045,0.19556,37,162,6030,0.0014,100.0,0,-1.0,5984.60,0.0000,472.29,378.14,0.00,0.0000,472.29,0.00,0.00,1.0000
99.1,1,Pasillo,0.00,22.11,20.48,20.48,0.0040,2.19,2.398,2.400,2.400,0.000,0.20755,17,21,406,0.0006,100.0,0,-1.0,800.00,0.0000,0.00,0.00,0.00,0.0000,0.00,0.00,0.00,1.0000
99.1,2,Dormitorio1,0.00,20.00,20.00,20.00,0.0023,3.78,2.399,2.400,2.400,0.000,0.20898,0,0,868,0.0005,100.0,0,-1.0,3500.00,0.0000,0.00,0.00,0.00,0.0000,0.00,0.00,0.00,1.0000
99.1,3,Dormitorio2,0.00,20.00,20.00,20.00,0.0009,6.44,2.399,2.400,2.400,0.000,0.20896,0,0,424,0.0005,100.0,0,-1.0,2500.00,0.0000,0.00,0.00,0.00,0.0000,0.00,0.00,0.00,1.0000
99.1,4,Cocina,0.00,20.00,20.00,20.00,0.0030,4.08,2.399,2.400,2.400,0.000,0.20898,0,0,941,0.0005,100.0,0,-1.0,3500.00,0.0000,0.00,0.00,0.00,0.0000,0.00,0.00,0.00,1.0000
99.1,5,Bano,0.00,20.00,20.00,20.00,0.0000,30.00,2.400,2.400,2.400,0.000,0.20897,0,0,11,0.0005,100.0,0,-1.0,400.00,0.0000,0.00,0.00,0.00,0.0000,0.00,0.00,0.00,1.0000
100.1,0,Salon,386.96,103.42,46.35,46.35,0.0999,0.17,2.288,1.366,2.400,2.060,0.19513,37,172,5946,0.0015,100.0,0,-1.0,5984.12,0.0000,482.51,386.96,0.00,0.0000,482.51,0.00,0.00,1.0000
100.1,1,Pasillo,0.00,20.52,20.52,20.52,0.0040,2.15,2.398,2.400,2.400,0.000,0.20745,18,0,427,0.0007,100.0,0,-1.0,800.00,0.0000,0.00,0.00,0.00,0.0000,0.00,0.00,0.00,1.0000
100.1,2,Dormitorio1,0.00,20.00,20.00,20.00,0.0025,3.45,2.399,2.400,2.400,0.000,0.20897,0,0,938,0.0005,100.0,0,-1.0,3500.00,0.0000,0.00,0.00,0.00,0.0000,0.00,0.00,0.00,1.0000
100.1,3,Dormitorio2,0.00,20.00,20.00,20.00,0.0009,6.43,2.399,2.400,2.400,0.000,0.20896,0,0,424,0.0005,100.0,0,-1.0,2500.00,0.0000,0.00,0.00,0.00,0.0000,0.00,0.00,0.00,1.0000
100.1,4,Cocina,0.00,20.00,20.00,20.00,0.0033,3.78,2.399,2.400,2.400,0.000,0.20898,0,0,994,0.0005,100.0,0,-1.0,3500.00,0.0000,0.00,0.00,0.00,0.0000,0.00,0.00,0.00,1.0000
100.1,5,Bano,0.00,20.00,20.00,20.00,0.0000,30.00,2.400,2.400,2.400,0.000,0.20897,0,0,11,0.0005,100.0,0,-1.0,400.00,0.0000,0.00,0.00,0.00,0.0000,0.00,0.00,0.00,1.0000
101.1,0,Salon,395.91,108.46,46.97,46.97,0.0985,0.17,2.291,1.400,2.400,2.077,0.19469,36,182,5871,0.0015,100.0,0,-1.0,5983.63,0.0000,492.92,395.91,0.00,0.0000,492.92,0.00,0.00,1.0000
101.1,1,Pasillo,0.00,33.75,20.57,20.57,0.0063,1.38,2.397,2.392,2.400,0.000,0.20736,21,82,686,0.0007,100.0,0,-1.0,800.00,0.0000,0.00,0.00,0.00,0.0000,0.00,0.00,0.00,1.0000
101.1,2,Dormitorio1,0.00,20.00,20.00,20.00,0.0027,3.16,2.399,2.400,2.400,0.000,0.20897,0,0,1011,0.0005,100.0,0,-1.0,3500.00,0.0000,0.00,0.00,0.00,0.0000,0.00,0.00,0.00,1.0000
101.1,3,Dormitorio2,0.00,20.00,20.00,20.00,0.0009,6.36,2.399,2.400,2.400,0.000,0.20896,0,0,428,0.0005,100.0,0,-1.0,2500.00,0.0000,0.00,0.00,0.00,0.0000,0.00,0.00,0.00,1.0000
101.1,4,Cocina,0.00,20.00,20.00,20.00,0.0035,3.52,2.399,2.400,2.400,0.000,0.20898,0,0,1050,0.0005,100.0,0,-1.0,3500.00,0.0000,0.00,0.00,0.00,0.0000,0.00,0.00,0.00,1.0000
101.1,5,Bano,0.00,20.00,20.00,20.00,0.0000,30.00,2.400,2.400,2.400,0.000,0.20896,0,0,15,0.0005,100.0,0,-1.0,400.00,0.0000,0.00,0.00,0.00,0.0000,0.00,0.00,0.00,1.0000
102.1,0,Salon,405.00,114.01,47.57,47.57,0.0973,0.17,2.293,1.433,2.400,2.095,0.19423,36,194,5804,0.0015,100.0,0,-1.0,5983.13,0.0000,503.53,405.00,0.00,0.0000,503.53,0.00,0.00,1.0000
102.1,1,Pasillo,0.00,36.24,20.62,20.62,0.0104,0.84,2.395,2.297,2.400,0.007,0.20726,24,84,1244,0.0007,100.0,0,-1.0,800.00,0.0000,0.00,0.00,0.00,0.0000,0.00,0.00,0.00,1.0000
102.1,2,Dormitorio1,0.00,20.00,20.00,20.00,0.0028,3.14,2.399,2.400,2.400,0.000,0.20897,0,0,1016,0.0005,100.0,0,-1.0,3500.00,0.0000,0.00,0.00,0.00,0.0000,0.00,0.00,0.00,1.0000
102.1,3,Dormitorio2,0.00,20.00,20.00,20.00,0.0009,6.25,2.399,2.400,2.400,0.000,0.20896,0,0,436,0.0005,100.0,0,-1.0,2500.00,0.0000,0.00,0.00,0.00,0.0000,0.00,0.00,0.00,1.0000
102.1,4,Cocina,0.00,20.00,20.00,20.00,0.0035,3.50,2.399,2.400,2.400,0.000,0.20898,0,0,1053,0.0005,100.0,0,-1.0,3500.00,0.0000,0.00,0.00,0.00,0.0000,0.00,0.00,0.00,1.0000
102.1,5,Bano,0.00,20.00,20.00,20.00,0.0000,30.00,2.400,2.400,2.400,0.000,0.20896,0,0,22,0.0005,100.0,0,-1.0,400.00,0.0000,0.00,0.00,0.00,0.0000,0.00,0.00,0.00,1.0000
103.1,0,Salon,414.24,120.11,48.14,48.14,0.0962,0.17,2.295,1.467,2.400,2.114,0.19376,36,207,5747,0.0016,100.0,0,-1.0,5982.62,0.0000,514.35,414.24,0.00,0.0000,514.35,0.00,0.00,1.0000
103.1,1,Pasillo,0.00,36.41,20.71,20.71,0.0146,0.59,2.393,2.193,2.400,0.024,0.20716,28,86,1821,0.0007,100.0,0,-1.0,800.00,0.0000,0.00,0.00,0.00,0.0000,0.00,0.00,0.00,1.0000
103.1,2,Dormitorio1,0.00,20.00,20.00,20.00,0.0028,3.13,2.399,2.400,2.400,0.000,0.20897,0,0,1019,0.0005,100.0,0,-1.0,3500.00,0.0000,0.00,0.00,0.00,0.0000,0.00,0.00,0.00,1.0000
103.1,3,Dormitorio2,0.00,20.00,20.00,20.00,0.0009,6.16,2.399,2.400,2.400,0.000,0.20895,0,0,441,0.0005,100.0,0,-1.0,2500.00,0.0000,0.00,0.00,0.00,0.0000,0.00,0.00,0.00,1.0000
103.1,4,Cocina,0.00,20.00,20.00,20.00,0.0036,3.49,2.399,2.400,2.400,0.000,0.20898,0,0,1055,0.0005,100.0,0,-1.0,3500.00,0.0000,0.00,0.00,0.00,0.0000,0.00,0.00,0.00,1.0000
103.1,5,Bano,0.00,20.00,20.00,20.00,0.0000,30.00,2.400,2.400,2.400,0.000,0.20896,0,0,27,0.0005,100.0,0,-1.0,400.00,0.0000,0.00,0.00,0.00,0.0000,0.00,0.00,0.00,1.0000
104.1,0,Salon,423.63,126.77,48.70,48.70,0.0953,0.17,2.299,1.501,2.400,2.133,0.19328,35,220,5698,0.0016,100.0,0,-1.0,5982.10,0.0000,525.39,423.63,0.00,0.0000,525.39,0.00,0.00,1.0000
104.1,1,Pasillo,0.00,36.44,20.85,20.85,0.0189,0.46,2.390,2.094,2.400,0.050,0.20705,31,88,2406,0.0007,100.0,0,-1.0,800.00,0.0000,0.00,0.00,0.00,0.0000,0.00,0.00,0.00,1.0000
104.1,2,Dormitorio1,0.00,20.00,20.00,20.00,0.0028,3.11,2.399,2.400,2.400,0.000,0.20897,0,0,1022,0.0005,100.0,0,-1.0,3500.00,0.0000,0.00,0.00,0.00,0.0000,0.00,0.00,0.00,1.0000
104.1,3,Dormitorio2,0.00,20.01,20.01,20.01,0.0010,6.07,2.399,2.400,2.400,0.000,0.20895,0,0,446,0.0005,100.0,0,-1.0,2500.00,0.0000,0.00,0.00,0.00,0.0000,0.00,0.00,0.00,1.0000
104.1,4,Cocina,0.00,20.01,20.01,20.01,0.0036,3.48,2.399,2.400,2.400,0.000,0.20898,0,0,1057,0.0005,100.0,0,-1.0,3500.00,0.0000,0.00,0.00,0.00,0.0000,0.00,0.00,0.00,1.0000
104.1,5,Bano,0.00,20.00,20.00,20.00,0.0000,30.00,2.400,2.400,2.400,0.000,0.20895,0,0,32,0.0005,100.0,0,-1.0,400.00,0.0000,0.00,0.00,0.00,0.0000,0.00,0.00,0.00,1.0000
105.1,0,Salon,433.17,134.02,49.24,49.24,0.0945,0.18,2.304,1.534,2.400,2.153,0.19279,35,235,5659,0.0016,100.0,0,-1.0,5981.57,0.0000,536.65,433.17,0.00,0.0000,536.65,0.00,0.00,1.0000
105.1,1,Pasillo,0.00,36.40,21.02,21.02,0.0232,0.37,2.388,1.999,2.400,0.082,0.20694,35,91,3000,0.0008,100.0,0,-1.0,800.00,0.0000,0.00,0.00,0.00,0.0000,0.00,0.00,0.00,1.0000
105.1,2,Dormitorio1,0.00,20.01,20.01,20.01,0.0028,3.10,2.399,2.400,2.400,0.000,0.20896,0,0,1025,0.0005,100.0,0,-1.0,3500.00,0.0000,0.00,0.00,0.00,0.0000,0.00,0.00,0.00,1.0000
105.1,3,Dormitorio2,0.00,20.01,20.01,20.01,0.0010,5.98,2.399,2.400,2.400,0.000,0.20894,0,0,452,0.0005,100.0,0,-1.0,2500.00,0.0000,0.00,0.00,0.00,0.0000,0.00,0.00,0.00,1.0000
105.1,4,Cocina,0.00,20.01,20.01,20.01,0.0036,3.47,2.399,2.400,2.400,0.000,0.20897,0,0,1059,0.0005,100.0,0,-1.0,3500.00,0.0000,0.00,0.00,0.00,0.0000,0.00,0.00,0.00,1.0000
105.1,5,Bano,0.00,20.01,20.01,20.01,0.0001,30.00,2.400,2.400,2.400,0.000,0.20895,0,0,37,0.0005,100.0,0,-1.0,400.00,0.0000,0.00,0.00,0.00,0.0000,0.00,0.00,0.00,1.0000
106.1,0,Salon,442.88,141.85,49.77,49.77,0.0939,0.18,2.307,1.567,2.400,2.173,0.19229,35,250,5632,0.0017,100.0,0,-1.0,5981.03,0.0000,548.15,442.88,0.00,0.0000,548.15,0.00,0.00,1.0000
106.1,1,Pasillo,0.00,36.13,21.28,21.28,0.0276,0.32,2.385,1.900,2.400,0.119,0.20683,39,93,3598,0.0008,100.0,0,-1.0,800.00,0.0000,0.00,0.00,0.00,0.0000,0.00,0.00,0.00,1.0000
106.1,2,Dormitorio1,0.00,20.01,20.01,20.01,0.0028,3.08,2.399,2.400,2.400,0.000,0.20896,0,0,1029,0.0005,100.0,0,-1.0,3500.00,0.0000,0.00,0.00,0.00,0.0000,0.00,0.00,0.00,1.0000
106.1,3,Dormitorio2,0.00,20.01,20.01,20.01,0.0010,5.87,2.399,2.400,2.400,0.000,0.20894,0,0,458,0.0005,100.0,0,-1.0,2500.00,0.0000,0.00,0.00,0.00,0.0000,0.00,0.00,0.00,1.0000
106.1,4,Cocina,0.00,20.01,20.01,20.01,0.0036,3.45,2.399,2.400,2.400,0.000,0.20897,0,0,1062,0.0005,100.0,0,-1.0,3500.00,0.0000,0.00,0.00,0.00,0.0000,0.00,0.00,0.00,1.0000
106.1,5,Bano,0.00,20.01,20.01,20.01,0.0001,30.00,2.400,2.400,2.400,0.000,0.20895,0,0,43,0.0005,100.0,0,-1.0,400.00,0.0000,0.00,0.00,0.00,0.0000,0.00,0.00,0.00,1.0000
107.1,0,Salon,452.76,150.24,50.29,50.29,0.0934,0.18,2.311,1.599,2.400,2.192,0.19176,35,267,5623,0.0017,100.0,0,-1.0,5980.47,0.0000,559.88,452.76,0.00,0.0000,559.88,0.00,0.00,1.0000
107.1,1,Pasillo,0.00,35.84,21.61,21.61,0.0316,0.27,2.379,1.817,2.400,0.158,0.20671,42,96,4146,0.0008,100.0,0,-1.0,800.00,0.0000,0.00,0.00,0.00,0.0000,0.00,0.00,0.00,1.0000
107.1,2,Dormitorio1,0.00,20.01,20.01,20.01,0.0028,3.06,2.399,2.400,2.400,0.000,0.20896,0,0,1034,0.0005,100.0,0,-1.0,3500.00,0.0000,0.00,0.00,0.00,0.0000,0.00,0.00,0.00,1.0000
107.1,3,Dormitorio2,0.00,20.01,20.01,20.01,0.0010,5.75,2.399,2.400,2.400,0.000,0.20894,0,0,466,0.0005,100.0,0,-1.0,2500.00,0.0000,0.00,0.00,0.00,0.0000,0.00,0.00,0.00,1.0000
107.1,4,Cocina,0.00,20.01,20.01,20.01,0.0036,3.43,2.399,2.400,2.400,0.000,0.20897,0,0,1065,0.0005,100.0,0,-1.0,3500.00,0.0000,0.00,0.00,0.00,0.0000,0.00,0.00,0.00,1.0000
107.1,5,Bano,0.00,20.01,20.01,20.01,0.0001,30.00,2.400,2.400,2.400,0.000,0.20894,0,0,49,0.0005,100.0,0,-1.0,400.00,0.0000,0.00,0.00,0.00,0.0000,0.00,0.00,0.00,1.0000
108.1,0,Salon,462.81,159.16,50.80,50.80,0.0932,0.18,2.315,1.629,2.397,2.211,0.19123,35,285,5631,0.0017,100.0,0,-1.0,5979.91,0.0000,571.85,462.81,0.00,0.0000,571.85,0.00,0.00,1.0000
108.1,1,Pasillo,0.00,36.26,21.97,21.97,0.0320,0.27,2.378,1.802,2.400,0.196,0.20659,43,98,4267,0.0009,100.0,0,-1.0,800.00,0.0000,0.00,0.00,0.00,0.0000,0.00,0.00,0.00,1.0000
108.1,2,Dormitorio1,0.00,20.01,20.01,20.01,0.0029,3.03,2.398,2.400,2.400,0.000,0.20895,0,0,1039,0.0005,100.0,0,-1.0,3500.00,0.0000,0.00,0.00,0.00,0.0000,0.00,0.00,0.00,1.0000
108.1,3,Dormitorio2,0.00,20.01,20.01,20.01,0.0010,5.61,2.399,2.400,2.400,0.000,0.20893,1,0,475,0.0005,100.0,0,-1.0,2500.00,0.0000,0.00,0.00,0.00,0.0000,0.00,0.00,0.00,1.0000
108.1,4,Cocina,0.00,20.01,20.01,20.01,0.0036,3.41,2.399,2.400,2.400,0.000,0.20897,0,0,1069,0.0005,100.0,0,-1.0,3500.00,0.0000,0.00,0.00,0.00,0.0000,0.00,0.00,0.00,1.0000
108.1,5,Bano,0.00,20.01,20.01,20.01,0.0001,30.00,2.400,2.400,2.400,0.000,0.20894,0,0,58,0.0005,100.0,0,-1.0,400.00,0.0000,0.00,0.00,0.00,0.0000,0.00,0.00,0.00,1.0000
109.1,0,Salon,473.05,168.56,51.30,51.30,0.0932,0.18,2.320,1.659,2.389,2.229,0.19067,35,305,5656,0.0018,100.0,0,-1.0,5979.33,0.0000,584.05,473.05,0.00,0.0000,584.05,0.00,0.00,1.0000
109.1,1,Pasillo,0.00,36.56,22.34,22.34,0.0323,0.27,2.378,1.798,2.400,0.228,0.20647,43,100,4371,0.0009,100.0,0,-1.0,800.00,0.0000,0.00,0.00,0.00,0.0000,0.00,0.00,0.00,1.0000
109.1,2,Dormitorio1,0.00,20.01,20.01,20.01,0.0029,3.01,2.398,2.400,2.400,0.000,0.20895,0,0,1045,0.0005,100.0,0,-1.0,3500.00,0.0000,0.00,0.00,0.00,0.0000,0.00,0.00,0.00,1.0000
109.1,3,Dormitorio2,0.00,20.01,20.01,20.01,0.0011,5.48,2.399,2.400,2.400,0.000,0.20893,1,0,484,0.0005,100.0,0,-1.0,2500.00,0.0000,0.00,0.00,0.00,0.0000,0.00,0.00,0.00,1.0000
109.1,4,Cocina,0.00,20.01,20.01,20.01,0.0037,3.39,2.399,2.400,2.400,0.000,0.20897,0,0,1073,0.0005,100.0,0,-1.0,3500.00,0.0000,0.00,0.00,0.00,0.0000,0.00,0.00,0.00,1.0000
109.1,5,Bano,0.00,20.01,20.01,20.01,0.0001,30.00,2.400,2.400,2.400,0.000,0.20894,0,0,67,0.0005,100.0,0,-1.0,400.00,0.0000,0.00,0.00,0.00,0.0000,0.00,0.00,0.00,1.0000
110.1,0,Salon,483.47,178.38,51.80,51.80,0.0934,0.18,2.325,1.688,2.377,2.245,0.19011,35,325,5697,0.0018,100.0,0,-1.0,5978.74,0.0000,596.48,483.47,0.00,0.0000,596.48,0.00,0.00,1.0000
110.1,1,Pasillo,0.00,36.76,22.71,22.71,0.0325,0.27,2.378,1.795,2.400,0.257,0.20634,44,102,4464,0.0009,100.0,0,-1.0,800.00,0.0000,0.00,0.00,0.00,0.0000,0.00,0.00,0.00,1.0000
110.1,2,Dormitorio1,0.00,20.01,20.01,20.01,0.0029,2.98,2.398,2.400,2.400,0.000,0.20895,1,0,1052,0.0005,100.0,0,-1.0,3500.00,0.0000,0.00,0.00,0.00,0.0000,0.00,0.00,0.00,1.0000
110.1,3,Dormitorio2,0.00,20.02,20.02,20.02,0.0011,5.35,2.399,2.400,2.400,0.000,0.20892,1,0,495,0.0005,100.0,0,-1.0,2500.00,0.0000,0.00,0.00,0.00,0.0000,0.00,0.00,0.00,1.0000
110.1,4,Cocina,0.00,20.01,20.01,20.01,0.0037,3.36,2.399,2.400,2.400,0.000,0.20896,0,0,1078,0.0005,100.0,0,-1.0,3500.00,0.0000,0.00,0.00,0.00,0.0000,0.00,0.00,0.00,1.0000
110.1,5,Bano,0.00,20.01,20.01,20.01,0.0002,30.00,2.400,2.400,2.400,0.000,0.20893,1,0,76,0.0005,100.0,0,-1.0,400.00,0.0000,0.00,0.00,0.00,0.0000,0.00,0.00,0.00,1.0000
111.1,0,Salon,494.07,188.53,52.29,52.29,0.0938,0.18,2.328,1.715,2.362,2.260,0.18952,36,346,5753,0.0018,100.0,0,-1.0,5978.13,0.0000,609.13,494.07,0.00,0.0000,609.13,0.00,0.00,1.0000
111.1,1,Pasillo,0.00,36.88,23.08,23.08,0.0328,0.27,2.377,1.793,2.400,0.281,0.20620,44,104,4547,0.0010,100.0,0,-1.0,800.00,0.0000,0.00,0.00,0.00,0.0000,0.00,0.00,0.00,1.0000
111.1,2,Dormitorio1,0.00,20.01,20.01,20.01,0.0029,2.96,2.398,2.400,2.400,0.000,0.20894,1,0,1059,0.0005,100.0,0,-1.0,3500.00,0.0000,0.00,0.00,0.00,0.0000,0.00,0.00,0.00,1.0000
111.1,3,Dormitorio2,0.00,20.02,20.02,20.02,0.0011,5.23,2.399,2.400,2.400,0.000,0.20892,1,0,505,0.0005,100.0,0,-1.0,2500.00,0.0000,0.00,0.00,0.00,0.0000,0.00,0.00,0.00,1.0000
111.1,4,Cocina,0.00,20.01,20.01,20.01,0.0037,3.34,2.399,2.400,2.400,0.000,0.20896,0,0,1082,0.0005,100.0,0,-1.0,3500.00,0.0000,0.00,0.00,0.00,0.0000,0.00,0.00,0.00,1.0000
111.1,5,Bano,0.00,20.02,20.02,20.02,0.0002,30.00,2.400,2.400,2.400,0.000,0.20893,1,0,85,0.0005,100.0,0,-1.0,400.00,0.0000,0.00,0.00,0.00,0.0000,0.00,0.00,0.00,1.0000
112.1,0,Salon,504.87,198.96,52.79,52.79,0.0944,0.18,2.331,1.726,2.346,2.276,0.18893,36,369,5822,0.0019,100.0,0,-1.0,5977.52,0.0000,621.99,504.87,0.00,0.0000,621.99,0.00,0.00,1.0000
112.1,1,Pasillo,0.00,36.95,23.44,23.44,0.0330,0.26,2.377,1.792,2.400,0.300,0.20606,45,106,4624,0.0010,100.0,0,-1.0,800.00,0.0000,0.00,0.00,0.00,0.0000,0.00,0.00,0.00,1.0000
112.1,2,Dormitorio1,0.00,20.02,20.02,20.02,0.0030,2.93,2.398,2.400,2.400,0.000,0.20894,1,0,1065,0.0005,100.0,0,-1.0,3500.00,0.0000,0.00,0.00,0.00,0.0000,0.00,0.00,0.00,1.0000
112.1,3,Dormitorio2,0.00,20.02,20.02,20.02,0.0011,5.11,2.399,2.400,2.400,0.000,0.20891,1,0,516,0.0005,100.0,0,-1.0,2500.00,0.0000,0.00,0.00,0.00,0.0000,0.00,0.00,0.00,1.0000
112.1,4,Cocina,0.00,20.01,20.01,20.01,0.0037,3.32,2.399,2.400,2.400,0.000,0.20896,0,0,1087,0.0005,100.0,0,-1.0,3500.00,0.0000,0.00,0.00,0.00,0.0000,0.00,0.00,0.00,1.0000
112.1,5,Bano,0.00,20.02,20.02,20.02,0.0002,27.44,2.400,2.400,2.400,0.000,0.20892,1,0,95,0.0005,100.0,0,-1.0,400.00,0.0000,0.00,0.00,0.00,0.0000,0.00,0.00,0.00,1.0000
113.1,0,Salon,515.86,209.71,53.29,53.29,0.0951,0.17,2.323,1.719,2.327,2.312,0.18832,37,392,5897,0.0019,100.0,0,-1.0,5976.89,0.0000,635.07,515.86,0.00,0.0000,635.07,0.00,0.00,1.0000
113.1,1,Pasillo,0.00,37.14,23.80,23.80,0.0332,0.26,2.377,1.792,2.400,0.317,0.20591,45,108,4710,0.0010,100.0,0,-1.0,800.00,0.0000,0.00,0.00,0.00,0.0000,0.00,0.00,0.00,1.0000
113.1,2,Dormitorio1,0.00,20.02,20.02,20.02,0.0030,2.91,2.398,2.400,2.400,0.000,0.20894,1,0,1072,0.0006,100.0,0,-1.0,3500.00,0.0000,0.00,0.00,0.00,0.0000,0.00,0.00,0.00,1.0000
113.1,3,Dormitorio2,0.00,20.02,20.02,20.02,0.0012,4.99,2.399,2.400,2.400,0.000,0.20891,1,0,527,0.0006,100.0,0,-1.0,2500.00,0.0000,0.00,0.00,0.00,0.0000,0.00,0.00,0.00,1.0000
113.1,4,Cocina,0.00,20.01,20.01,20.01,0.0038,3.30,2.399,2.400,2.400,0.000,0.20896,0,0,1092,0.0006,100.0,0,-1.0,3500.00,0.0000,0.00,0.00,0.00,0.0000,0.00,0.00,0.00,1.0000
113.1,5,Bano,0.00,20.02,20.02,20.02,0.0002,24.66,2.400,2.400,2.400,0.000,0.20892,1,0,105,0.0006,100.0,0,-1.0,400.00,0.0000,0.00,0.00,0.00,0.0000,0.00,0.00,0.00,1.0000
114.1,0,Salon,527.05,220.76,53.81,53.81,0.0959,0.17,2.313,1.711,2.308,2.366,0.18770,37,417,5974,0.0020,100.0,0,-1.0,5976.25,0.0000,648.38,527.05,0.00,0.0000,648.38,0.00,0.00,1.0000
114.1,1,Pasillo,0.00,37.47,24.16,24.16,0.0335,0.26,2.377,1.791,2.400,0.332,0.20576,46,110,4809,0.0011,100.0,0,-1.0,800.00,0.0000,0.00,0.00,0.00,0.0000,0.00,0.00,0.00,1.0000
114.1,2,Dormitorio1,0.00,20.02,20.02,20.02,0.0030,2.88,2.398,2.400,2.400,0.000,0.20893,1,0,1080,0.0006,100.0,0,-1.0,3500.00,0.0000,0.00,0.00,0.00,0.0000,0.00,0.00,0.00,1.0000
114.1,3,Dormitorio2,0.00,20.03,20.03,20.03,0.0012,4.88,2.399,2.400,2.400,0.000,0.20890,1,0,538,0.0006,100.0,0,-1.0,2500.00,0.0000,0.00,0.00,0.00,0.0000,0.00,0.00,0.00,1.0000
114.1,4,Cocina,0.00,20.01,20.01,20.01,0.0038,3.27,2.399,2.400,2.400,0.000,0.20895,1,0,1097,0.0006,100.0,0,-1.0,3500.00,0.0000,0.00,0.00,0.00,0.0000,0.00,0.00,0.00,1.0000
114.1,5,Bano,0.00,20.02,20.02,20.02,0.0003,22.36,2.400,2.400,2.400,0.000,0.20891,1,0,115,0.0006,100.0,0,-1.0,400.00,0.0000,0.00,0.00,0.00,0.0000,0.00,0.00,0.00,1.0000
115.1,0,Salon,538.43,232.08,54.34,54.34,0.0968,0.17,2.306,1.704,2.287,2.435,0.18707,37,444,6051,0.0020,100.0,0,-1.0,5975.59,0.0000,661.90,538.43,0.00,0.0000,661.90,0.00,0.00,1.0000
115.1,1,Pasillo,0.00,37.95,24.53,24.53,0.0338,0.26,2.376,1.789,2.400,0.346,0.20561,47,113,4924,0.0011,100.0,0,-1.0,800.00,0.0000,0.00,0.00,0.00,0.0000,0.00,0.00,0.00,1.0000
115.1,2,Dormitorio1,0.00,20.02,20.02,20.02,0.0030,2.86,2.398,2.400,2.400,0.000,0.20893,1,0,1087,0.0006,100.0,0,-1.0,3500.00,0.0000,0.00,0.00,0.00,0.0000,0.00,0.00,0.00,1.0000
115.1,3,Dormitorio2,0.00,20.03,20.03,20.03,0.0012,4.77,2.399,2.400,2.400,0.000,0.20889,1,0,550,0.0006,100.0,0,-1.0,2500.00,0.0000,0.00,0.00,0.00,0.0000,0.00,0.00,0.00,1.0000
115.1,4,Cocina,0.00,20.02,20.02,20.02,0.0038,3.25,2.399,2.400,2.400,0.000,0.20895,1,0,1102,0.0006,100.0,0,-1.0,3500.00,0.0000,0.00,0.00,0.00,0.0000,0.00,0.00,0.00,1.0000
115.1,5,Bano,0.00,20.02,20.02,20.02,0.0003,20.42,2.400,2.400,2.400,0.000,0.20891,1,0,126,0.0006,100.0,0,-1.0,400.00,0.0000,0.00,0.00,0.00,0.0000,0.00,0.00,0.00,1.0000
116.1,0,Salon,550.02,243.63,54.87,54.87,0.0978,0.17,2.302,1.696,2.266,2.514,0.18642,38,473,6126,0.0020,100.0,0,-1.0,5974.92,0.0000,675.65,550.02,0.00,0.0000,675.65,0.00,0.00,1.0000
116.1,1,Pasillo,0.00,38.58,24.90,24.90,0.0342,0.25,2.376,1.786,2.400,0.360,0.20545,47,116,5056,0.0011,100.0,0,-1.0,800.00,0.0000,0.00,0.00,0.00,0.0000,0.00,0.00,0.00,1.0000
116.1,2,Dormitorio1,0.00,20.02,20.02,20.02,0.0031,2.83,2.398,2.400,2.400,0.000,0.20892,1,0,1095,0.0006,100.0,0,-1.0,3500.00,0.0000,0.00,0.00,0.00,0.0000,0.00,0.00,0.00,1.0000
116.1,3,Dormitorio2,0.00,20.03,20.03,20.03,0.0012,4.66,2.399,2.400,2.400,0.000,0.20889,1,0,563,0.0006,100.0,0,-1.0,2500.00,0.0000,0.00,0.00,0.00,0.0000,0.00,0.00,0.00,1.0000
116.1,4,Cocina,0.00,20.02,20.02,20.02,0.0038,3.23,2.399,2.400,2.400,0.000,0.20895,1,0,1108,0.0006,100.0,0,-1.0,3500.00,0.0000,0.00,0.00,0.00,0.0000,0.00,0.00,0.00,1.0000
116.1,5,Bano,0.00,20.03,20.03,20.03,0.0003,18.75,2.400,2.400,2.400,0.000,0.20890,1,0,137,0.0006,100.0,0,-1.0,400.00,0.0000,0.00,0.00,0.00,0.0000,0.00,0.00,0.00,1.0000
117.1,0,Salon,561.81,255.36,55.41,55.41,0.0989,0.17,2.298,1.689,2.245,2.602,0.18577,38,503,6199,0.0021,100.0,0,-1.0,5974.24,0.0000,689.60,561.81,0.00,0.0000,689.60,0.00,0.00,1.0000
117.1,1,Pasillo,0.00,39.37,25.29,25.29,0.0346,0.25,2.375,1.783,2.400,0.375,0.20529,48,120,5207,0.0012,100.0,0,-1.0,800.00,0.0000,0.00,0.00,0.00,0.0000,0.00,0.00,0.00,1.0000
117.1,2,Dormitorio1,0.00,20.02,20.02,20.02,0.0031,2.81,2.398,2.400,2.400,0.000,0.20892,1,0,1104,0.0006,100.0,0,-1.0,3500.00,0.0000,0.00,0.00,0.00,0.0000,0.00,0.00,0.00,1.0000
117.1,3,Dormitorio2,0.00,20.03,20.03,20.03,0.0013,4.55,2.399,2.400,2.400,0.000,0.20888,1,0,576,0.0006,100.0,0,-1.0,2500.00,0.0000,0.00,0.00,0.00,0.0000,0.00,0.00,0.00,1.0000
117.1,4,Cocina,0.00,20.02,20.02,20.02,0.0039,3.20,2.399,2.400,2.400,0.000,0.20894,1,0,1114,0.0006,100.0,0,-1.0,3500.00,0.0000,0.00,0.00,0.00,0.0000,0.00,0.00,0.00,1.0000
117.1,5,Bano,0.00,20.03,20.03,20.03,0.0003,17.30,2.400,2.400,2.400,0.000,0.20890,1,0,149,0.0006,100.0,0,-1.0,400.00,0.0000,0.00,0.00,0.00,0.0000,0.00,0.00,0.00,1.0000
118.1,0,Salon,573.79,267.23,55.96,55.96,0.1000,0.17,2.298,1.681,2.223,2.696,0.18510,39,536,6268,0.0021,100.0,0,-1.0,5973.54,0.0000,703.76,573.79,0.00,0.0000,703.76,0.00,0.00,1.0000
118.1,1,Pasillo,0.00,40.32,25.69,25.69,0.0351,0.25,2.375,1.780,2.400,0.391,0.20513,49,124,5381,0.0012,100.0,0,-1.0,800.00,0.0000,0.00,0.00,0.00,0.0000,0.00,0.00,0.00,1.0000
118.1,2,Dormitorio1,0.00,20.03,20.03,20.03,0.0031,2.78,2.398,2.400,2.400,0.000,0.20891,1,0,1113,0.0006,100.0,0,-1.0,3500.00,0.0000,0.00,0.00,0.00,0.0000,0.00,0.00,0.00,1.0000
118.1,3,Dormitorio2,0.00,20.04,20.04,20.04,0.0013,4.45,2.399,2.400,2.400,0.000,0.20887,1,0,590,0.0006,100.0,0,-1.0,2500.00,0.0000,0.00,0.00,0.00,0.0000,0.00,0.00,0.00,1.0000
118.1,4,Cocina,0.00,20.02,20.02,20.02,0.0039,3.18,2.399,2.400,2.400,0.000,0.20894,1,0,1120,0.0006,100.0,0,-1.0,3500.00,0.0000,0.00,0.00,0.00,0.0000,0.00,0.00,0.00,1.0000
118.1,5,Bano,0.00,20.03,20.03,20.03,0.0004,16.01,2.400,2.400,2.400,0.000,0.20889,1,0,161,0.0006,100.0,0,-1.0,400.00,0.0000,0.00,0.00,0.00,0.0000,0.00,0.00,0.00,1.0000
119.1,0,Salon,585.98,279.17,56.49,56.49,0.1011,0.16,2.298,1.674,2.202,2.795,0.18442,39,571,6331,0.0022,100.0,0,-1.0,5972.83,0.0000,718.12,585.98,0.00,0.0000,718.12,0.00,0.00,1.0000
119.1,1,Pasillo,0.00,41.44,26.12,26.12,0.0356,0.24,2.374,1.776,2.400,0.409,0.20498,50,128,5580,0.0012,100.0,0,-1.0,800.00,0.0000,0.00,0.00,0.00,0.0000,0.00,0.00,0.00,1.0000
119.1,2,Dormitorio1,0.00,20.03,20.03,20.03,0.0032,2.75,2.398,2.400,2.400,0.000,0.20891,1,0,1122,0.0006,100.0,0,-1.0,3500.00,0.0000,0.00,0.00,0.00,0.0000,0.00,0.00,0.00,1.0000
119.1,3,Dormitorio2,0.00,20.04,20.04,20.04,0.0013,4.34,2.399,2.400,2.400,0.000,0.20887,1,0,605,0.0006,100.0,0,-1.0,2500.00,0.0000,0.00,0.00,0.00,0.0000,0.00,0.00,0.00,1.0000
119.1,4,Cocina,0.00,20.02,20.02,20.02,0.0039,3.15,2.399,2.400,2.400,0.000,0.20894,1,0,1127,0.0006,100.0,0,-1.0,3500.00,0.0000,0.00,0.00,0.00,0.0000,0.00,0.00,0.00,1.0000
119.1,5,Bano,0.00,20.04,20.04,20.04,0.0004,14.84,2.400,2.400,2.400,0.000,0.20888,1,0,175,0.0006,100.0,0,-1.0,400.00,0.0000,0.00,0.00,0.00,0.0000,0.00,0.00,0.00,1.0000
120.1,0,Salon,598.37,291.09,57.03,57.03,0.1023,0.16,2.300,1.666,2.181,2.897,0.18373,39,610,6388,0.0022,100.0,0,-1.0,5972.10,0.0000,732.66,598.37,0.00,0.0000,732.66,0.00,0.00,1.0000
120.1,1,Pasillo,0.00,42.73,26.57,26.57,0.0363,0.24,2.373,1.771,2.400,0.429,0.20482,52,134,5807,0.0013,100.0,0,-1.0,800.00,0.0000,0.00,0.00,0.00,0.0000,0.00,0.00,0.00,1.0000
120.1,2,Dormitorio1,0.00,20.03,20.03,20.03,0.0032,2.72,2.398,2.400,2.400,0.000,0.20890,1,0,1133,0.0006,100.0,0,-1.0,3500.00,0.0000,0.00,0.00,0.00,0.0000,0.00,0.00,0.00,1.0000
120.1,3,Dormitorio2,0.00,20.05,20.05,20.05,0.0014,4.23,2.399,2.400,2.400,0.000,0.20886,2,0,621,0.0006,100.0,0,-1.0,2500.00,0.0000,0.00,0.00,0.00,0.0000,0.00,0.00,0.00,1.0000
120.1,4,Cocina,0.00,20.02,20.02,20.02,0.0040,3.13,2.399,2.400,2.400,0.000,0.20893,1,0,1134,0.0006,100.0,0,-1.0,3500.00,0.0000,0.00,0.00,0.00,0.0000,0.00,0.00,0.00,1.0000
120.1,5,Bano,0.00,20.04,20.04,20.04,0.0004,13.76,2.400,2.400,2.400,0.000,0.20888,1,0,190,0.0006,100.0,0,-1.0,400.00,0.0000,0.00,0.00,0.00,0.0000,0.00,0.00,0.00,1.0000
121.1,0,Salon,610.96,302.90,57.55,57.55,0.1035,0.16,2.303,1.659,2.161,3.002,0.18303,40,651,6436,0.0023,100.0,0,-1.0,5971.36,0.0000,747.36,610.96,0.00,0.0000,747.36,0.00,0.00,1.0000
121.1,1,Pasillo,0.00,44.19,27.04,27.04,0.0370,0.23,2.372,1.766,2.400,0.451,0.20466,53,140,6065,0.0013,100.0,0,-1.0,800.00,0.0000,0.00,0.00,0.00,0.0000,0.00,0.00,0.00,1.0000
121.1,2,Dormitorio1,0.00,20.04,20.04,20.04,0.0032,2.69,2.398,2.400,2.400,0.000,0.20890,1,0,1145,0.0006,100.0,0,-1.0,3500.00,0.0000,0.00,0.00,0.00,0.0000,0.00,0.00,0.00,1.0000
121.1,3,Dormitorio2,0.00,20.05,20.05,20.05,0.0014,4.12,2.399,2.400,2.400,0.000,0.20885,2,0,640,0.0006,100.0,0,-1.0,2500.00,0.0000,0.00,0.00,0.00,0.0000,0.00,0.00,0.00,1.0000
121.1,4,Cocina,0.00,20.03,20.03,20.03,0.0040,3.10,2.399,2.400,2.400,0.000,0.20893,1,0,1142,0.0006,100.0,0,-1.0,3500.00,0.0000,0.00,0.00,0.00,0.0000,0.00,0.00,0.00,1.0000
121.1,5,Bano,0.00,20.04,20.04,20.04,0.0005,12.77,2.400,2.400,2.400,0.000,0.20887,1,0,206,0.0006,100.0,0,-1.0,400.00,0.0000,0.00,0.00,0.00,0.0000,0.00,0.00,0.00,1.0000
122.1,0,Salon,623.74,314.50,58.06,58.06,0.1046,0.16,2.305,1.651,2.142,3.107,0.18232,40,697,6474,0.0023,100.0,0,-1.0,5970.61,0.0000,762.19,623.74,0.00,0.0000,762.19,0.00,0.00,1.0000
122.1,1,Pasillo,0.00,45.82,27.55,27.55,0.0379,0.23,2.371,1.761,2.400,0.477,0.20451,55,147,6358,0.0014,100.0,0,-1.0,800.00,0.0000,0.00,0.00,0.00,0.0000,0.00,0.00,0.00,1.0000
122.1,2,Dormitorio1,0.00,20.04,20.04,20.04,0.0033,2.66,2.398,2.400,2.400,0.000,0.20889,1,0,1158,0.0006,100.0,0,-1.0,3500.00,0.0000,0.00,0.00,0.00,0.0000,0.00,0.00,0.00,1.0000
122.1,3,Dormitorio2,0.00,20.06,20.06,20.06,0.0014,4.01,2.399,2.400,2.400,0.000,0.20884,2,0,660,0.0006,100.0,0,-1.0,2500.00,0.0000,0.00,0.00,0.00,0.0000,0.00,0.00,0.00,1.0000
122.1,4,Cocina,0.00,20.03,20.03,20.03,0.0040,3.07,2.399,2.400,2.400,0.000,0.20892,1,0,1151,0.0006,100.0,0,-1.0,3500.00,0.0000,0.00,0.00,0.00,0.0000,0.00,0.00,0.00,1.0000
122.1,5,Bano,0.00,20.05,20.05,20.05,0.0005,11.84,2.400,2.400,2.400,0.000,0.20886,2,0,224,0.0006,100.0,0,-1.0,400.00,0.0000,0.00,0.00,0.00,0.0000,0.00,0.00,0.00,1.0000
123.1,0,Salon,636.71,325.78,58.54,58.54,0.1058,0.16,2.308,1.643,2.123,3.213,0.18160,40,747,6499,0.0023,100.0,0,-1.0,5969.84,0.0000,777.15,636.71,0.00,0.0000,777.15,0.00,0.00,1.0000
123.1,1,Pasillo,0.00,47.63,28.09,28.09,0.0388,0.22,2.369,1.755,2.400,0.506,0.20435,57,155,6692,0.0014,100.0,0,-1.0,800.00,0.0000,0.00,0.00,0.00,0.0000,0.00,0.00,0.00,1.0000
123.1,2,Dormitorio1,0.00,20.04,20.04,20.04,0.0033,2.63,2.398,2.400,2.400,0.000,0.20889,1,0,1173,0.0006,100.0,0,-1.0,3500.00,0.0000,0.00,0.00,0.00,0.0000,0.00,0.00,0.00,1.0000
123.1,3,Dormitorio2,0.00,20.06,20.06,20.06,0.0015,3.89,2.399,2.400,2.400,0.000,0.20883,2,0,683,0.0006,100.0,0,-1.0,2500.00,0.0000,0.00,0.00,0.00,0.0000,0.00,0.00,0.00,1.0000
123.1,4,Cocina,0.00,20.03,20.03,20.03,0.0041,3.04,2.398,2.400,2.400,0.000,0.20892,1,0,1162,0.0006,100.0,0,-1.0,3500.00,0.0000,0.00,0.00,0.00,0.0000,0.00,0.00,0.00,1.0000
123.1,5,Bano,0.00,20.05,20.05,20.05,0.0005,10.97,2.400,2.400,2.400,0.000,0.20885,2,0,244,0.0006,100.0,0,-1.0,400.00,0.0000,0.00,0.00,0.00,0.0000,0.00,0.00,0.00,1.0000
124.1,0,Salon,649.86,336.64,59.00,59.00,0.1069,0.15,2.310,1.635,2.105,3.318,0.18087,40,803,6509,0.0024,100.0,0,-1.0,5969.05,0.0000,792.19,649.86,0.00,0.0000,792.19,0.00,0.00,1.0000
124.1,1,Pasillo,0.00,49.62,28.67,28.67,0.0399,0.22,2.368,1.749,2.400,0.538,0.20420,59,164,7072,0.0014,100.0,0,-1.0,800.00,0.0000,0.00,0.00,0.00,0.0000,0.00,0.00,0.00,1.0000
124.1,2,Dormitorio1,0.00,20.05,20.05,20.05,0.0034,2.59,2.398,2.400,2.400,0.000,0.20888,1,0,1189,0.0006,100.0,0,-1.0,3500.00,0.0000,0.00,0.00,0.00,0.0000,0.00,0.00,0.00,1.0000
124.1,3,Dormitorio2,0.00,20.07,20.07,20.07,0.0015,3.77,2.399,2.400,2.400,0.000,0.20882,2,0,708,0.0006,100.0,0,-1.0,2500.00,0.0000,0.00,0.00,0.00,0.0000,0.00,0.00,0.00,1.0000
124.1,4,Cocina,0.00,20.03,20.03,20.03,0.0041,3.00,2.398,2.400,2.400,0.000,0.20891,1,0,1173,0.0006,100.0,0,-1.0,3500.00,0.0000,0.00,0.00,0.00,0.0000,0.00,0.00,0.00,1.0000
124.1,5,Bano,0.00,20.06,20.06,20.06,0.0006,10.16,2.400,2.400,2.400,0.000,0.20884,2,0,267,0.0006,100.0,0,-1.0,400.00,0.0000,0.00,0.00,0.00,0.0000,0.00,0.00,0.00,1.0000
125.1,0,Salon,663.18,347.00,59.43,59.43,0.1079,0.15,2.313,1.627,2.088,3.422,0.18012,40,864,6499,0.0024,100.0,0,-1.0,5968.25,0.0000,807.31,663.18,0.00,0.0000,807.31,0.00,0.00,1.0000
125.1,1,Pasillo,0.00,51.79,29.29,29.29,0.0412,0.21,2.366,1.743,2.400,0.573,0.20406,62,174,7504,0.0015,100.0,0,-1.0,800.00,0.0000,0.00,0.00,0.00,0.0000,0.00,0.00,0.00,1.0000
125.1,2,Dormitorio1,0.00,20.05,20.05,20.05,0.0034,2.55,2.398,2.400,2.400,0.000,0.20887,2,0,1208,0.0006,100.0,0,-1.0,3500.00,0.0000,0.00,0.00,0.00,0.0000,0.00,0.00,0.00,1.0000
125.1,3,Dormitorio2,0.00,20.08,20.08,20.08,0.0016,3.65,2.399,2.400,2.400,0.000,0.20881,2,0,737,0.0006,100.0,0,-1.0,2500.00,0.0000,0.00,0.00,0.00,0.0000,0.00,0.00,0.00,1.0000
125.1,4,Cocina,0.00,20.04,20.04,20.04,0.0042,2.97,2.398,2.400,2.400,0.000,0.20891,1,0,1187,0.0006,100.0,0,-1.0,3500.00,0.0000,0.00,0.00,0.00,0.0000,0.00,0.00,0.00,1.0000
125.1,5,Bano,0.00,20.07,20.07,20.07,0.0006,9.39,2.400,2.400,2.400,0.000,0.20883,2,0,293,0.0006,100.0,0,-1.0,400.00,0.0000,0.00,0.00,0.00,0.0000,0.00,0.00,0.00,1.0000
126.1,0,Salon,676.67,356.78,59.82,59.82,0.1088,0.15,2.315,1.620,2.072,3.525,0.17937,40,933,6468,0.0025,100.0,0,-1.0,5967.44,0.0000,822.47,676.67,0.00,0.0000,822.47,0.00,0.00,1.0000
126.1,1,Pasillo,0.00,54.13,29.96,29.96,0.0427,0.20,2.363,1.736,2.400,0.613,0.20392,65,186,7997,0.0015,100.0,0,-1.0,800.00,0.0000,0.00,0.00,0.00,0.0000,0.00,0.00,0.00,1.0000
126.1,2,Dormitorio1,0.00,20.06,20.06,20.06,0.0035,2.51,2.398,2.400,2.400,0.000,0.20886,2,0,1230,0.0006,100.0,0,-1.0,3500.00,0.0000,0.00,0.00,0.00,0.0000,0.00,0.00,0.00,1.0000
126.1,3,Dormitorio2,0.00,20.08,20.08,20.08,0.0016,3.52,2.399,2.400,2.400,0.000,0.20879,2,0,771,0.0006,100.0,0,-1.0,2500.00,0.0000,0.00,0.00,0.00,0.0000,0.00,0.00,0.00,1.0000
126.1,4,Cocina,0.00,20.04,20.04,20.04,0.0042,2.93,2.398,2.400,2.400,0.000,0.20890,1,0,1202,0.0006,100.0,0,-1.0,3500.00,0.0000,0.00,0.00,0.00,0.0000,0.00,0.00,0.00,1.0000
126.1,5,Bano,0.00,20.07,20.07,20.07,0.0007,8.66,2.399,2.400,2.400,0.000,0.20882,2,0,323,0.0006,100.0,0,-1.0,400.00,0.0000,0.00,0.00,0.00,0.0000,0.00,0.00,0.00,1.0000
127.1,0,Salon,690.30,365.90,60.16,60.16,0.1096,0.15,2.318,1.612,2.056,3.624,0.17861,40,1011,6408,0.0025,100.0,0,-1.0,5966.60,0.0000,837.66,690.30,0.00,0.0000,837.66,0.00,0.00,1.0000
127.1,1,Pasillo,0.00,56.65,30.67,30.67,0.0444,0.20,2.360,1.730,2.400,0.656,0.20378,68,200,8560,0.0016,100.0,0,-1.0,800.00,0.0000,0.00,0.00,0.00,0.0000,0.00,0.00,0.00,1.0000
127.1,2,Dormitorio1,0.00,20.06,20.06,20.06,0.0035,2.46,2.398,2.400,2.400,0.000,0.20885,2,0,1256,0.0006,100.0,0,-1.0,3500.00,0.0000,0.00,0.00,0.00,0.0000,0.00,0.00,0.00,1.0000
127.1,3,Dormitorio2,0.00,20.09,20.09,20.09,0.0017,3.39,2.399,2.400,2.400,0.000,0.20878,3,0,809,0.0006,100.0,0,-1.0,2500.00,0.0000,0.00,0.00,0.00,0.0000,0.00,0.00,0.00,1.0000
127.1,4,Cocina,0.00,20.05,20.05,20.05,0.0043,2.88,2.398,2.400,2.400,0.000,0.20890,1,0,1220,0.0006,100.0,0,-1.0,3500.00,0.0000,0.00,0.00,0.00,0.0000,0.00,0.00,0.00,1.0000
127.1,5,Bano,0.00,20.08,20.08,20.08,0.0007,7.97,2.399,2.400,2.400,0.000,0.20881,2,0,357,0.0006,100.0,0,-1.0,400.00,0.0000,0.00,0.00,0.00,0.0000,0.00,0.00,0.00,1.0000
128.1,0,Salon,704.07,374.34,60.46,60.46,0.1101,0.15,2.320,1.604,2.041,3.721,0.17783,39,1100,6314,0.0026,100.0,0,-1.0,5965.76,0.0000,852.86,704.07,0.00,0.0000,852.86,0.00,0.00,1.0000
128.1,1,Pasillo,0.00,59.35,31.43,31.43,0.0465,0.19,2.356,1.724,2.400,0.703,0.20366,72,215,9203,0.0016,100.0,0,-1.0,800.00,0.0000,0.00,0.00,0.00,0.0000,0.00,0.00,0.00,1.0000
128.1,2,Dormitorio1,0.00,20.07,20.07,20.07,0.0036,2.42,2.398,2.400,2.400,0.000,0.20884,2,0,1285,0.0006,100.0,0,-1.0,3500.00,0.0000,0.00,0.00,0.00,0.0000,0.00,0.00,0.00,1.0000
128.1,3,Dormitorio2,0.00,20.10,20.10,20.10,0.0018,3.25,2.399,2.400,2.400,0.000,0.20876,3,0,854,0.0006,100.0,0,-1.0,2500.00,0.0000,0.00,0.00,0.00,0.0000,0.00,0.00,0.00,1.0000
128.1,4,Cocina,0.00,20.05,20.05,20.05,0.0044,2.84,2.398,2.400,2.400,0.000,0.20889,1,0,1240,0.0006,100.0,0,-1.0,3500.00,0.0000,0.00,0.00,0.00,0.0000,0.00,0.00,0.00,1.0000
128.1,5,Bano,0.00,20.09,20.09,20.09,0.0008,7.32,2.399,2.400,2.400,0.000,0.20879,3,0,397,0.0006,100.0,0,-1.0,400.00,0.0000,0.00,0.00,0.00,0.0000,0.00,0.00,0.00,1.0000
129.1,0,Salon,717.97,382.05,60.70,60.70,0.1104,0.15,2.323,1.596,2.028,3.814,0.17705,38,1202,6180,0.0026,100.0,0,-1.0,5964.90,0.0000,868.05,717.97,0.00,0.0000,868.05,0.00,0.00,1.0000
129.1,1,Pasillo,0.00,62.21,32.25,32.25,0.0488,0.18,2.352,1.718,2.400,0.753,0.20354,77,234,9940,0.0017,100.0,0,-1.0,800.00,0.0000,0.00,0.00,0.00,0.0000,0.00,0.00,0.00,1.0000
129.1,2,Dormitorio1,0.00,20.08,20.08,20.08,0.0037,2.36,2.398,2.400,2.400,0.000,0.20883,2,0,1319,0.0006,100.0,0,-1.0,3500.00,0.0000,0.00,0.00,0.00,0.0000,0.00,0.00,0.00,1.0000
129.1,3,Dormitorio2,0.00,20.11,20.11,20.11,0.0019,3.10,2.399,2.400,2.400,0.000,0.20874,3,0,907,0.0007,100.0,0,-1.0,2500.00,0.0000,0.00,0.00,0.00,0.0000,0.00,0.00,0.00,1.0000
129.1,4,Cocina,0.00,20.06,20.06,20.06,0.0045,2.78,2.398,2.400,2.400,0.000,0.20888,2,0,1264,0.0006,100.0,0,-1.0,3500.00,0.0000,0.00,0.00,0.00,0.0000,0.00,0.00,0.00,1.0000
129.1,5,Bano,0.00,20.10,20.10,20.10,0.0009,6.69,2.399,2.400,2.400,0.000,0.20878,3,0,443,0.0006,100.0,0,-1.0,400.00,0.0000,0.00,0.00,0.00,0.0000,0.00,0.00,0.00,1.0000
130.1,0,Salon,731.98,389.01,60.87,60.87,0.1103,0.15,2.325,1.588,2.015,3.902,0.17625,37,1322,5994,0.0027,100.0,0,-1.0,5964.02,0.0000,883.23,731.98,0.00,0.0000,883.23,0.00,0.00,1.0000
130.1,1,Pasillo,0.00,65.24,33.13,33.13,0.0517,0.17,2.346,1.712,2.400,0.808,0.20344,82,255,10789,0.0017,100.0,0,-1.0,800.00,0.0000,0.00,0.00,0.00,0.0000,0.00,0.00,0.00,1.0000
130.1,2,Dormitorio1,0.00,20.09,20.09,20.09,0.0038,2.30,2.398,2.400,2.400,0.000,0.20881,3,0,1360,0.0007,100.0,0,-1.0,3500.00,0.0000,0.00,0.00,0.00,0.0000,0.00,0.00,0.00,1.0000
130.1,3,Dormitorio2,0.00,20.13,20.13,20.13,0.0020,2.95,2.398,2.400,2.400,0.000,0.20872,4,0,968,0.0007,100.0,0,-1.0,2500.00,0.0000,0.00,0.00,0.00,0.0000,0.00,0.00,0.00,1.0000
130.1,4,Cocina,0.00,20.06,20.06,20.06,0.0046,2.73,2.398,2.400,2.400,0.000,0.20887,2,0,1292,0.0006,100.0,0,-1.0,3500.00,0.0000,0.00,0.00,0.00,0.0000,0.00,0.00,0.00,1.0000
130.1,5,Bano,0.00,20.11,20.11,20.11,0.0009,6.10,2.399,2.400,2.400,0.000,0.20876,3,0,498,0.0007,100.0,0,-1.0,400.00,0.0000,0.00,0.00,0.00,0.0000,0.00,0.00,0.00,1.0000
131.1,0,Salon,746.09,395.16,60.99,60.99,0.1097,0.15,2.328,1.581,2.003,3.986,0.17545,35,1463,5747,0.0027,100.0,0,-1.0,5963.13,0.0000,898.37,746.09,0.00,0.0000,898.37,0.00,0.00,1.0000
131.1,1,Pasillo,0.00,68.43,34.05,34.05,0.0551,0.16,2.339,1.706,2.400,0.865,0.20334,88,280,11772,0.0018,100.0,0,-1.0,800.00,0.0000,0.00,0.00,0.00,0.0000,0.00,0.00,0.00,1.0000
131.1,2,Dormitorio1,0.00,20.10,20.10,20.10,0.0039,2.24,2.398,2.400,2.400,0.000,0.20880,3,0,1408,0.0007,100.0,0,-1.0,3500.00,0.0000,0.00,0.00,0.00,0.0000,0.00,0.00,0.00,1.0000
131.1,3,Dormitorio2,0.00,20.14,20.14,20.14,0.0021,2.80,2.398,2.400,2.400,0.000,0.20870,4,0,1041,0.0007,100.0,0,-1.0,2500.00,0.0000,0.00,0.00,0.00,0.0000,0.00,0.00,0.00,1.0000
131.1,4,Cocina,0.00,20.07,20.07,20.07,0.0047,2.66,2.398,2.400,2.400,0.000,0.20886,2,0,1326,0.0007,100.0,0,-1.0,3500.00,0.0000,0.00,0.00,0.00,0.0000,0.00,0.00,0.00,1.0000
131.1,5,Bano,0.00,20.13,20.13,20.13,0.0010,5.54,2.399,2.400,2.400,0.000,0.20874,4,0,562,0.0007,100.0,0,-1.0,400.00,0.0000,0.00,0.00,0.00,0.0000,0.00,0.00,0.00,1.0000
132.1,0,Salon,760.29,400.39,61.03,61.03,0.1084,0.15,2.331,1.573,1.992,4.064,0.17463,33,1636,5421,0.0028,100.0,0,-1.0,5962.22,0.0000,913.44,760.29,0.00,0.0000,913.44,0.00,0.00,1.0000
132.1,1,Pasillo,0.00,71.76,35.04,35.04,0.0593,0.15,2.330,1.701,2.400,0.927,0.20324,95,309,12916,0.0019,100.0,0,-1.0,800.00,0.0000,0.00,0.00,0.00,0.0000,0.00,0.00,0.00,1.0000
132.1,2,Dormitorio1,0.00,20.11,20.11,20.11,0.0040,2.17,2.398,2.400,2.400,0.000,0.20878,3,0,1465,0.0007,100.0,0,-1.0,3500.00,0.0000,0.00,0.00,0.00,0.0000,0.00,0.00,0.00,1.0000
132.1,3,Dormitorio2,0.00,20.16,20.16,20.16,0.0022,2.64,2.398,2.400,2.400,0.000,0.20868,5,0,1127,0.0007,100.0,0,-1.0,2500.00,0.0000,0.00,0.00,0.00,0.0000,0.00,0.00,0.00,1.0000
132.1,4,Cocina,0.00,20.08,20.08,20.08,0.0048,2.59,2.398,2.400,2.400,0.000,0.20885,2,0,1366,0.0007,100.0,0,-1.0,3500.00,0.0000,0.00,0.00,0.00,0.0000,0.00,0.00,0.00,1.0000
132.1,5,Bano,0.00,20.14,20.14,20.14,0.0012,5.01,2.399,2.400,2.400,0.000,0.20872,4,0,638,0.0007,100.0,0,-1.0,400.00,0.0000,0.00,0.00,0.00,0.0000,0.00,0.00,0.00,1.0000
133.1,0,Salon,774.56,404.41,60.99,60.99,0.1062,0.16,2.334,1.565,1.981,4.134,0.17381,31,1852,4995,0.0029,100.0,0,-1.0,5961.30,0.0000,928.35,774.56,0.00,0.0000,928.35,0.00,0.00,1.0000
133.1,1,Pasillo,0.00,75.24,36.08,36.08,0.0645,0.13,2.324,1.697,2.400,0.991,0.20316,103,344,14263,0.0019,100.0,0,-1.0,800.00,0.0000,0.00,0.00,0.00,0.0000,0.00,0.00,0.00,1.0000
133.1,2,Dormitorio1,0.00,20.12,20.12,20.12,0.0041,2.09,2.398,2.400,2.400,0.000,0.20877,4,0,1532,0.0007,100.0,0,-1.0,3500.00,0.0000,0.00,0.00,0.00,0.0000,0.00,0.00,0.00,1.0000
133.1,3,Dormitorio2,0.00,20.18,20.18,20.18,0.0023,2.48,2.398,2.400,2.400,0.000,0.20865,5,0,1229,0.0007,100.0,0,-1.0,2500.00,0.0000,0.00,0.00,0.00,0.0000,0.00,0.00,0.00,1.0000
133.1,4,Cocina,0.00,20.09,20.09,20.09,0.0049,2.52,2.398,2.400,2.400,0.000,0.20884,3,0,1413,0.0007,100.0,0,-1.0,3500.00,0.0000,0.00,0.00,0.00,0.0000,0.00,0.00,0.00,1.0000
133.1,5,Bano,0.00,20.16,20.16,20.16,0.0013,4.50,2.399,2.400,2.400,0.000,0.20870,5,0,728,0.0007,100.0,0,-1.0,400.00,0.0000,0.00,0.00,0.00,0.0000,0.00,0.00,0.00,1.0000
134.1,0,Salon,788.87,406.55,60.88,60.88,0.1024,0.16,2.337,1.557,1.972,4.194,0.17298,27,2135,4445,0.0029,100.0,0,-1.0,5960.37,0.0000,942.95,788.87,0.00,0.0000,942.95,0.00,0.00,1.0000
134.1,1,Pasillo,0.00,78.78,37.18,37.18,0.0711,0.12,2.316,1.693,2.400,1.057,0.20307,113,386,15856,0.0020,100.0,0,-1.0,800.00,0.0000,0.00,0.00,0.00,0.0000,0.00,0.00,0.00,1.0000
134.1,2,Dormitorio1,0.00,20.14,20.14,20.14,0.0043,2.01,2.398,2.400,2.400,0.000,0.20875,4,0,1614,0.0007,100.0,0,-1.0,3500.00,0.0000,0.00,0.00,0.00,0.0000,0.00,0.00,0.00,1.0000
134.1,3,Dormitorio2,0.00,20.20,20.20,20.20,0.0025,2.31,2.398,2.400,2.400,0.000,0.20862,6,0,1352,0.0007,100.0,0,-1.0,2500.00,0.0000,0.00,0.00,0.00,0.0000,0.00,0.00,0.00,1.0000
134.1,4,Cocina,0.00,20.10,20.10,20.10,0.0051,2.43,2.398,2.400,2.400,0.000,0.20882,3,0,1470,0.0007,100.0,0,-1.0,3500.00,0.0000,0.00,0.00,0.00,0.0000,0.00,0.00,0.00,1.0000
134.1,5,Bano,0.00,20.18,20.18,20.18,0.0014,4.02,2.399,2.400,2.400,0.000,0.20868,5,0,836,0.0007,100.0,0,-1.0,400.00,0.0000,0.00,0.00,0.00,0.0000,0.00,0.00,0.00,1.0000
135.1,0,Salon,803.18,405.05,60.69,60.69,0.0966,0.17,2.340,1.550,1.963,4.238,0.17214,23,2536,3742,0.0030,100.0,0,-1.0,5959.42,0.0000,956.79,803.18,0.00,0.0000,956.79,0.00,0.00,1.0000
135.1,1,Pasillo,0.00,82.24,38.32,38.32,0.0799,0.11,2.306,1.690,2.400,1.126,0.20299,124,437,17751,0.0021,100.0,0,-1.0,800.00,0.0000,0.00,0.00,0.00,0.0000,0.00,0.00,0.00,1.0000
135.1,2,Dormitorio1,0.00,20.16,20.16,20.16,0.0045,1.92,2.398,2.400,2.400,0.000,0.20873,5,0,1711,0.0007,100.0,0,-1.0,3500.00,0.0000,0.00,0.00,0.00,0.0000,0.00,0.00,0.00,1.0000
135.1,3,Dormitorio2,0.00,20.23,20.23,20.23,0.0027,2.13,2.398,2.400,2.400,0.000,0.20859,7,0,1499,0.0007,100.0,0,-1.0,2500.00,0.0000,0.00,0.00,0.00,0.0000,0.00,0.00,0.00,1.0000
135.1,4,Cocina,0.00,20.11,20.11,20.11,0.0053,2.34,2.398,2.400,2.400,0.000,0.20881,3,0,1538,0.0007,100.0,0,-1.0,3500.00,0.0000,0.00,0.00,0.00,0.0000,0.00,0.00,0.00,1.0000
135.1,5,Bano,0.00,20.20,20.20,20.20,0.0016,3.57,2.399,2.400,2.400,0.000,0.20865,6,0,966,0.0007,100.0,0,-1.0,400.00,0.0000,0.00,0.00,0.00,0.0000,0.00,0.00,0.00,1.0000
136.1,0,Salon,817.36,393.69,60.41,60.41,0.0868,0.19,2.343,1.542,1.956,4.253,0.17129,17,3181,2812,0.0030,100.0,0,-1.0,5958.45,0.0000,968.40,817.36,0.00,0.0000,968.40,0.00,0.00,1.0000
136.1,1,Pasillo,0.00,85.47,39.49,39.49,0.0925,0.09,2.292,1.689,2.400,1.194,0.20290,139,501,20091,0.0022,100.0,0,-1.0,800.00,0.0000,0.00,0.00,0.00,0.0000,0.00,0.00,0.00,1.0000
136.1,2,Dormitorio1,0.00,20.18,20.18,20.18,0.0048,1.82,2.398,2.400,2.400,0.000,0.20871,6,0,1829,0.0007,100.0,0,-1.0,3500.00,0.0000,0.00,0.00,0.00,0.0000,0.00,0.00,0.00,1.0000
136.1,3,Dormitorio2,0.00,20.26,20.26,20.26,0.0030,1.95,2.398,2.400,2.400,0.000,0.20856,8,0,1676,0.0007,100.0,0,-1.0,2500.00,0.0000,0.00,0.00,0.00,0.0000,0.00,0.00,0.00,1.0000
136.1,4,Cocina,0.00,20.13,20.13,20.13,0.0056,2.23,2.398,2.400,2.400,0.000,0.20880,4,0,1621,0.0007,100.0,0,-1.0,3500.00,0.0000,0.00,0.00,0.00,0.0000,0.00,0.00,0.00,1.0000
136.1,5,Bano,0.00,20.23,20.23,20.23,0.0018,3.14,2.399,2.400,2.400,0.000,0.20862,7,0,1122,0.0007,100.0,0,-1.0,400.00,0.0000,0.00,0.00,0.00,0.0000,0.00,0.00,0.00,1.0000
137.1,0,Salon,830.90,326.18,60.07,60.07,0.0677,0.24,2.347,1.535,1.952,4.179,0.17042,9,4603,1487,0.0031,100.0,0,-1.0,5957.48,0.0000,967.89,830.90,0.00,0.0000,967.89,0.00,0.00,1.0000
137.1,1,Pasillo,0.00,87.79,40.66,40.66,0.1141,0.08,2.273,1.690,2.400,1.260,0.20281,158,587,23201,0.0024,100.0,0,-1.0,800.00,0.0000,0.00,0.00,0.00,0.0000,0.00,0.00,0.00,1.0000
137.1,2,Dormitorio1,0.00,20.20,20.20,20.20,0.0051,1.71,2.397,2.400,2.400,0.000,0.20868,6,0,1972,0.0007,100.0,0,-1.0,3500.00,0.0000,0.00,0.00,0.00,0.0000,0.00,0.00,0.00,1.0000
137.1,3,Dormitorio2,0.00,20.30,20.30,20.30,0.0033,1.76,2.398,2.400,2.400,0.000,0.20853,10,0,1891,0.0007,100.0,0,-1.0,2500.00,0.0000,0.00,0.00,0.00,0.0000,0.00,0.00,0.00,1.0000
137.1,4,Cocina,0.00,20.14,20.14,20.14,0.0059,2.11,2.398,2.400,2.400,0.000,0.20878,5,0,1721,0.0007,100.0,0,-1.0,3500.00,0.0000,0.00,0.00,0.00,0.0000,0.00,0.00,0.00,1.0000
137.1,5,Bano,0.00,20.26,20.26,20.26,0.0021,2.72,2.398,2.400,2.400,0.000,0.20859,8,0,1312,0.0007,100.0,0,-1.0,400.00,0.0000,0.00,0.00,0.00,0.0000,0.00,0.00,0.00,1.0000
138.1,0,Salon,839.70,59.70,59.70,59.70,0.0251,0.66,2.355,1.531,1.957,3.319,0.16948,1,704,199,0.0031,100.0,0,-1.0,5956.55,0.0000,906.83,839.70,0.00,0.0000,906.83,0.00,0.00,1.0000
138.1,1,Pasillo,0.00,86.67,41.71,41.71,0.1570,0.06,2.240,1.693,2.400,1.315,0.20273,177,683,26287,0.0026,100.0,0,-1.0,800.00,0.0000,0.00,0.00,0.00,0.0000,0.00,0.00,0.00,1.0000
138.1,2,Dormitorio1,0.00,20.23,20.23,20.23,0.0056,1.57,2.397,2.400,2.400,0.000,0.20866,8,0,2151,0.0007,100.0,0,-1.0,3500.00,0.0000,0.00,0.00,0.00,0.0000,0.00,0.00,0.00,1.0000
138.1,3,Dormitorio2,0.00,20.34,20.34,20.34,0.0037,1.55,2.397,2.400,2.400,0.000,0.20849,11,0,2159,0.0007,100.0,0,-1.0,2500.00,0.0000,0.00,0.00,0.00,0.0000,0.00,0.00,0.00,1.0000
138.1,4,Cocina,0.00,20.16,20.16,20.16,0.0063,1.96,2.398,2.400,2.400,0.000,0.20876,5,0,1846,0.0007,100.0,0,-1.0,3500.00,0.0000,0.00,0.00,0.00,0.0000,0.00,0.00,0.00,1.0000
138.1,5,Bano,0.00,20.30,20.30,20.30,0.0025,2.29,2.398,2.400,2.400,0.000,0.20856,10,0,1547,0.0007,100.0,0,-1.0,400.00,0.0000,0.00,0.00,0.00,0.0000,0.00,0.00,0.00,1.0000
139.1,0,Salon,846.27,59.35,59.35,59.35,0.0104,1.59,2.358,1.527,1.965,1.939,0.16846,1,550,156,0.0031,100.0,0,-1.0,5955.64,0.0000,919.92,846.27,0.00,0.0000,919.92,0.00,0.00,1.0000
139.1,1,Pasillo,0.00,84.02,42.54,42.54,0.1720,0.05,2.233,1.702,2.400,1.350,0.20263,181,730,26961,0.0028,100.0,0,-1.0,800.00,0.0000,0.00,0.00,0.00,0.0000,0.00,0.00,0.00,1.0000
139.1,2,Dormitorio1,0.00,20.26,20.26,20.26,0.0061,1.42,2.397,2.400,2.400,0.000,0.20863,9,0,2346,0.0007,100.0,0,-1.0,3500.00,0.0000,0.00,0.00,0.00,0.0000,0.00,0.00,0.00,1.0000
139.1,3,Dormitorio2,0.00,20.38,20.38,20.38,0.0043,1.34,2.397,2.400,2.400,0.000,0.20845,13,0,2451,0.0007,100.0,0,-1.0,2500.00,0.0000,0.00,0.00,0.00,0.0000,0.00,0.00,0.00,1.0000
139.1,4,Cocina,0.00,20.18,20.18,20.18,0.0069,1.80,2.398,2.400,2.400,0.000,0.20874,6,0,1983,0.0007,100.0,0,-1.0,3500.00,0.0000,0.00,0.00,0.00,0.0000,0.00,0.00,0.00,1.0000
139.1,5,Bano,0.00,20.34,20.34,20.34,0.0030,1.91,2.398,2.400,2.400,0.000,0.20853,11,0,1804,0.0007,100.0,0,-1.0,400.00,0.0000,0.00,0.00,0.00,0.0000,0.00,0.00,0.00,1.0000
140.1,0,Salon,853.42,59.01,59.01,59.01,0.0096,1.72,2.361,1.524,1.973,1.807,0.16744,1,646,183,0.0032,100.0,0,-1.0,5954.71,0.0000,933.10,853.42,0.00,0.0000,933.10,0.00,0.00,1.0000
140.1,1,Pasillo,0.00,81.58,43.22,43.22,0.1803,0.05,2.234,1.716,2.400,1.365,0.20252,185,779,27677,0.0030,100.0,0,-1.0,800.00,0.0000,0.00,0.00,0.00,0.0000,0.00,0.00,0.00,1.0000
140.1,2,Dormitorio1,0.00,20.29,20.29,20.29,0.0067,1.29,2.397,2.400,2.400,0.000,0.20861,10,0,2544,0.0007,100.0,0,-1.0,3500.00,0.0000,0.00,0.00,0.00,0.0000,0.00,0.00,0.00,1.0000
140.1,3,Dormitorio2,0.00,20.43,20.43,20.43,0.0049,1.18,2.396,2.400,2.400,0.000,0.20841,15,0,2748,0.0008,100.0,0,-1.0,2500.00,0.0000,0.00,0.00,0.00,0.0000,0.00,0.00,0.00,1.0000
140.1,4,Cocina,0.00,20.20,20.20,20.20,0.0075,1.65,2.397,2.400,2.400,0.000,0.20873,7,0,2122,0.0007,100.0,0,-1.0,3500.00,0.0000,0.00,0.00,0.00,0.0000,0.00,0.00,0.00,1.0000
140.1,5,Bano,0.00,20.38,20.38,20.38,0.0036,1.63,2.397,2.400,2.400,0.000,0.20849,13,0,2065,0.0007,100.0,0,-1.0,400.00,0.0000,0.00,0.00,0.00,0.0000,0.00,0.00,0.00,1.0000
141.1,0,Salon,861.11,58.68,58.68,58.68,0.0098,1.69,2.363,1.520,1.981,1.706,0.16641,1,705,200,0.0032,100.0,0,-1.0,5953.77,0.0000,946.37,861.11,0.00,0.0000,946.37,0.00,0.00,1.0000
141.1,1,Pasillo,0.00,79.37,43.77,43.77,0.1878,0.05,2.237,1.733,2.400,1.363,0.20240,190,832,28432,0.0032,100.0,0,-1.0,800.00,0.0000,0.00,0.00,0.00,0.0000,0.00,0.00,0.00,1.0000
141.1,2,Dormitorio1,0.00,20.32,20.32,20.32,0.0073,1.18,2.396,2.400,2.400,0.000,0.20858,11,0,2740,0.0007,100.0,0,-1.0,3500.00,0.0000,0.00,0.00,0.00,0.0000,0.00,0.00,0.00,1.0000
141.1,3,Dormitorio2,0.00,20.47,20.47,20.47,0.0055,1.05,2.396,2.400,2.400,0.000,0.20837,17,0,3041,0.0008,100.0,0,-1.0,2500.00,0.0000,0.00,0.00,0.00,0.0000,0.00,0.00,0.00,1.0000
141.1,4,Cocina,0.00,20.22,20.22,20.22,0.0081,1.53,2.397,2.400,2.400,0.000,0.20871,8,0,2260,0.0007,100.0,0,-1.0,3500.00,0.0000,0.00,0.00,0.00,0.0000,0.00,0.00,0.00,1.0000
141.1,5,Bano,0.00,20.41,20.41,20.41,0.0041,1.41,2.397,2.400,2.400,0.000,0.20846,15,0,2323,0.0008,100.0,0,-1.0,400.00,0.0000,0.00,0.00,0.00,0.0000,0.00,0.00,0.00,1.0000
142.1,0,Salon,869.30,58.34,58.34,58.34,0.0103,1.61,2.366,1.515,1.988,1.615,0.16538,2,893,253,0.0033,100.0,0,-1.0,5952.82,0.0000,959.74,869.30,0.00,0.0000,959.74,0.00,0.00,1.0000
142.1,1,Pasillo,0.00,77.32,44.22,44.22,0.1950,0.04,2.240,1.752,2.400,1.348,0.20226,194,885,29149,0.0034,100.0,0,-1.0,800.00,0.0000,0.00,0.00,0.00,0.0000,0.00,0.00,0.00,1.0000
142.1,2,Dormitorio1,0.00,20.34,20.34,20.34,0.0080,1.09,2.396,2.400,2.400,0.000,0.20855,12,0,2931,0.0008,100.0,0,-1.0,3500.00,0.0000,0.00,0.00,0.00,0.0000,0.00,0.00,0.00,1.0000
142.1,3,Dormitorio2,0.00,20.51,20.51,20.51,0.0062,0.94,2.395,2.400,2.400,0.000,0.20833,18,0,3328,0.0008,100.0,0,-1.0,2500.00,0.0000,0.00,0.00,0.00,0.0000,0.00,0.00,0.00,1.0000
142.1,4,Cocina,0.00,20.24,20.24,20.24,0.0088,1.42,2.397,2.400,2.400,0.000,0.20869,9,0,2395,0.0007,100.0,0,-1.0,3500.00,0.0000,0.00,0.00,0.00,0.0000,0.00,0.00,0.00,1.0000
142.1,5,Bano,0.00,20.45,20.45,20.45,0.0046,1.25,2.397,2.400,2.400,0.000,0.20842,16,0,2576,0.0008,100.0,0,-1.0,400.00,0.0000,0.00,0.00,0.00,0.0000,0.00,0.00,0.00,1.0000
143.1,0,Salon,877.95,58.01,58.01,58.01,0.0097,1.71,2.368,1.511,1.996,1.547,0.16433,1,659,187,0.0033,100.0,0,-1.0,5951.85,0.0000,973.20,877.95,0.00,0.0000,973.20,0.00,0.00,1.0000
143.1,1,Pasillo,0.00,75.37,44.58,44.58,0.2035,0.04,2.242,1.772,2.400,1.322,0.20211,200,943,30127,0.0037,100.0,0,-1.0,800.00,0.0000,0.00,0.00,0.00,0.0000,0.00,0.00,0.00,1.0000
143.1,2,Dormitorio1,0.00,20.37,20.37,20.37,0.0086,1.01,2.396,2.400,2.400,0.000,0.20852,14,0,3118,0.0008,100.0,0,-1.0,3500.00,0.0000,0.00,0.00,0.00,0.0000,0.00,0.00,0.00,1.0000
143.1,3,Dormitorio2,0.00,20.55,20.55,20.55,0.0068,0.86,2.395,2.400,2.400,0.000,0.20829,20,0,3607,0.0008,100.0,0,-1.0,2500.00,0.0000,0.00,0.00,0.00,0.0000,0.00,0.00,0.00,1.0000
143.1,4,Cocina,0.00,20.26,20.26,20.26,0.0094,1.32,2.397,2.400,2.400,0.000,0.20867,10,0,2526,0.0007,100.0,0,-1.0,3500.00,0.0000,0.00,0.00,0.00,0.0000,0.00,0.00,0.00,1.0000
143.1,5,Bano,0.00,20.48,20.48,20.48,0.0052,1.12,2.396,2.400,2.400,0.000,0.20839,18,0,2822,0.0008,100.0,0,-1.0,400.00,0.0000,0.00,0.00,0.00,0.0000,0.00,0.00,0.00,1.0000
144.1,0,Salon,886.82,57.68,57.68,57.68,0.0100,1.66,2.370,1.507,2.004,1.483,0.16328,1,692,196,0.0034,100.0,0,-1.0,5950.87,0.0000,975.11,886.82,0.00,0.0000,975.11,0.00,0.00,0.9999
144.1,1,Pasillo,0.00,73.64,44.86,44.86,0.2113,0.04,2.244,1.792,2.400,1.289,0.20194,205,1001,30996,0.0040,100.0,0,-1.0,800.00,0.0000,0.00,0.00,0.00,0.0000,0.00,0.00,0.00,1.0000
144.1,2,Dormitorio1,0.00,20.40,20.40,20.40,0.0092,0.95,2.395,2.400,2.400,0.000,0.20850,15,0,3301,0.0008,100.0,0,-1.0,3500.00,0.0000,0.00,0.00,0.00,0.0000,0.00,0.00,0.00,1.0000
144.1,3,Dormitorio2,0.00,20.59,20.59,20.59,0.0074,0.79,2.394,2.400,2.400,0.000,0.20824,22,0,3879,0.0008,100.0,0,-1.0,2500.00,0.0000,0.00,0.00,0.00,0.0000,0.00,0.00,0.00,1.0000
144.1,4,Cocina,0.00,20.28,20.28,20.28,0.0100,1.24,2.396,2.400,2.400,0.000,0.20865,10,0,2655,0.0008,100.0,0,-1.0,3500.00,0.0000,0.00,0.00,0.00,0.0000,0.00,0.00,0.00,1.0000
144.1,5,Bano,0.00,20.52,20.52,20.52,0.0057,1.01,2.396,2.400,2.400,0.000,0.20835,19,0,3061,0.0008,100.0,0,-1.0,400.00,0.0000,0.00,0.00,0.00,0.0000,0.00,0.00,0.00,1.0000
145.1,0,Salon,893.49,57.36,57.36,57.36,0.0100,1.66,2.372,1.503,2.011,1.431,0.16221,1,699,198,0.0035,100.0,0,-1.0,5949.91,0.0000,951.40,893.49,0.00,0.0000,951.40,0.00,0.00,0.9990
145.1,1,Pasillo,0.00,72.04,45.07,45.07,0.2191,0.04,2.245,1.812,2.400,1.249,0.20176,210,1061,31907,0.0042,100.0,0,-1.0,800.00,0.0000,0.00,0.00,0.00,0.0000,0.00,0.00,0.00,1.0000
145.1,2,Dormitorio1,0.00,20.42,20.42,20.42,0.0098,0.89,2.395,2.400,2.400,0.000,0.20847,16,0,3479,0.0008,100.0,0,-1.0,3500.00,0.0000,0.00,0.00,0.00,0.0000,0.00,0.00,0.00,1.0000
145.1,3,Dormitorio2,0.00,20.63,20.63,20.63,0.0080,0.73,2.394,2.400,2.400,0.000,0.20820,23,0,4146,0.0008,100.0,0,-1.0,2500.00,0.0000,0.00,0.00,0.00,0.0000,0.00,0.00,0.00,1.0000
145.1,4,Cocina,0.00,20.30,20.30,20.30,0.0106,1.17,2.396,2.400,2.400,0.000,0.20863,11,0,2780,0.0008,100.0,0,-1.0,3500.00,0.0000,0.00,0.00,0.00,0.0000,0.00,0.00,0.00,1.0000
145.1,5,Bano,0.00,20.55,20.55,20.55,0.0063,0.93,2.395,2.400,2.400,0.000,0.20832,21,0,3296,0.0008,100.0,0,-1.0,400.00,0.0000,0.00,0.00,0.00,0.0000,0.00,0.00,0.00,1.0000
146.1,0,Salon,897.35,57.04,57.04,57.04,0.0098,1.69,2.373,1.501,2.018,1.387,0.16114,1,702,198,0.0035,100.0,0,-1.0,5948.97,0.0000,925.11,897.35,0.00,0.0000,925.11,0.00,0.00,0.9969
146.1,1,Pasillo,0.00,70.54,45.23,45.23,0.2270,0.04,2.246,1.830,2.400,1.206,0.20157,216,1122,32842,0.0045,100.0,0,-1.0,800.00,0.0000,0.00,0.00,0.00,0.0000,0.00,0.00,0.00,1.0000
146.1,2,Dormitorio1,0.00,20.44,20.44,20.44,0.0104,0.84,2.395,2.400,2.400,0.000,0.20844,17,0,3655,0.0008,100.0,0,-1.0,3500.00,0.0000,0.00,0.00,0.00,0.0000,0.00,0.00,0.00,1.0000
146.1,3,Dormitorio2,0.00,20.66,20.66,20.66,0.0086,0.67,2.393,2.400,2.400,0.000,0.20815,25,0,4407,0.0009,100.0,0,-1.0,2500.00,0.0000,0.00,0.00,0.00,0.0000,0.00,0.00,0.00,1.0000
146.1,4,Cocina,0.00,20.31,20.31,20.31,0.0112,1.11,2.396,2.400,2.400,0.000,0.20861,12,0,2904,0.0008,100.0,0,-1.0,3500.00,0.0000,0.00,0.00,0.00,0.0000,0.00,0.00,0.00,1.0000
146.1,5,Bano,0.00,20.58,20.58,20.58,0.0068,0.85,2.395,2.400,2.400,0.000,0.20828,22,0,3527,0.0008,100.0,0,-1.0,400.00,0.0000,0.00,0.00,0.00,0.0000,0.00,0.00,0.00,1.0000
147.1,0,Salon,898.44,56.72,56.72,56.72,0.0096,1.72,2.375,1.501,2.025,1.349,0.16006,1,707,198,0.0036,100.0,0,-1.0,5948.06,0.0000,896.50,898.44,0.00,0.0000,896.50,0.00,0.00,0.9938
147.1,1,Pasillo,0.00,69.16,45.34,45.34,0.2347,0.04,2.245,1.848,2.400,1.160,0.20136,222,1183,33786,0.0048,100.0,0,-1.0,800.00,0.0000,0.00,0.00,0.00,0.0000,0.00,0.00,0.00,1.0000
147.1,2,Dormitorio1,0.00,20.46,20.46,20.46,0.0110,0.79,2.394,2.400,2.400,0.000,0.20841,18,0,3829,0.0008,100.0,0,-1.0,3500.00,0.0000,0.00,0.00,0.00,0.0000,0.00,0.00,0.00,1.0000
147.1,3,Dormitorio2,0.00,20.69,20.69,20.69,0.0092,0.63,2.393,2.400,2.400,0.000,0.20811,27,0,4666,0.0009,100.0,0,-1.0,2500.00,0.0000,0.00,0.00,0.00,0.0000,0.00,0.00,0.00,1.0000
147.1,4,Cocina,0.00,20.33,20.33,20.33,0.0118,1.05,2.396,2.400,2.400,0.000,0.20859,13,0,3026,0.0008,100.0,0,-1.0,3500.00,0.0000,0.00,0.00,0.00,0.0000,0.00,0.00,0.00,1.0000
147.1,5,Bano,0.00,20.61,20.61,20.61,0.0073,0.79,2.394,2.400,2.400,0.000,0.20825,23,0,3755,0.0009,100.0,0,-1.0,400.00,0.0000,0.00,0.00,0.00,0.0000,0.00,0.00,0.00,1.0000
148.1,0,Salon,897.54,56.40,56.40,56.40,0.0097,1.70,2.377,1.501,2.032,1.322,0.15898,2,776,216,0.0037,100.0,0,-1.0,5947.18,0.0000,865.86,897.54,0.00,0.0000,865.86,0.00,0.00,0.9897
148.1,1,Pasillo,0.00,67.85,45.41,45.41,0.2421,0.04,2.244,1.865,2.400,1.114,0.20114,228,1243,34700,0.0051,99.9,0,-1.0,800.00,0.0000,0.00,0.00,0.00,0.0000,0.00,0.00,0.00,1.0000
148.1,2,Dormitorio1,0.00,20.49,20.49,20.49,0.0116,0.75,2.394,2.400,2.400,0.000,0.20838,19,0,4001,0.0008,100.0,0,-1.0,3500.00,0.0000,0.00,0.00,0.00,0.0000,0.00,0.00,0.00,1.0000
148.1,3,Dormitorio2,0.00,20.72,20.72,20.72,0.0098,0.59,2.392,2.400,2.400,0.000,0.20806,28,0,4923,0.0009,100.0,0,-1.0,2500.00,0.0000,0.00,0.00,0.00,0.0000,0.00,0.00,0.00,1.0000
148.1,4,Cocina,0.00,20.34,20.34,20.34,0.0124,1.00,2.396,2.400,2.400,0.000,0.20857,13,0,3148,0.0008,100.0,0,-1.0,3500.00,0.0000,0.00,0.00,0.00,0.0000,0.00,0.00,0.00,1.0000
148.1,5,Bano,0.00,20.63,20.63,20.63,0.0078,0.74,2.394,2.400,2.400,0.000,0.20821,25,0,3982,0.0009,100.0,0,-1.0,400.00,0.0000,0.00,0.00,0.00,0.0000,0.00,0.00,0.00,1.0000
149.1,0,Salon,895.14,56.09,56.09,56.09,0.0089,1.86,2.378,1.502,2.039,1.293,0.15791,2,420,177,0.0037,100.0,0,-1.0,5946.33,0.0000,833.45,895.14,0.00,0.0000,833.45,0.00,0.00,0.9846
149.1,1,Pasillo,0.00,66.55,45.44,45.44,0.2506,0.03,2.242,1.880,2.400,1.067,0.20091,233,1295,35717,0.0054,99.9,0,-1.0,800.00,0.0000,0.00,0.00,0.00,0.0000,0.00,0.00,0.00,1.0000
149.1,2,Dormitorio1,0.00,20.51,20.51,20.51,0.0122,0.71,2.394,2.400,2.400,0.000,0.20835,20,0,4173,0.0009,100.0,0,-1.0,3500.00,0.0000,0.00,0.00,0.00,0.0000,0.00,0.00,0.00,1.0000
149.1,3,Dormitorio2,0.00,20.75,20.75,20.75,0.0104,0.56,2.392,2.400,2.400,0.000,0.20802,30,0,5179,0.0009,100.0,0,-1.0,2500.00,0.0000,0.00,0.00,0.00,0.0000,0.00,0.00,0.00,1.0000
149.1,4,Cocina,0.00,20.36,20.36,20.36,0.0130,0.95,2.395,2.400,2.400,0.000,0.20855,14,0,3269,0.0008,100.0,0,-1.0,3500.00,0.0000,0.00,0.00,0.00,0.0000,0.00,0.00,0.00,1.0000
149.1,5,Bano,0.00,20.66,20.66,20.66,0.0084,0.69,2.394,2.400,2.400,0.000,0.20817,26,0,4207,0.0009,100.0,0,-1.0,400.00,0.0000,0.00,0.00,0.00,0.0000,0.00,0.00,0.00,1.0000
150.1,0,Salon,891.23,55.77,55.77,55.77,0.0087,1.89,2.379,1.504,2.046,1.267,0.15684,3,648,177,0.0038,100.0,0,-1.0,5945.52,0.0000,799.48,891.23,0.00,0.0000,799.48,0.00,0.00,0.9786
150.1,1,Pasillo,0.00,65.73,45.48,45.48,0.2587,0.03,2.239,1.894,2.400,1.022,0.20066,238,1338,36656,0.0058,99.9,0,-1.0,800.00,0.0000,0.00,0.00,0.00,0.0000,0.00,0.00,0.00,1.0000
150.1,2,Dormitorio1,0.00,20.52,20.52,20.52,0.0128,0.68,2.393,2.400,2.400,0.000,0.20832,21,0,4344,0.0009,100.0,0,-1.0,3500.00,0.0000,0.00,0.00,0.00,0.0000,0.00,0.00,0.00,1.0000
150.1,3,Dormitorio2,0.00,20.78,20.78,20.78,0.0110,0.53,2.392,2.400,2.400,0.000,0.20797,31,0,5434,0.0010,100.0,0,-1.0,2500.00,0.0000,0.00,0.00,0.00,0.0000,0.00,0.00,0.00,1.0000
150.1,4,Cocina,0.00,20.37,20.37,20.37,0.0136,0.91,2.395,2.400,2.400,0.000,0.20853,15,0,3390,0.0008,100.0,0,-1.0,3500.00,0.0000,0.00,0.00,0.00,0.0000,0.00,0.00,0.00,1.0000
150.1,5,Bano,0.00,20.68,20.68,20.68,0.0089,0.65,2.393,2.400,2.400,0.000,0.20814,28,0,4432,0.0009,100.0,0,-1.0,400.00,0.0000,0.00,0.00,0.00,0.0000,0.00,0.00,0.00,1.0000
151.1,0,Salon,885.82,55.45,55.45,55.45,0.0088,1.88,2.381,1.507,2.053,1.244,0.15577,3,656,176,0.0039,100.0,0,-1.0,5944.74,0.0000,764.22,885.82,0.00,0.0000,764.22,0.00,0.00,0.9716
151.1,1,Pasillo,0.00,65.08,45.51,45.51,0.2666,0.03,2.236,1.905,2.400,0.979,0.20040,244,1383,37586,0.0061,99.9,0,-1.0,800.00,0.0000,0.00,0.00,0.00,0.0000,0.00,0.00,0.00,1.0000
151.1,2,Dormitorio1,0.00,20.54,20.54,20.54,0.0134,0.65,2.393,2.400,2.400,0.000,0.20829,22,0,4515,0.0009,100.0,0,-1.0,3500.00,0.0000,0.00,0.00,0.00,0.0000,0.00,0.00,0.00,1.0000
151.1,3,Dormitorio2,0.00,20.81,20.81,20.81,0.0116,0.50,2.391,2.400,2.400,0.000,0.20793,33,0,5688,0.0010,100.0,0,-1.0,2500.00,0.0000,0.00,0.00,0.00,0.0000,0.00,0.00,0.00,1.0000
151.1,4,Cocina,0.00,20.38,20.38,20.38,0.0142,0.87,2.395,2.400,2.400,0.000,0.20851,16,0,3510,0.0008,100.0,0,-1.0,3500.00,0.0000,0.00,0.00,0.00,0.0000,0.00,0.00,0.00,1.0000
151.1,5,Bano,0.00,20.71,20.71,20.71,0.0094,0.62,2.393,2.400,2.400,0.000,0.20810,29,0,4656,0.0009,100.0,0,-1.0,400.00,0.0000,0.00,0.00,0.00,0.0000,0.00,0.00,0.00,1.0000
152.1,0,Salon,878.93,55.14,55.14,55.14,0.0090,1.84,2.382,1.511,2.060,1.222,0.15472,3,662,175,0.0040,100.0,0,-1.0,5943.99,0.0000,727.94,878.93,0.00,0.0000,727.94,0.00,0.00,0.9638
152.1,1,Pasillo,0.00,64.58,45.52,45.52,0.2748,0.03,2.233,1.914,2.400,0.940,0.20012,250,1426,38502,0.0065,99.9,0,-1.0,800.00,0.0000,0.00,0.00,0.00,0.0000,0.00,0.00,0.00,1.0000
152.1,2,Dormitorio1,0.00,20.56,20.56,20.56,0.0140,0.62,2.393,2.400,2.400,0.000,0.20826,23,0,4686,0.0009,100.0,0,-1.0,3500.00,0.0000,0.00,0.00,0.00,0.0000,0.00,0.00,0.00,1.0000
152.1,3,Dormitorio2,0.00,20.83,20.83,20.83,0.0122,0.48,2.391,2.400,2.400,0.000,0.20788,35,0,5943,0.0010,100.0,0,-1.0,2500.00,0.0000,0.00,0.00,0.00,0.0000,0.00,0.00,0.00,1.0000
152.1,4,Cocina,0.00,20.39,20.39,20.39,0.0148,0.84,2.395,2.400,2.400,0.000,0.20849,16,0,3631,0.0009,100.0,0,-1.0,3500.00,0.0000,0.00,0.00,0.00,0.0000,0.00,0.00,0.00,1.0000
152.1,5,Bano,0.00,20.73,20.73,20.73,0.0099,0.58,2.392,2.400,2.400,0.000,0.20806,30,0,4881,0.0010,100.0,0,-1.0,400.00,0.0000,0.00,0.00,0.00,0.0000,0.00,0.00,0.00,1.0000
153.1,0,Salon,870.58,54.82,54.82,54.82,0.0092,1.80,2.383,1.515,2.067,1.202,0.15367,3,668,173,0.0041,100.0,0,-1.0,5943.28,0.0000,690.88,870.58,0.00,0.0000,690.88,0.00,0.00,0.9551
153.1,1,Pasillo,0.00,64.27,45.54,45.54,0.2830,0.03,2.229,1.922,2.400,0.904,0.19983,257,1466,39398,0.0069,99.9,0,-1.0,800.00,0.0000,0.00,0.00,0.00,0.0000,0.00,0.00,0.00,1.0000
153.1,2,Dormitorio1,0.00,20.58,20.58,20.58,0.0146,0.60,2.392,2.400,2.400,0.000,0.20823,24,0,4858,0.0009,100.0,0,-1.0,3500.00,0.0000,0.00,0.00,0.00,0.0000,0.00,0.00,0.00,1.0000
153.1,3,Dormitorio2,0.00,20.86,20.86,20.86,0.0127,0.45,2.390,2.400,2.400,0.000,0.20783,36,0,6197,0.0010,100.0,0,-1.0,2500.00,0.0000,0.00,0.00,0.00,0.0000,0.00,0.00,0.00,1.0000
153.1,4,Cocina,0.00,20.41,20.41,20.41,0.0154,0.80,2.394,2.400,2.400,0.000,0.20847,17,0,3752,0.0009,100.0,0,-1.0,3500.00,0.0000,0.00,0.00,0.00,0.0000,0.00,0.00,0.00,1.0000
153.1,5,Bano,0.00,20.75,20.75,20.75,0.0105,0.55,2.392,2.400,2.400,0.000,0.20803,32,0,5105,0.0010,100.0,0,-1.0,400.00,0.0000,0.00,0.00,0.00,0.0000,0.00,0.00,0.00,1.0000
154.0,0,Salon,861.69,54.53,54.53,54.53,0.0094,1.76,2.384,1.519,2.072,1.185,0.15272,3,680,173,0.0042,100.0,0,-1.0,5942.67,0.0000,656.44,861.69,0.00,0.0000,656.44,0.00,0.00,0.9464
154.0,1,Pasillo,0.00,64.20,45.55,45.55,0.2908,0.03,2.225,1.927,2.400,0.875,0.19955,262,1500,40197,0.0072,99.9,0,-1.0,800.00,0.0000,0.00,0.00,0.00,0.0000,0.00,0.00,0.00,1.0000
154.0,2,Dormitorio1,0.00,20.59,20.59,20.59,0.0151,0.57,2.392,2.400,2.400,0.000,0.20820,25,0,5015,0.0010,100.0,0,-1.0,3500.00,0.0000,0.00,0.00,0.00,0.0000,0.00,0.00,0.00,1.0000
154.0,3,Dormitorio2,0.00,20.88,20.88,20.88,0.0133,0.44,2.390,2.400,2.400,0.000,0.20779,38,0,6432,0.0011,100.0,0,-1.0,2500.00,0.0000,0.00,0.00,0.00,0.0000,0.00,0.00,0.00,1.0000
154.0,4,Cocina,0.00,20.42,20.42,20.42,0.0160,0.78,2.394,2.400,2.400,0.000,0.20845,18,0,3863,0.0009,100.0,0,-1.0,3500.00,0.0000,0.00,0.00,0.00,0.0000,0.00,0.00,0.00,1.0000
154.0,5,Bano,0.00,20.77,20.77,20.77,0.0109,0.53,2.392,2.400,2.400,0.000,0.20799,33,0,5312,0.0010,100.0,0,-1.0,400.00,0.0000,0.00,0.00,0.00,0.0000,0.00,0.00,0.00,1.0000
155.0,0,Salon,850.67,54.21,54.21,54.21,0.0097,1.70,2.385,1.525,2.078,1.200,0.15170,3,699,175,0.0043,100.0,0,-1.0,5942.03,0.0000,618.62,850.67,0.00,0.0000,618.62,0.00,0.00,0.9362
155.0,1,Pasillo,0.00,64.45,45.57,45.57,0.2993,0.03,2.220,1.931,2.400,0.848,0.19923,269,1533,41040,0.0076,99.9,0,-1.0,800.00,0.0000,0.00,0.00,0.00,0.0000,0.00,0.00,0.00,1.0000
155.0,2,Dormitorio1,0.00,20.61,20.61,20.61,0.0158,0.55,2.392,2.400,2.400,0.000,0.20817,26,0,5188,0.0010,100.0,0,-1.0,3500.00,0.0000,0.00,0.00,0.00,0.0000,0.00,0.00,0.00,1.0000
155.0,3,Dormitorio2,0.00,20.91,20.91,20.91,0.0139,0.42,2.389,2.400,2.400,0.000,0.20774,39,0,6689,0.0011,100.0,0,-1.0,2500.00,0.0000,0.00,0.00,0.00,0.0000,0.00,0.00,0.00,1.0000
155.0,4,Cocina,0.00,20.43,20.43,20.43,0.0166,0.75,2.394,2.400,2.400,0.000,0.20843,19,0,3985,0.0009,100.0,0,-1.0,3500.00,0.0000,0.00,0.00,0.00,0.0000,0.00,0.00,0.00,1.0000
155.0,5,Bano,0.00,20.80,20.80,20.80,0.0115,0.51,2.391,2.400,2.400,0.000,0.20795,34,0,5539,0.0010,100.0,0,-1.0,400.00,0.0000,0.00,0.00,0.00,0.0000,0.00,0.00,0.00,1.0000
156.0,0,Salon,838.35,53.89,53.89,53.89,0.0101,1.64,2.386,1.531,2.083,1.262,0.15070,3,722,177,0.0044,100.0,0,-1.0,5941.43,0.0000,580.89,838.35,0.00,0.0000,580.89,0.00,0.00,0.9252
156.0,1,Pasillo,0.00,64.94,45.60,45.60,0.3080,0.03,2.215,1.934,2.400,0.826,0.19889,275,1562,41851,0.0081,99.9,0,-1.0,800.00,0.0000,0.00,0.00,0.00,0.0000,0.00,0.00,0.00,1.0000
156.0,2,Dormitorio1,0.00,20.63,20.63,20.63,0.0164,0.53,2.392,2.400,2.400,0.000,0.20814,28,0,5363,0.0010,100.0,0,-1.0,3500.00,0.0000,0.00,0.00,0.00,0.0000,0.00,0.00,0.00,1.0000
156.0,3,Dormitorio2,0.00,20.93,20.93,20.93,0.0145,0.40,2.389,2.400,2.400,0.000,0.20770,41,0,6948,0.0011,100.0,0,-1.0,2500.00,0.0000,0.00,0.00,0.00,0.0000,0.00,0.00,0.00,1.0000
156.0,4,Cocina,0.00,20.44,20.44,20.44,0.0172,0.72,2.394,2.400,2.400,0.000,0.20841,19,0,4108,0.0009,100.0,0,-1.0,3500.00,0.0000,0.00,0.00,0.00,0.0000,0.00,0.00,0.00,1.0000
156.0,5,Bano,0.00,20.82,20.82,20.82,0.0120,0.48,2.391,2.400,2.400,0.000,0.20791,36,0,5767,0.0011,100.0,0,-1.0,400.00,0.0000,0.00,0.00,0.00,0.0000,0.00,0.00,0.00,1.0000
157.0,0,Salon,825.03,68.41,53.58,53.58,0.0106,1.56,2.386,1.538,2.087,1.427,0.14974,3,753,181,0.0045,100.0,0,-1.0,5940.87,0.0000,560.22,825.03,0.00,0.0000,560.22,0.00,0.00,0.9137
157.0,1,Pasillo,0.00,66.09,45.64,45.64,0.3168,0.03,2.210,1.935,2.400,0.810,0.19851,281,1587,42623,0.0085,99.9,0,-1.0,800.00,0.0000,0.00,0.00,0.00,0.0000,0.00,0.00,0.00,1.0000
157.0,2,Dormitorio1,0.00,20.64,20.64,20.64,0.0170,0.51,2.391,2.400,2.400,0.000,0.20811,29,0,5539,0.0010,100.0,0,-1.0,3500.00,0.0000,0.00,0.00,0.00,0.0000,0.00,0.00,0.00,1.0000
157.0,3,Dormitorio2,0.00,20.96,20.96,20.96,0.0151,0.38,2.388,2.400,2.400,0.000,0.20766,43,0,7210,0.0011,100.0,0,-1.0,2500.00,0.0000,0.00,0.00,0.00,0.0000,0.00,0.00,0.00,1.0000
157.0,4,Cocina,0.00,20.45,20.45,20.45,0.0178,0.70,2.394,2.400,2.400,0.000,0.20838,20,0,4232,0.0009,100.0,0,-1.0,3500.00,0.0000,0.00,0.00,0.00,0.0000,0.00,0.00,0.00,1.0000
157.0,5,Bano,0.00,20.84,20.84,20.84,0.0125,0.46,2.390,2.400,2.400,0.000,0.20787,37,0,5998,0.0011,100.0,0,-1.0,400.00,0.0000,0.00,0.00,0.00,0.0000,0.00,0.00,0.00,1.0000
158.0,0,Salon,812.29,101.85,53.26,53.26,0.0110,1.50,2.387,1.545,2.090,1.702,0.14885,3,776,183,0.0047,100.0,0,-1.0,5940.30,0.0000,569.28,812.29,0.00,0.0000,569.28,0.00,0.00,0.9025
158.0,1,Pasillo,0.00,68.18,45.73,45.73,0.3258,0.03,2.204,1.928,2.400,0.801,0.19811,287,1608,43359,0.0090,99.9,0,-1.0,800.00,0.0000,0.00,0.00,0.00,0.0000,0.00,0.00,0.00,1.0000
158.0,2,Dormitorio1,0.00,20.66,20.66,20.66,0.0176,0.49,2.391,2.400,2.400,0.000,0.20807,30,0,5718,0.0010,100.0,0,-1.0,3500.00,0.0000,0.00,0.00,0.00,0.0000,0.00,0.00,0.00,1.0000
158.0,3,Dormitorio2,0.00,20.98,20.98,20.98,0.0158,0.37,2.388,2.400,2.400,0.000,0.20762,44,0,7476,0.0012,100.0,0,-1.0,2500.00,0.0000,0.00,0.00,0.00,0.0000,0.00,0.00,0.00,1.0000
158.0,4,Cocina,0.00,20.47,20.47,20.47,0.0185,0.67,2.393,2.400,2.400,0.000,0.20836,21,0,4358,0.0010,100.0,0,-1.0,3500.00,0.0000,0.00,0.00,0.00,0.0000,0.00,0.00,0.00,1.0000
158.0,5,Bano,0.00,20.86,20.86,20.86,0.0131,0.44,2.390,2.400,2.400,0.000,0.20783,39,0,6233,0.0011,100.0,0,-1.0,400.00,0.0000,0.00,0.00,0.00,0.0000,0.00,0.00,0.00,1.0000
159.0,0,Salon,800.91,142.49,52.93,52.93,0.0115,1.44,2.388,1.551,2.090,1.975,0.14801,3,848,195,0.0048,100.0,0,-1.0,5939.73,0.0000,546.77,800.91,0.00,0.0000,546.77,0.00,0.00,0.8920
159.0,1,Pasillo,0.00,70.82,45.86,45.86,0.3345,0.03,2.198,1.919,2.400,0.804,0.19794,293,1624,44013,0.0095,99.9,0,-1.0,800.00,0.0000,0.00,0.00,0.00,0.0000,0.00,0.00,0.00,1.0000
159.0,2,Dormitorio1,0.00,20.68,20.68,20.68,0.0183,0.48,2.390,2.400,2.400,0.000,0.20804,31,0,5903,0.0011,100.0,0,-1.0,3500.00,0.0000,0.00,0.00,0.00,0.0000,0.00,0.00,0.00,1.0000
159.0,3,Dormitorio2,0.00,21.01,21.01,21.01,0.0164,0.35,2.387,2.399,2.400,0.000,0.20758,46,124,7750,0.0012,100.0,0,-1.0,2500.00,0.0000,0.00,0.00,0.00,0.0000,0.00,0.00,0.00,1.0000
159.0,4,Cocina,0.00,20.48,20.48,20.48,0.0191,0.65,2.393,2.400,2.400,0.000,0.20834,22,0,4488,0.0010,100.0,0,-1.0,3500.00,0.0000,0.00,0.00,0.00,0.0000,0.00,0.00,0.00,1.0000
159.0,5,Bano,0.00,20.89,20.89,20.89,0.0137,0.42,2.389,2.400,2.400,0.000,0.20778,40,0,6475,0.0012,100.0,0,-1.0,400.00,0.0000,0.00,0.00,0.00,0.0000,0.00,0.00,0.00,1.0000
160.0,0,Salon,792.00,249.67,52.62,52.62,0.0119,1.39,2.388,1.556,2.090,1.977,0.14721,3,1044,237,0.0049,100.0,0,-1.0,5939.11,0.0000,667.48,792.00,0.00,0.0000,667.48,0.00,0.00,0.8828
160.0,1,Pasillo,0.00,73.06,46.02,46.02,0.3411,0.03,2.193,1.912,2.400,0.814,0.19778,298,1636,44490,0.0099,99.9,0,-1.0,800.00,0.0000,0.00,0.00,0.00,0.0000,0.00,0.00,0.00,1.0000
160.0,2,Dormitorio1,0.00,20.70,20.70,20.70,0.0190,0.46,2.390,2.400,2.400,0.000,0.20801,32,0,6093,0.0011,100.0,0,-1.0,3500.00,0.0000,0.00,0.00,0.00,0.0000,0.00,0.00,0.00,1.0000
160.0,3,Dormitorio2,0.00,29.18,21.04,21.04,0.0171,0.34,2.387,2.395,2.400,0.000,0.20754,48,481,8028,0.0012,100.0,0,-1.0,2500.00,0.0000,0.00,0.00,0.00,0.0000,0.00,0.00,0.00,1.0000
160.0,4,Cocina,0.00,20.49,20.49,20.49,0.0198,0.63,2.393,2.400,2.400,0.000,0.20831,23,0,4622,0.0010,100.0,0,-1.0,3500.00,0.0000,0.00,0.00,0.00,0.0000,0.00,0.00,0.00,1.0000
160.0,5,Bano,0.00,20.91,20.91,20.91,0.0143,0.41,2.389,2.400,2.400,0.000,0.20774,42,0,6723,0.0012,100.0,0,-1.0,400.00,0.0000,0.00,0.00,0.00,0.0000,0.00,0.00,0.00,1.0000
161.0,0,Salon,789.01,266.32,52.30,52.30,0.0130,1.27,2.389,1.557,2.084,1.997,0.14645,3,1235,276,0.0051,99.9,0,-1.0,5938.38,0.0000,709.46,789.01,0.00,0.0000,709.46,0.00,0.00,0.8767
161.0,1,Pasillo,0.00,75.48,46.23,46.23,0.3464,0.03,2.189,1.904,2.400,0.831,0.19762,302,1646,44907,0.0105,99.9,0,-1.0,800.00,0.0000,0.00,0.00,0.00,0.0000,0.00,0.00,0.00,1.0000
161.0,2,Dormitorio1,0.00,20.72,20.72,20.72,0.0197,0.44,2.390,2.400,2.400,0.000,0.20798,34,0,6288,0.0011,100.0,0,-1.0,3500.00,0.0000,0.00,0.00,0.00,0.0000,0.00,0.00,0.00,1.0000
161.0,3,Dormitorio2,0.00,35.31,21.07,21.07,0.0177,0.33,2.386,2.389,2.400,0.001,0.20750,50,704,8296,0.0013,100.0,0,-1.0,2500.00,0.0000,0.00,0.00,0.00,0.0000,0.00,0.00,0.00,1.0000
161.0,4,Cocina,0.00,20.51,20.51,20.51,0.0206,0.60,2.393,2.400,2.400,0.000,0.20829,24,0,4760,0.0010,100.0,0,-1.0,3500.00,0.0000,0.00,0.00,0.00,0.0000,0.00,0.00,0.00,1.0000
161.0,5,Bano,0.00,20.94,20.94,20.94,0.0149,0.39,2.388,2.400,2.400,0.000,0.20770,44,0,6979,0.0012,100.0,0,-1.0,400.00,0.0000,0.00,0.00,0.00,0.0000,0.00,0.00,0.00,1.0000
162.0,0,Salon,784.82,284.48,51.99,51.99,0.0140,1.18,2.389,1.560,2.079,1.947,0.14570,3,1401,310,0.0052,99.9,0,-1.0,5937.67,0.0000,703.19,784.82,0.00,0.0000,703.19,0.00,0.00,0.8701
162.0,1,Pasillo,0.00,77.67,46.47,46.47,0.3512,0.02,2.185,1.896,2.400,0.854,0.19746,306,1656,45265,0.0110,99.9,0,-1.0,800.00,0.0000,0.00,0.00,0.00,0.0000,0.00,0.00,0.00,1.0000
162.0,2,Dormitorio1,0.00,20.74,20.74,20.74,0.0204,0.43,2.389,2.400,2.400,0.000,0.20795,35,0,6490,0.0011,100.0,0,-1.0,3500.00,0.0000,0.00,0.00,0.00,0.0000,0.00,0.00,0.00,1.0000
162.0,3,Dormitorio2,0.00,37.79,21.10,21.10,0.0184,0.31,2.385,2.382,2.400,0.002,0.20746,51,703,8565,0.0013,100.0,0,-1.0,2500.00,0.0000,0.00,0.00,0.00,0.0000,0.00,0.00,0.00,1.0000
162.0,4,Cocina,0.00,20.52,20.52,20.52,0.0213,0.58,2.392,2.400,2.400,0.000,0.20826,25,0,4902,0.0010,100.0,0,-1.0,3500.00,0.0000,0.00,0.00,0.00,0.0000,0.00,0.00,0.00,1.0000
162.0,5,Bano,0.00,20.97,20.97,20.97,0.0155,0.37,2.388,2.400,2.400,0.000,0.20766,45,0,7243,0.0013,100.0,0,-1.0,400.00,0.0000,0.00,0.00,0.00,0.0000,0.00,0.00,0.00,1.0000
163.0,0,Salon,780.66,299.02,51.68,51.68,0.0154,1.08,2.390,1.562,2.072,1.984,0.14496,3,1583,346,0.0054,99.9,0,-1.0,5936.97,0.0000,696.04,780.66,0.00,0.0000,696.04,0.00,0.00,0.8634
163.0,1,Pasillo,0.00,80.08,46.75,46.75,0.3556,0.02,2.182,1.889,2.400,0.881,0.19730,310,1665,45584,0.0115,99.9,0,-1.0,800.00,0.0000,0.00,0.00,0.00,0.0000,0.00,0.00,0.00,1.0000
163.0,2,Dormitorio1,0.00,20.76,20.76,20.76,0.0212,0.41,2.389,2.400,2.400,0.000,0.20791,36,0,6698,0.0012,100.0,0,-1.0,3500.00,0.0000,0.00,0.00,0.00,0.0000,0.00,0.00,0.00,1.0000
163.0,3,Dormitorio2,0.00,39.16,21.13,21.13,0.0191,0.30,2.385,2.376,2.400,0.005,0.20741,53,703,8839,0.0014,100.0,0,-1.0,2500.00,0.0000,0.00,0.00,0.00,0.0000,0.00,0.00,0.00,1.0000
163.0,4,Cocina,0.00,20.54,20.54,20.54,0.0221,0.56,2.392,2.400,2.400,0.000,0.20824,25,0,5049,0.0011,100.0,0,-1.0,3500.00,0.0000,0.00,0.00,0.00,0.0000,0.00,0.00,0.00,1.0000
163.0,5,Bano,0.00,21.00,21.00,21.00,0.0162,0.36,2.387,2.400,2.400,0.000,0.20761,47,0,7515,0.0013,100.0,0,-1.0,400.00,0.0000,0.00,0.00,0.00,0.0000,0.00,0.00,0.00,1.0000
164.0,0,Salon,776.14,308.34,51.38,51.38,0.0164,1.01,2.390,1.564,2.064,1.981,0.14422,3,1727,373,0.0055,99.9,0,-1.0,5936.29,0.0000,681.45,776.14,0.00,0.0000,681.45,0.00,0.00,0.8566
164.0,1,Pasillo,0.00,82.50,47.08,47.08,0.3597,0.02,2.178,1.882,2.400,0.912,0.19715,313,1674,45847,0.0120,99.9,0,-1.0,800.00,0.0000,0.00,0.00,0.00,0.0000,0.00,0.00,0.00,1.0000
164.0,2,Dormitorio1,0.00,20.79,20.79,20.79,0.0220,0.40,2.389,2.400,2.400,0.000,0.20788,38,0,6913,0.0012,100.0,0,-1.0,3500.00,0.0000,0.00,0.00,0.00,0.0000,0.00,0.00,0.00,1.0000
164.0,3,Dormitorio2,0.00,40.06,21.17,21.17,0.0198,0.29,2.384,2.369,2.400,0.008,0.20737,55,705,9121,0.0014,100.0,0,-1.0,2500.00,0.0000,0.00,0.00,0.00,0.0000,0.00,0.00,0.00,1.0000
164.0,4,Cocina,0.00,20.56,20.56,20.56,0.0229,0.54,2.392,2.400,2.400,0.000,0.20821,26,0,5201,0.0011,100.0,0,-1.0,3500.00,0.0000,0.00,0.00,0.00,0.0000,0.00,0.00,0.00,1.0000
164.0,5,Bano,0.00,22.52,21.03,21.03,0.0169,0.34,2.387,2.397,2.400,0.000,0.20757,49,316,7796,0.0013,100.0,0,-1.0,400.00,0.0000,0.00,0.00,0.00,0.0000,0.00,0.00,0.00,1.0000
165.0,0,Salon,771.15,318.13,51.08,51.08,0.0178,0.93,2.390,1.567,2.056,2.025,0.14349,4,1927,412,0.0057,99.9,0,-1.0,5935.61,0.0000,667.67,771.15,0.00,0.0000,667.67,0.00,0.00,0.8496
165.0,1,Pasillo,0.00,84.92,47.44,47.44,0.3634,0.02,2.175,1.876,2.400,0.946,0.19700,316,1682,46059,0.0126,99.9,0,-1.0,800.00,0.0000,0.00,0.00,0.00,0.0000,0.00,0.00,0.00,1.0000
165.0,2,Dormitorio1,0.00,20.81,20.81,20.81,0.0228,0.38,2.388,2.400,2.400,0.000,0.20785,39,0,7136,0.0012,100.0,0,-1.0,3500.00,0.0000,0.00,0.00,0.00,0.0000,0.00,0.00,0.00,1.0000
165.0,3,Dormitorio2,0.00,40.73,21.21,21.21,0.0206,0.28,2.383,2.362,2.400,0.011,0.20733,57,707,9412,0.0014,100.0,0,-1.0,2500.00,0.0000,0.00,0.00,0.00,0.0000,0.00,0.00,0.00,1.0000
165.0,4,Cocina,0.00,20.57,20.57,20.57,0.0237,0.52,2.391,2.400,2.400,0.000,0.20819,28,0,5358,0.0011,100.0,0,-1.0,3500.00,0.0000,0.00,0.00,0.00,0.0000,0.00,0.00,0.00,1.0000
165.0,5,Bano,0.00,35.60,21.06,21.06,0.0176,0.33,2.386,2.392,2.400,0.000,0.20753,51,681,8072,0.0014,100.0,0,-1.0,400.00,0.0000,0.00,0.00,0.00,0.0000,0.00,0.00,0.00,1.0000
166.0,0,Salon,765.71,327.01,50.78,50.78,0.0195,0.85,2.391,1.570,2.047,2.100,0.14278,4,1880,460,0.0059,99.9,0,-1.0,5934.95,0.0000,652.68,765.71,0.00,0.0000,652.68,0.00,0.00,0.8424
166.0,1,Pasillo,0.00,87.34,47.85,47.85,0.3668,0.02,2.171,1.870,2.400,0.982,0.19685,319,1690,46216,0.0131,99.9,0,-1.0,800.00,0.0000,0.00,0.00,0.00,0.0000,0.00,0.00,0.00,1.0000
166.0,2,Dormitorio1,0.00,20.84,20.84,20.84,0.0237,0.37,2.388,2.400,2.400,0.000,0.20782,41,0,7366,0.0013,100.0,0,-1.0,3500.00,0.0000,0.00,0.00,0.00,0.0000,0.00,0.00,0.00,1.0000
166.0,3,Dormitorio2,0.00,41.26,21.26,21.26,0.0214,0.27,2.383,2.355,2.400,0.015,0.20728,59,710,9714,0.0015,100.0,0,-1.0,2500.00,0.0000,0.00,0.00,0.00,0.0000,0.00,0.00,0.00,1.0000
166.0,4,Cocina,0.00,20.59,20.59,20.59,0.0246,0.51,2.391,2.400,2.400,0.000,0.20816,29,0,5521,0.0011,100.0,0,-1.0,3500.00,0.0000,0.00,0.00,0.00,0.0000,0.00,0.00,0.00,1.0000
166.0,5,Bano,0.00,40.08,21.09,21.09,0.0183,0.32,2.385,2.386,2.400,0.002,0.20748,53,737,8343,0.0014,100.0,0,-1.0,400.00,0.0000,0.00,0.00,0.00,0.0000,0.00,0.00,0.00,1.0000
167.0,0,Salon,759.76,334.46,50.49,50.49,0.0217,0.76,2.391,1.573,2.039,2.194,0.14207,5,1830,519,0.0061,99.9,0,-1.0,5934.31,0.0000,635.74,759.76,0.00,0.0000,635.74,0.00,0.00,0.8350
167.0,1,Pasillo,0.00,89.73,48.30,48.30,0.3697,0.02,2.168,1.864,2.400,1.021,0.19671,321,1697,46310,0.0137,99.9,0,-1.0,800.00,0.0000,0.00,0.00,0.00,0.0000,0.00,0.00,0.00,1.0000
167.0,2,Dormitorio1,0.00,20.87,20.87,20.87,0.0246,0.35,2.387,2.400,2.400,0.000,0.20778,42,0,7604,0.0013,100.0,0,-1.0,3500.00,0.0000,0.00,0.00,0.00,0.0000,0.00,0.00,0.00,1.0000
167.0,3,Dormitorio2,0.00,41.70,21.31,21.31,0.0222,0.26,2.382,2.348,2.400,0.019,0.20723,61,712,10025,0.0015,100.0,0,-1.0,2500.00,0.0000,0.00,0.00,0.00,0.0000,0.00,0.00,0.00,1.0000
167.0,4,Cocina,0.00,20.61,20.61,20.61,0.0255,0.49,2.391,2.400,2.400,0.000,0.20813,30,0,5689,0.0011,100.0,0,-1.0,3500.00,0.0000,0.00,0.00,0.00,0.0000,0.00,0.00,0.00,1.0000
167.0,5,Bano,0.00,42.26,21.13,21.13,0.0190,0.30,2.385,2.379,2.400,0.004,0.20744,54,737,8618,0.0014,100.0,0,-1.0,400.00,0.0000,0.00,0.00,0.00,0.0000,0.00,0.00,0.00,1.0000
168.0,0,Salon,753.21,340.30,50.21,50.21,0.0242,0.68,2.390,1.577,2.030,2.297,0.14137,5,1779,589,0.0062,99.9,0,-1.0,5933.68,0.0000,616.60,753.21,0.00,0.0000,616.60,0.00,0.00,0.8273
168.0,1,Pasillo,0.00,92.06,48.78,48.78,0.3722,0.02,2.166,1.859,2.400,1.060,0.19657,323,1704,46336,0.0142,99.9,0,-1.0,800.00,0.0000,0.00,0.00,0.00,0.0000,0.00,0.00,0.00,1.0000
168.0,2,Dormitorio1,0.00,20.90,20.90,20.90,0.0255,0.34,2.387,2.400,2.400,0.000,0.20774,44,0,7850,0.0013,100.0,0,-1.0,3500.00,0.0000,0.00,0.00,0.00,0.0000,0.00,0.00,0.00,1.0000
168.0,3,Dormitorio2,0.00,42.10,21.36,21.36,0.0231,0.25,2.381,2.341,2.400,0.024,0.20718,63,715,10346,0.0016,100.0,0,-1.0,2500.00,0.0000,0.00,0.00,0.00,0.0000,0.00,0.00,0.00,1.0000
168.0,4,Cocina,0.00,20.63,20.63,20.63,0.0264,0.47,2.390,2.400,2.400,0.000,0.20811,31,0,5863,0.0012,100.0,0,-1.0,3500.00,0.0000,0.00,0.00,0.00,0.0000,0.00,0.00,0.00,1.0000
168.0,5,Bano,0.00,43.57,21.17,21.17,0.0198,0.29,2.384,2.372,2.400,0.007,0.20739,56,738,8900,0.0015,100.0,0,-1.0,400.00,0.0000,0.00,0.00,0.00,0.0000,0.00,0.00,0.00,1.0000
169.0,0,Salon,745.99,344.49,49.94,49.94,0.0270,0.61,2.389,1.581,2.022,2.405,0.14068,6,1726,670,0.0064,99.9,0,-1.0,5933.08,0.0000,595.25,745.99,0.00,0.0000,595.25,0.00,0.00,0.8193
169.0,1,Pasillo,0.00,94.30,49.29,49.29,0.3743,0.02,2.164,1.855,2.400,1.100,0.19644,324,1711,46290,0.0148,99.9,0,-1.0,800.00,0.0000,0.00,0.00,0.00,0.0000,0.00,0.00,0.00,1.0000
169.0,2,Dormitorio1,0.00,20.93,20.93,20.93,0.0265,0.33,2.386,2.400,2.400,0.000,0.20771,46,0,8103,0.0014,100.0,0,-1.0,3500.00,0.0000,0.00,0.00,0.00,0.0000,0.00,0.00,0.00,1.0000
169.0,3,Dormitorio2,0.00,42.45,21.42,21.42,0.0239,0.24,2.381,2.333,2.400,0.029,0.20712,65,719,10677,0.0016,100.0,0,-1.0,2500.00,0.0000,0.00,0.00,0.00,0.0000,0.00,0.00,0.00,1.0000
169.0,4,Cocina,0.00,20.66,20.66,20.66,0.0274,0.45,2.390,2.400,2.400,0.000,0.20808,32,0,6042,0.0012,100.0,0,-1.0,3500.00,0.0000,0.00,0.00,0.00,0.0000,0.00,0.00,0.00,1.0000
169.0,5,Bano,0.00,44.44,21.21,21.21,0.0206,0.28,2.383,2.366,2.400,0.011,0.20734,58,740,9189,0.0015,100.0,0,-1.0,400.00,0.0000,0.00,0.00,0.00,0.0000,0.00,0.00,0.00,1.0000
170.0,0,Salon,738.02,347.11,49.67,49.67,0.0303,0.55,2.388,1.585,2.015,2.514,0.14001,7,1673,764,0.0066,99.9,0,-1.0,5932.50,0.0000,571.84,738.02,0.00,0.0000,571.84,0.00,0.00,0.8110
170.0,1,Pasillo,0.00,96.42,49.83,49.83,0.3758,0.02,2.162,1.852,2.400,1.140,0.19631,325,1717,46172,0.0154,99.8,0,-1.0,800.00,0.0000,0.00,0.00,0.00,0.0000,0.00,0.00,0.00,1.0000
170.0,2,Dormitorio1,0.00,20.97,20.97,20.97,0.0275,0.32,2.386,2.400,2.400,0.000,0.20767,47,0,8363,0.0014,100.0,0,-1.0,3500.00,0.0000,0.00,0.00,0.00,0.0000,0.00,0.00,0.00,1.0000
170.0,3,Dormitorio2,0.00,42.77,21.48,21.48,0.0249,0.23,2.380,2.325,2.400,0.035,0.20707,68,722,11017,0.0017,100.0,0,-1.0,2500.00,0.0000,0.00,0.00,0.00,0.0000,0.00,0.00,0.00,1.0000
170.0,4,Cocina,0.00,20.68,20.68,20.68,0.0284,0.44,2.390,2.400,2.400,0.000,0.20805,33,0,6226,0.0012,100.0,0,-1.0,3500.00,0.0000,0.00,0.00,0.00,0.0000,0.00,0.00,0.00,1.0000
170.0,5,Bano,0.00,45.07,21.26,21.26,0.0214,0.27,2.383,2.359,2.400,0.015,0.20729,60,742,9485,0.0016,100.0,0,-1.0,400.00,0.0000,0.00,0.00,0.00,0.0000,0.00,0.00,0.00,1.0000
171.0,0,Salon,729.25,348.25,49.42,49.42,0.0340,0.49,2.386,1.590,2.008,2.621,0.13934,8,1619,871,0.0069,99.9,0,-1.0,5931.94,0.0000,546.57,729.25,0.00,0.0000,546.57,0.00,0.00,0.8024
171.0,1,Pasillo,0.00,98.38,50.39,50.39,0.3768,0.02,2.160,1.850,2.400,1.178,0.19618,325,1723,45979,0.0159,99.8,0,-1.0,800.00,0.0000,0.00,0.00,0.00,0.0000,0.00,0.00,0.00,1.0000
171.0,2,Dormitorio1,0.00,21.00,21.00,21.00,0.0286,0.30,2.385,2.400,2.400,0.000,0.20763,49,13,8629,0.0014,100.0,0,-1.0,3500.00,0.0000,0.00,0.00,0.00,0.0000,0.00,0.00,0.00,1.0000
171.0,3,Dormitorio2,0.00,43.05,21.55,21.55,0.0258,0.22,2.379,2.317,2.400,0.041,0.20701,70,725,11365,0.0017,100.0,0,-1.0,2500.00,0.0000,0.00,0.00,0.00,0.0000,0.00,0.00,0.00,1.0000
171.0,4,Cocina,0.00,20.71,20.71,20.71,0.0295,0.42,2.389,2.400,2.400,0.000,0.20802,35,0,6414,0.0012,100.0,0,-1.0,3500.00,0.0000,0.00,0.00,0.00,0.0000,0.00,0.00,0.00,1.0000
171.0,5,Bano,0.00,45.53,21.32,21.32,0.0222,0.26,2.382,2.352,2.400,0.020,0.20724,62,744,9788,0.0016,100.0,0,-1.0,400.00,0.0000,0.00,0.00,0.00,0.0000,0.00,0.00,0.00,1.0000
172.0,0,Salon,719.63,348.01,49.19,49.19,0.0380,0.44,2.385,1.595,2.001,2.723,0.13869,9,1564,992,0.0071,99.9,0,-1.0,5931.41,0.0000,519.67,719.63,0.00,0.0000,519.67,0.00,0.00,0.7933
172.0,1,Pasillo,0.00,100.15,50.97,50.97,0.3774,0.02,2.159,1.849,2.400,1.215,0.19606,325,1728,45719,0.0165,99.8,0,-1.0,800.00,0.0000,0.00,0.00,0.00,0.0000,0.00,0.00,0.00,1.0000
172.0,2,Dormitorio1,0.00,35.81,21.04,21.04,0.0296,0.29,2.384,2.397,2.400,0.000,0.20758,51,567,8896,0.0015,100.0,0,-1.0,3500.00,0.0000,0.00,0.00,0.00,0.0000,0.00,0.00,0.00,1.0000
172.0,3,Dormitorio2,0.00,43.30,21.62,21.62,0.0268,0.22,2.378,2.309,2.400,0.047,0.20695,73,729,11720,0.0018,100.0,0,-1.0,2500.00,0.0000,0.00,0.00,0.00,0.0000,0.00,0.00,0.00,1.0000
172.0,4,Cocina,0.00,20.73,20.73,20.73,0.0306,0.41,2.389,2.400,2.400,0.000,0.20799,36,0,6607,0.0013,100.0,0,-1.0,3500.00,0.0000,0.00,0.00,0.00,0.0000,0.00,0.00,0.00,1.0000
172.0,5,Bano,0.00,45.88,21.37,21.37,0.0230,0.25,2.381,2.345,2.400,0.026,0.20718,64,747,10097,0.0017,100.0,0,-1.0,400.00,0.0000,0.00,0.00,0.00,0.0000,0.00,0.00,0.00,1.0000
173.0,0,Salon,709.13,346.53,48.98,48.98,0.0424,0.39,2.383,1.601,1.995,2.818,0.13804,10,1510,1126,0.0073,99.9,0,-1.0,5930.90,0.0000,491.43,709.13,0.00,0.0000,491.43,0.00,0.00,0.7838
173.0,1,Pasillo,0.00,101.69,51.56,51.56,0.3775,0.02,2.158,1.849,2.400,1.250,0.19594,325,1733,45413,0.0171,99.8,0,-1.0,800.00,0.0000,0.00,0.00,0.00,0.0000,0.00,0.00,0.00,1.0000
173.0,2,Dormitorio1,0.00,45.90,21.07,21.07,0.0306,0.28,2.384,2.391,2.400,0.001,0.20754,53,795,9142,0.0015,100.0,0,-1.0,3500.00,0.0000,0.00,0.00,0.00,0.0000,0.00,0.00,0.00,1.0000
173.0,3,Dormitorio2,0.00,43.50,21.70,21.70,0.0278,0.21,2.378,2.300,2.400,0.054,0.20689,75,732,12079,0.0018,100.0,0,-1.0,2500.00,0.0000,0.00,0.00,0.00,0.0000,0.00,0.00,0.00,1.0000
173.0,4,Cocina,0.00,20.76,20.76,20.76,0.0317,0.39,2.388,2.400,2.400,0.000,0.20796,37,0,6802,0.0013,100.0,0,-1.0,3500.00,0.0000,0.00,0.00,0.00,0.0000,0.00,0.00,0.00,1.0000
173.0,5,Bano,0.00,46.13,21.43,21.43,0.0239,0.24,2.381,2.337,2.400,0.031,0.20713,67,750,10411,0.0017,100.0,0,-1.0,400.00,0.0000,0.00,0.00,0.00,0.0000,0.00,0.00,0.00,1.0000
174.0,0,Salon,697.74,343.86,48.78,48.78,0.0473,0.35,2.381,1.608,1.990,2.905,0.13741,12,1455,1273,0.0075,99.9,0,-1.0,5930.42,0.0000,462.05,697.74,0.00,0.0000,462.05,0.00,0.00,0.7739
174.0,1,Pasillo,0.00,102.99,52.15,52.15,0.3771,0.02,2.158,1.849,2.400,1.282,0.19583,323,1737,45047,0.0176,99.8,0,-1.0,800.00,0.0000,0.00,0.00,0.00,0.0000,0.00,0.00,0.00,1.0000
174.0,2,Dormitorio1,0.00,49.10,21.11,21.11,0.0317,0.27,2.383,2.386,2.400,0.003,0.20749,54,791,9383,0.0015,100.0,0,-1.0,3500.00,0.0000,0.00,0.00,0.00,0.0000,0.00,0.00,0.00,1.0000
174.0,3,Dormitorio2,0.00,43.67,21.78,21.78,0.0288,0.20,2.377,2.292,2.400,0.061,0.20682,78,735,12443,0.0019,100.0,0,-1.0,2500.00,0.0000,0.00,0.00,0.00,0.0000,0.00,0.00,0.00,1.0000
174.0,4,Cocina,0.00,20.79,20.79,20.79,0.0328,0.38,2.388,2.400,2.400,0.000,0.20792,39,0,7000,0.0013,100.0,0,-1.0,3500.00,0.0000,0.00,0.00,0.00,0.0000,0.00,0.00,0.00,1.0000
174.0,5,Bano,0.00,46.30,21.50,21.50,0.0248,0.23,2.380,2.330,2.400,0.037,0.20707,69,752,10728,0.0017,100.0,0,-1.0,400.00,0.0000,0.00,0.00,0.00,0.0000,0.00,0.00,0.00,1.0000
175.0,0,Salon,685.44,340.18,48.62,48.62,0.0525,0.32,2.379,1.615,1.986,2.983,0.13679,13,1401,1434,0.0078,99.9,0,-1.0,5929.98,0.0000,431.87,685.44,0.00,0.0000,431.87,0.00,0.00,0.7635
175.0,1,Pasillo,0.00,104.06,52.74,52.74,0.3763,0.02,2.158,1.850,2.400,1.310,0.19572,322,1740,44619,0.0182,99.8,0,-1.0,800.00,0.0000,0.00,0.00,0.00,0.0000,0.00,0.00,0.00,1.0000
175.0,2,Dormitorio1,0.00,50.51,21.15,21.15,0.0327,0.27,2.382,2.380,2.400,0.006,0.20745,56,789,9624,0.0016,100.0,0,-1.0,3500.00,0.0000,0.00,0.00,0.00,0.0000,0.00,0.00,0.00,1.0000
175.0,3,Dormitorio2,0.00,43.79,21.87,21.87,0.0298,0.19,2.376,2.283,2.400,0.068,0.20676,80,738,12809,0.0019,100.0,0,-1.0,2500.00,0.0000,0.00,0.00,0.00,0.0000,0.00,0.00,0.00,1.0000
175.0,4,Cocina,0.00,20.82,20.82,20.82,0.0340,0.37,2.388,2.400,2.400,0.000,0.20789,40,0,7199,0.0014,100.0,0,-1.0,3500.00,0.0000,0.00,0.00,0.00,0.0000,0.00,0.00,0.00,1.0000
175.0,5,Bano,0.00,46.40,21.57,21.57,0.0257,0.23,2.379,2.322,2.400,0.044,0.20701,71,754,11047,0.0018,100.0,0,-1.0,400.00,0.0000,0.00,0.00,0.00,0.0000,0.00,0.00,0.00,1.0000
176.0,0,Salon,672.26,335.61,48.48,48.48,0.0580,0.29,2.376,1.622,1.982,3.051,0.13619,15,1348,1606,0.0081,99.9,0,-1.0,5929.56,0.0000,401.18,672.26,0.00,0.0000,401.18,0.00,0.00,0.7527
176.0,1,Pasillo,0.00,104.89,53.31,53.31,0.3750,0.02,2.158,1.851,2.400,1.335,0.19561,320,1744,44132,0.0187,99.8,0,-1.0,800.00,0.0000,0.00,0.00,0.00,0.0000,0.00,0.00,0.00,1.0000
176.0,2,Dormitorio1,0.00,51.17,21.19,21.19,0.0337,0.26,2.382,2.374,2.400,0.010,0.20740,58,788,9864,0.0016,100.0,0,-1.0,3500.00,0.0000,0.00,0.00,0.00,0.0000,0.00,0.00,0.00,1.0000
176.0,3,Dormitorio2,0.00,43.87,21.96,21.96,0.0309,0.19,2.375,2.275,2.400,0.075,0.20669,83,740,13177,0.0020,100.0,0,-1.0,2500.00,0.0000,0.00,0.00,0.00,0.0000,0.00,0.00,0.00,1.0000
176.0,4,Cocina,0.00,20.85,20.85,20.85,0.0352,0.35,2.387,2.400,2.400,0.000,0.20785,42,0,7400,0.0014,100.0,0,-1.0,3500.00,0.0000,0.00,0.00,0.00,0.0000,0.00,0.00,0.00,1.0000
176.0,5,Bano,0.00,46.43,21.64,21.64,0.0266,0.22,2.378,2.315,2.400,0.050,0.20695,73,757,11368,0.0019,100.0,0,-1.0,400.00,0.0000,0.00,0.00,0.00,0.0000,0.00,0.00,0.00,1.0000
177.0,0,Salon,658.21,330.24,48.37,48.37,0.0638,0.26,2.374,1.630,1.979,3.107,0.13560,17,1296,1788,0.0083,99.9,0,-1.0,5929.18,0.0000,370.22,658.21,0.00,0.0000,370.22,0.00,0.00,0.7414
177.0,1,Pasillo,0.00,105.49,53.87,53.87,0.3733,0.02,2.158,1.853,2.400,1.357,0.19550,317,1747,43592,0.0192,99.8,0,-1.0,800.00,0.0000,0.00,0.00,0.00,0.0000,0.00,0.00,0.00,1.0000
177.0,2,Dormitorio1,0.00,51.43,21.23,21.23,0.0348,0.25,2.381,2.368,2.400,0.014,0.20735,60,788,10104,0.0017,100.0,0,-1.0,3500.00,0.0000,0.00,0.00,0.00,0.0000,0.00,0.00,0.00,1.0000
177.0,3,Dormitorio2,0.00,43.90,22.05,22.05,0.0320,0.18,2.374,2.266,2.400,0.082,0.20662,85,743,13544,0.0021,100.0,0,-1.0,2500.00,0.0000,0.00,0.00,0.00,0.0000,0.00,0.00,0.00,1.0000
177.0,4,Cocina,0.00,20.88,20.88,20.88,0.0364,0.34,2.387,2.400,2.400,0.000,0.20782,43,0,7601,0.0014,100.0,0,-1.0,3500.00,0.0000,0.00,0.00,0.00,0.0000,0.00,0.00,0.00,1.0000
177.0,5,Bano,0.00,46.41,21.72,21.72,0.0276,0.21,2.378,2.307,2.400,0.057,0.20689,76,758,11689,0.0019,100.0,0,-1.0,400.00,0.0000,0.00,0.00,0.00,0.0000,0.00,0.00,0.00,1.0000
178.0,0,Salon,643.34,324.15,48.29,48.29,0.0699,0.24,2.371,1.639,1.977,3.152,0.13502,19,1246,1978,0.0086,99.9,0,-1.0,5928.83,0.0000,339.26,643.34,0.00,0.0000,339.26,0.00,0.00,0.7297
178.0,1,Pasillo,0.00,105.88,54.41,54.41,0.3713,0.02,2.159,1.856,2.400,1.374,0.19535,314,1750,43004,0.0197,99.8,0,-1.0,800.00,0.0000,0.00,0.00,0.00,0.0000,0.00,0.00,0.00,1.0000
178.0,2,Dormitorio1,0.00,51.45,21.28,21.28,0.0358,0.24,2.380,2.363,2.400,0.019,0.20730,61,788,10343,0.0017,100.0,0,-1.0,3500.00,0.0000,0.00,0.00,0.00,0.0000,0.00,0.00,0.00,1.0000
178.0,3,Dormitorio2,0.00,43.89,22.14,22.14,0.0330,0.18,2.373,2.257,2.400,0.090,0.20655,88,745,13911,0.0021,100.0,0,-1.0,2500.00,0.0000,0.00,0.00,0.00,0.0000,0.00,0.00,0.00,1.0000
178.0,4,Cocina,0.00,20.91,20.91,20.91,0.0376,0.33,2.386,2.400,2.400,0.000,0.20778,44,0,7801,0.0015,100.0,0,-1.0,3500.00,0.0000,0.00,0.00,0.00,0.0000,0.00,0.00,0.00,1.0000
178.0,5,Bano,0.00,46.33,21.80,21.80,0.0285,0.20,2.377,2.300,2.400,0.064,0.20682,78,760,12009,0.0020,100.0,0,-1.0,400.00,0.0000,0.00,0.00,0.00,0.0000,0.00,0.00,0.00,1.0000
179.0,0,Salon,627.69,317.44,48.24,48.24,0.0763,0.22,2.369,1.648,1.976,3.185,0.13445,21,1196,2174,0.0089,99.9,0,-1.0,5928.50,0.0000,308.49,627.69,0.00,0.0000,308.49,0.00,0.00,0.7175
179.0,1,Pasillo,0.00,106.06,54.92,54.92,0.3690,0.02,2.160,1.859,2.400,1.388,0.19511,311,1754,42374,0.0203,99.8,0,-1.0,800.00,0.0000,0.00,0.00,0.00,0.0000,0.00,0.00,0.00,1.0000
179.0,2,Dormitorio1,0.00,51.31,21.33,21.33,0.0369,0.24,2.380,2.357,2.400,0.024,0.20725,63,788,10580,0.0018,100.0,0,-1.0,3500.00,0.0000,0.00,0.00,0.00,0.0000,0.00,0.00,0.00,1.0000
179.0,3,Dormitorio2,0.00,43.84,22.24,22.24,0.0341,0.17,2.372,2.249,2.400,0.097,0.20647,91,747,14274,0.0022,100.0,0,-1.0,2500.00,0.0000,0.00,0.00,0.00,0.0000,0.00,0.00,0.00,1.0000
179.0,4,Cocina,0.00,20.94,20.94,20.94,0.0388,0.32,2.386,2.400,2.400,0.000,0.20774,46,0,8000,0.0015,100.0,0,-1.0,3500.00,0.0000,0.00,0.00,0.00,0.0000,0.00,0.00,0.00,1.0000
179.0,5,Bano,0.00,46.20,21.88,21.88,0.0294,0.20,2.376,2.292,2.400,0.070,0.20676,80,762,12327,0.0020,100.0,0,-1.0,400.00,0.0000,0.00,0.00,0.00,0.0000,0.00,0.00,0.00,1.0000
180.0,0,Salon,611.32,310.18,48.23,48.23,0.0828,0.20,2.366,1.658,1.975,3.205,0.13391,24,1149,2375,0.0092,99.9,0,-1.0,5928.21,0.0000,278.15,611.32,0.00,0.0000,278.15,0.00,0.00,0.7049
180.0,1,Pasillo,0.00,106.05,55.40,55.40,0.3663,0.02,2.161,1.864,2.400,1.397,0.19484,307,1758,41710,0.0207,99.8,0,-1.0,800.00,0.0000,0.00,0.00,0.00,0.0000,0.00,0.00,0.00,1.0000
180.0,2,Dormitorio1,0.00,51.04,21.38,21.38,0.0380,0.23,2.379,2.351,2.400,0.029,0.20719,65,788,10815,0.0018,100.0,0,-1.0,3500.00,0.0000,0.00,0.00,0.00,0.0000,0.00,0.00,0.00,1.0000
180.0,3,Dormitorio2,0.00,43.74,22.34,22.34,0.0352,0.16,2.371,2.240,2.400,0.104,0.20640,93,748,14633,0.0022,100.0,0,-1.0,2500.00,0.0000,0.00,0.00,0.00,0.0000,0.00,0.00,0.00,1.0000
180.0,4,Cocina,0.00,20.97,20.97,20.97,0.0400,0.31,2.385,2.400,2.400,0.000,0.20771,47,0,8198,0.0015,100.0,0,-1.0,3500.00,0.0000,0.00,0.00,0.00,0.0000,0.00,0.00,0.00,1.0000
180.0,5,Bano,0.00,46.02,21.96,21.96,0.0304,0.19,2.375,2.285,2.400,0.077,0.20669,82,763,12641,0.0021,100.0,0,-1.0,400.00,0.0000,0.00,0.00,0.00,0.0000,0.00,0.00,0.00,1.0000
181.0,0,Salon,594.27,302.44,48.26,48.26,0.0894,0.19,2.363,1.669,1.975,3.214,0.13337,26,1102,2578,0.0095,99.9,0,-1.0,5927.95,0.0000,248.42,594.27,0.00,0.0000,248.42,0.00,0.00,0.6919
181.0,1,Pasillo,0.00,105.87,55.84,55.84,0.3635,0.02,2.162,1.869,2.400,1.402,0.19451,303,1762,41017,0.0212,99.8,0,-1.0,800.00,0.0000,0.00,0.00,0.00,0.0000,0.00,0.00,0.00,1.0000
181.0,2,Dormitorio1,0.00,50.69,21.44,21.44,0.0390,0.22,2.379,2.346,2.400,0.034,0.20714,66,788,11048,0.0019,100.0,0,-1.0,3500.00,0.0000,0.00,0.00,0.00,0.0000,0.00,0.00,0.00,1.0000
181.0,3,Dormitorio2,0.00,43.59,22.45,22.45,0.0362,0.16,2.371,2.232,2.400,0.112,0.20632,96,750,14988,0.0023,100.0,0,-1.0,2500.00,0.0000,0.00,0.00,0.00,0.0000,0.00,0.00,0.00,1.0000
181.0,4,Cocina,0.00,21.00,21.00,21.00,0.0412,0.30,2.385,2.400,2.400,0.000,0.20767,49,0,8393,0.0016,100.0,0,-1.0,3500.00,0.0000,0.00,0.00,0.00,0.0000,0.00,0.00,0.00,1.0000
181.0,5,Bano,0.00,45.79,22.05,22.05,0.0313,0.19,2.375,2.278,2.400,0.084,0.20662,85,765,12952,0.0021,100.0,0,-1.0,400.00,0.0000,0.00,0.00,0.00,0.0000,0.00,0.00,0.00,1.0000
182.0,0,Salon,576.63,294.30,48.32,48.32,0.0962,0.17,2.360,1.680,1.975,3.211,0.13286,28,1058,2782,0.0098,99.9,0,-1.0,5927.72,0.0000,219.48,576.63,0.00,0.0000,219.48,0.00,0.00,0.6784
182.0,1,Pasillo,0.00,105.53,56.25,56.25,0.3604,0.02,2.164,1.875,2.400,1.403,0.19416,299,1766,40304,0.0217,99.8,0,-1.0,800.00,0.0000,0.00,0.00,0.00,0.0000,0.00,0.00,0.00,1.0000
182.0,2,Dormitorio1,0.00,50.26,21.49,21.49,0.0401,0.22,2.378,2.340,2.400,0.039,0.20708,68,788,11277,0.0019,100.0,0,-1.0,3500.00,0.0000,0.00,0.00,0.00,0.0000,0.00,0.00,0.00,1.0000
182.0,3,Dormitorio2,0.00,43.41,22.55,22.55,0.0373,0.16,2.370,2.224,2.400,0.119,0.20624,98,751,15337,0.0024,100.0,0,-1.0,2500.00,0.0000,0.00,0.00,0.00,0.0000,0.00,0.00,0.00,1.0000
182.0,4,Cocina,0.00,33.06,21.03,21.03,0.0423,0.29,2.384,2.398,2.400,0.000,0.20763,50,506,8584,0.0016,100.0,0,-1.0,3500.00,0.0000,0.00,0.00,0.00,0.0000,0.00,0.00,0.00,1.0000
182.0,5,Bano,0.00,45.52,22.13,22.13,0.0322,0.18,2.374,2.270,2.400,0.090,0.20655,87,766,13258,0.0022,100.0,0,-1.0,400.00,0.0000,0.00,0.00,0.00,0.0000,0.00,0.00,0.00,1.0000
183.0,0,Salon,558.46,285.83,48.41,48.41,0.1030,0.16,2.357,1.691,1.976,3.197,0.13236,31,1015,2984,0.0101,99.9,0,-1.0,5927.51,0.0000,191.51,558.46,0.00,0.0000,191.51,0.00,0.00,0.6646
183.0,1,Pasillo,0.00,105.01,56.62,56.62,0.3573,0.02,2.166,1.882,2.400,1.399,0.19381,294,1770,39601,0.0222,99.8,0,-1.0,800.00,0.0000,0.00,0.00,0.00,0.0000,0.00,0.00,0.00,1.0000
183.0,2,Dormitorio1,0.00,49.78,21.55,21.55,0.0411,0.21,2.378,2.335,2.400,0.045,0.20703,70,789,11502,0.0020,100.0,0,-1.0,3500.00,0.0000,0.00,0.00,0.00,0.0000,0.00,0.00,0.00,1.0000
183.0,3,Dormitorio2,0.00,43.18,22.66,22.66,0.0383,0.15,2.369,2.215,2.400,0.126,0.20616,101,752,15679,0.0024,100.0,0,-1.0,2500.00,0.0000,0.00,0.00,0.00,0.0000,0.00,0.00,0.00,1.0000
183.0,4,Cocina,0.00,46.68,21.05,21.05,0.0434,0.29,2.384,2.395,2.400,0.001,0.20758,51,832,8754,0.0016,100.0,0,-1.0,3500.00,0.0000,0.00,0.00,0.00,0.0000,0.00,0.00,0.00,1.0000
183.0,5,Bano,0.00,45.20,22.22,22.22,0.0331,0.17,2.373,2.263,2.400,0.097,0.20648,89,767,13558,0.0023,100.0,0,-1.0,400.00,0.0000,0.00,0.00,0.00,0.0000,0.00,0.00,0.00,1.0000
184.0,0,Salon,539.85,277.10,48.54,48.54,0.1099,0.15,2.354,1.703,1.976,3.172,0.13187,33,973,3184,0.0104,99.9,0,-1.0,5927.34,0.0000,164.67,539.85,0.00,0.0000,164.67,0.00,0.00,0.6503
184.0,1,Pasillo,0.00,104.36,56.96,56.96,0.3541,0.02,2.168,1.889,2.400,1.391,0.19346,290,1775,38895,0.0226,99.8,0,-1.0,800.00,0.0000,0.00,0.00,0.00,0.0000,0.00,0.00,0.00,1.0000
184.0,2,Dormitorio1,0.00,49.25,21.61,21.61,0.0421,0.21,2.377,2.329,2.400,0.050,0.20697,71,789,11723,0.0020,100.0,0,-1.0,3500.00,0.0000,0.00,0.00,0.00,0.0000,0.00,0.00,0.00,1.0000
184.0,3,Dormitorio2,0.00,42.92,22.76,22.76,0.0393,0.15,2.368,2.207,2.400,0.132,0.20608,103,753,16014,0.0025,100.0,0,-1.0,2500.00,0.0000,0.00,0.00,0.00,0.0000,0.00,0.00,0.00,1.0000
184.0,4,Cocina,0.00,50.08,21.08,21.08,0.0445,0.28,2.383,2.391,2.400,0.002,0.20754,52,824,8912,0.0017,100.0,0,-1.0,3500.00,0.0000,0.00,0.00,0.00,0.0000,0.00,0.00,0.00,1.0000
184.0,5,Bano,0.00,44.85,22.31,22.31,0.0340,0.17,2.372,2.256,2.400,0.103,0.20641,91,767,13852,0.0023,100.0,0,-1.0,400.00,0.0000,0.00,0.00,0.00,0.0000,0.00,0.00,0.00,1.0000
185.0,0,Salon,520.86,268.18,48.71,48.71,0.1167,0.14,2.350,1.715,1.977,3.137,0.13141,36,933,3378,0.0108,99.9,0,-1.0,5927.19,0.0000,139.09,520.86,0.00,0.0000,139.09,0.00,0.00,0.6358
185.0,1,Pasillo,0.00,103.60,57.25,57.25,0.3508,0.02,2.170,1.897,2.400,1.380,0.19311,286,1780,38184,0.0230,99.8,0,-1.0,800.00,0.0000,0.00,0.00,0.00,0.0000,0.00,0.00,0.00,1.0000
185.0,2,Dormitorio1,0.00,48.68,21.67,21.67,0.0431,0.20,2.376,2.324,2.400,0.055,0.20691,73,789,11940,0.0021,100.0,0,-1.0,3500.00,0.0000,0.00,0.00,0.00,0.0000,0.00,0.00,0.00,1.0000
185.0,3,Dormitorio2,0.00,42.63,22.87,22.87,0.0404,0.14,2.367,2.200,2.400,0.139,0.20599,105,754,16342,0.0026,100.0,0,-1.0,2500.00,0.0000,0.00,0.00,0.00,0.0000,0.00,0.00,0.00,1.0000
185.0,4,Cocina,0.00,51.19,21.10,21.10,0.0455,0.27,2.383,2.387,2.400,0.004,0.20750,54,819,9065,0.0017,100.0,0,-1.0,3500.00,0.0000,0.00,0.00,0.00,0.0000,0.00,0.00,0.00,1.0000
185.0,5,Bano,0.00,44.47,22.40,22.40,0.0349,0.17,2.372,2.249,2.400,0.109,0.20633,93,768,14140,0.0024,100.0,0,-1.0,400.00,0.0000,0.00,0.00,0.00,0.0000,0.00,0.00,0.00,1.0000
186.0,0,Salon,501.59,259.13,48.90,48.90,0.1235,0.13,2.346,1.728,1.979,3.092,0.13097,38,894,3567,0.0111,99.9,0,-1.0,5927.06,0.0000,114.88,501.59,0.00,0.0000,114.88,0.00,0.00,0.6208
186.0,1,Pasillo,0.00,102.77,57.51,57.51,0.3474,0.03,2.173,1.906,2.400,1.364,0.19277,281,1785,37468,0.0235,99.8,0,-1.0,800.00,0.0000,0.00,0.00,0.00,0.0000,0.00,0.00,0.00,1.0000
186.0,2,Dormitorio1,0.00,48.09,21.73,21.73,0.0442,0.20,2.376,2.319,2.400,0.060,0.20685,74,789,12152,0.0021,100.0,0,-1.0,3500.00,0.0000,0.00,0.00,0.00,0.0000,0.00,0.00,0.00,1.0000
186.0,3,Dormitorio2,0.00,42.31,22.97,22.97,0.0414,0.14,2.366,2.192,2.400,0.145,0.20591,108,755,16662,0.0027,100.0,0,-1.0,2500.00,0.0000,0.00,0.00,0.00,0.0000,0.00,0.00,0.00,1.0000
186.0,4,Cocina,0.00,51.42,21.13,21.13,0.0465,0.27,2.382,2.383,2.400,0.006,0.20745,55,816,9214,0.0018,100.0,0,-1.0,3500.00,0.0000,0.00,0.00,0.00,0.0000,0.00,0.00,0.00,1.0000
186.0,5,Bano,0.00,44.06,22.49,22.49,0.0358,0.16,2.371,2.243,2.400,0.114,0.20626,95,769,14422,0.0025,100.0,0,-1.0,400.00,0.0000,0.00,0.00,0.00,0.0000,0.00,0.00,0.00,1.0000
187.0,0,Salon,478.89,249.79,49.13,49.13,0.1213,0.14,2.345,1.743,1.980,3.035,0.13054,45,938,3743,0.0115,99.9,0,-1.0,5926.96,0.0000,91.94,478.89,27.58,0.0197,0.00,0.00,0.00,0.6056
187.0,1,Pasillo,0.00,101.87,57.73,57.73,0.3440,0.03,2.175,1.915,2.400,1.346,0.19242,276,1792,36750,0.0239,99.8,0,-1.0,800.00,0.0000,0.00,0.00,0.00,0.0000,0.00,0.00,0.00,1.0000
187.0,2,Dormitorio1,0.00,47.47,21.79,21.79,0.0451,0.19,2.375,2.314,2.400,0.064,0.20679,76,790,12360,0.0022,100.0,0,-1.0,3500.00,0.0000,0.00,0.00,0.00,0.0000,0.00,0.00,0.00,1.0000
187.0,3,Dormitorio2,0.00,41.97,23.08,23.08,0.0423,0.14,2.365,2.184,2.400,0.150,0.20582,110,756,16976,0.0027,100.0,0,-1.0,2500.00,0.0000,0.00,0.00,0.00,0.0000,0.00,0.00,0.00,1.0000
187.0,4,Cocina,0.00,51.23,21.16,21.16,0.0475,0.26,2.382,2.380,2.400,0.009,0.20741,56,815,9360,0.0018,100.0,0,-1.0,3500.00,0.0000,0.00,0.00,0.00,0.0000,0.00,0.00,0.00,1.0000
187.0,5,Bano,0.00,43.64,22.58,22.58,0.0367,0.16,2.370,2.236,2.400,0.119,0.20618,97,769,14698,0.0025,100.0,0,-1.0,400.00,0.0000,0.00,0.00,0.00,0.0000,0.00,0.00,0.00,1.0000
188.0,0,Salon,455.53,239.82,49.37,49.37,0.1149,0.14,2.345,1.760,1.982,2.955,0.13014,52,992,3892,0.0119,99.9,0,-1.0,5926.88,0.0000,70.11,455.53,21.03,0.0436,0.00,0.00,0.00,0.5901
188.0,1,Pasillo,0.00,100.92,57.91,57.91,0.3404,0.03,2.178,1.924,2.400,1.324,0.19207,272,1802,36030,0.0243,99.8,0,-1.0,800.00,0.0000,0.00,0.00,0.00,0.0000,0.00,0.00,0.00,1.0000
188.0,2,Dormitorio1,0.00,46.84,21.85,21.85,0.0461,0.19,2.375,2.309,2.400,0.069,0.20672,77,790,12564,0.0022,100.0,0,-1.0,3500.00,0.0000,0.00,0.00,0.00,0.0000,0.00,0.00,0.00,1.0000
188.0,3,Dormitorio2,0.00,41.61,23.18,23.18,0.0433,0.13,2.365,2.177,2.400,0.155,0.20573,112,757,17282,0.0028,100.0,0,-1.0,2500.00,0.0000,0.00,0.00,0.00,0.0000,0.00,0.00,0.00,1.0000
188.0,4,Cocina,0.00,50.80,21.19,21.19,0.0485,0.26,2.381,2.376,2.400,0.012,0.20737,57,813,9502,0.0018,100.0,0,-1.0,3500.00,0.0000,0.00,0.00,0.00,0.0000,0.00,0.00,0.00,1.0000
188.0,5,Bano,0.00,43.19,22.67,22.67,0.0375,0.15,2.369,2.230,2.400,0.124,0.20611,99,770,14968,0.0026,100.0,0,-1.0,400.00,0.0000,0.00,0.00,0.00,0.0000,0.00,0.00,0.00,1.0000
189.0,0,Salon,433.32,229.71,49.64,49.64,0.1086,0.15,2.345,1.776,1.985,2.857,0.12977,59,1019,4010,0.0123,99.9,0,-1.0,5926.82,0.0000,49.84,433.32,14.95,0.0611,0.00,0.00,0.00,0.5743
189.0,1,Pasillo,0.00,99.93,58.04,58.04,0.3367,0.03,2.180,1.934,2.400,1.300,0.19172,267,1813,35309,0.0247,99.8,0,-1.0,800.00,0.0000,0.00,0.00,0.00,0.0000,0.00,0.00,0.00,1.0000
189.0,2,Dormitorio1,0.00,46.20,21.91,21.91,0.0471,0.18,2.374,2.305,2.400,0.073,0.20666,79,790,12764,0.0023,100.0,0,-1.0,3500.00,0.0000,0.00,0.00,0.00,0.0000,0.00,0.00,0.00,1.0000
189.0,3,Dormitorio2,0.00,41.23,23.28,23.28,0.0443,0.13,2.364,2.170,2.400,0.160,0.20564,115,757,17582,0.0029,100.0,0,-1.0,2500.00,0.0000,0.00,0.00,0.00,0.0000,0.00,0.00,0.00,1.0000
189.0,4,Cocina,0.00,50.23,21.22,21.22,0.0494,0.25,2.381,2.373,2.400,0.015,0.20732,58,813,9641,0.0019,100.0,0,-1.0,3500.00,0.0000,0.00,0.00,0.00,0.0000,0.00,0.00,0.00,1.0000
189.0,5,Bano,0.00,42.73,22.76,22.76,0.0384,0.15,2.369,2.224,2.400,0.128,0.20603,101,771,15233,0.0027,100.0,0,-1.0,400.00,0.0000,0.00,0.00,0.00,0.0000,0.00,0.00,0.00,1.0000
190.0,0,Salon,412.19,219.74,49.92,49.92,0.1026,0.16,2.346,1.791,1.988,2.746,0.12942,64,1027,4100,0.0127,99.9,0,-1.0,5926.78,0.0000,31.35,412.19,9.40,0.0728,0.00,0.00,0.00,0.5583
190.0,1,Pasillo,0.00,98.93,58.15,58.15,0.3329,0.03,2.183,1.944,2.400,1.273,0.19137,263,1827,34589,0.0250,99.7,0,-1.0,800.00,0.0000,0.00,0.00,0.00,0.0000,0.00,0.00,0.00,1.0000
190.0,2,Dormitorio1,0.00,45.56,21.97,21.97,0.0480,0.18,2.374,2.300,2.400,0.076,0.20660,80,791,12960,0.0023,100.0,0,-1.0,3500.00,0.0000,0.00,0.00,0.00,0.0000,0.00,0.00,0.00,1.0000
190.0,3,Dormitorio2,0.00,40.84,23.39,23.39,0.0452,0.13,2.363,2.163,2.400,0.164,0.20556,117,758,17876,0.0030,100.0,0,-1.0,2500.00,0.0000,0.00,0.00,0.00,0.0000,0.00,0.00,0.00,1.0000
190.0,4,Cocina,0.00,49.58,21.25,21.25,0.0504,0.25,2.381,2.370,2.400,0.018,0.20728,59,813,9777,0.0019,100.0,0,-1.0,3500.00,0.0000,0.00,0.00,0.00,0.0000,0.00,0.00,0.00,1.0000
190.0,5,Bano,0.00,42.27,22.84,22.84,0.0392,0.15,2.368,2.218,2.400,0.132,0.20595,103,771,15492,0.0027,100.0,0,-1.0,400.00,0.0000,0.00,0.00,0.00,0.0000,0.00,0.00,0.00,1.0000
191.0,0,Salon,392.08,210.05,50.21,50.21,0.0967,0.17,2.347,1.806,1.992,2.626,0.12909,69,1022,4161,0.0131,99.9,0,-1.0,5926.76,0.0000,14.67,392.08,4.40,0.0792,0.00,0.00,0.00,0.5420
191.0,1,Pasillo,0.00,97.94,58.21,58.21,0.3292,0.03,2.186,1.955,2.400,1.245,0.19103,259,1841,33871,0.0254,99.7,0,-1.0,800.00,0.0000,0.00,0.00,0.00,0.0000,0.00,0.00,0.00,1.0000
191.0,2,Dormitorio1,0.00,44.92,22.03,22.03,0.0489,0.18,2.373,2.296,2.400,0.080,0.20654,82,791,13153,0.0024,100.0,0,-1.0,3500.00,0.0000,0.00,0.00,0.00,0.0000,0.00,0.00,0.00,1.0000
191.0,3,Dormitorio2,0.00,40.45,23.49,23.49,0.0461,0.13,2.362,2.156,2.400,0.168,0.20547,119,759,18164,0.0031,100.0,0,-1.0,2500.00,0.0000,0.00,0.00,0.00,0.0000,0.00,0.00,0.00,1.0000
191.0,4,Cocina,0.00,48.88,21.28,21.28,0.0513,0.24,2.380,2.366,2.400,0.021,0.20723,60,813,9912,0.0020,100.0,0,-1.0,3500.00,0.0000,0.00,0.00,0.00,0.0000,0.00,0.00,0.00,1.0000
191.0,5,Bano,0.00,41.79,22.93,22.93,0.0400,0.14,2.367,2.212,2.400,0.136,0.20587,105,772,15746,0.0028,100.0,0,-1.0,400.00,0.0000,0.00,0.00,0.00,0.0000,0.00,0.00,0.00,1.0000
192.0,0,Salon,372.96,200.72,50.51,50.51,0.0909,0.18,2.349,1.821,1.995,2.500,0.12878,73,1008,4194,0.0135,99.9,0,-1.0,5926.74,0.0000,11.49,372.96,3.45,0.0826,0.00,0.00,0.00,0.5256
192.0,1,Pasillo,0.00,96.96,58.24,58.24,0.3254,0.03,2.188,1.966,2.400,1.215,0.19068,254,1858,33156,0.0258,99.7,0,-1.0,800.00,0.0000,0.00,0.00,0.00,0.0000,0.00,0.00,0.00,1.0000
192.0,2,Dormitorio1,0.00,44.28,22.09,22.09,0.0498,0.17,2.373,2.291,2.400,0.083,0.20647,83,792,13342,0.0024,100.0,0,-1.0,3500.00,0.0000,0.00,0.00,0.00,0.0000,0.00,0.00,0.00,1.0000
192.0,3,Dormitorio2,0.00,40.05,23.58,23.58,0.0470,0.12,2.362,2.150,2.400,0.172,0.20538,121,759,18447,0.0032,100.0,0,-1.0,2500.00,0.0000,0.00,0.00,0.00,0.0000,0.00,0.00,0.00,1.0000
192.0,4,Cocina,0.00,48.15,21.31,21.31,0.0522,0.24,2.380,2.363,2.400,0.024,0.20719,61,813,10043,0.0020,100.0,0,-1.0,3500.00,0.0000,0.00,0.00,0.00,0.0000,0.00,0.00,0.00,1.0000
192.0,5,Bano,0.00,41.32,23.01,23.01,0.0408,0.14,2.367,2.206,2.400,0.139,0.20580,107,773,15996,0.0029,100.0,0,-1.0,400.00,0.0000,0.00,0.00,0.00,0.0000,0.00,0.00,0.00,1.0000
193.0,0,Salon,354.77,191.80,50.80,50.80,0.0853,0.19,2.350,1.835,2.000,2.371,0.12849,77,988,4201,0.0139,99.9,0,-1.0,5926.73,0.0000,9.80,354.77,2.94,0.0855,0.00,0.00,0.00,0.5095
193.0,1,Pasillo,0.00,96.02,58.24,58.24,0.3216,0.03,2.191,1.977,2.400,1.183,0.19034,250,1875,32443,0.0261,99.7,0,-1.0,800.00,0.0000,0.00,0.00,0.00,0.0000,0.00,0.00,0.00,1.0000
193.0,2,Dormitorio1,0.00,43.65,22.15,22.15,0.0507,0.17,2.372,2.287,2.400,0.086,0.20641,85,793,13529,0.0025,100.0,0,-1.0,3500.00,0.0000,0.00,0.00,0.00,0.0000,0.00,0.00,0.00,1.0000
193.0,3,Dormitorio2,0.00,39.65,23.68,23.68,0.0479,0.12,2.361,2.143,2.400,0.175,0.20530,123,760,18725,0.0032,100.0,0,-1.0,2500.00,0.0000,0.00,0.00,0.00,0.0000,0.00,0.00,0.00,1.0000
193.0,4,Cocina,0.00,47.42,21.34,21.34,0.0531,0.23,2.380,2.360,2.400,0.027,0.20714,62,814,10174,0.0021,100.0,0,-1.0,3500.00,0.0000,0.00,0.00,0.00,0.0000,0.00,0.00,0.00,1.0000
193.0,5,Bano,0.00,40.85,23.10,23.10,0.0416,0.14,2.366,2.200,2.400,0.142,0.20572,109,773,16242,0.0030,100.0,0,-1.0,400.00,0.0000,0.00,0.00,0.00,0.0000,0.00,0.00,0.00,1.0000
194.0,0,Salon,337.47,183.31,51.09,51.09,0.0799,0.21,2.352,1.849,2.005,2.241,0.12823,79,963,4183,0.0143,99.9,0,-1.0,5926.72,0.0000,8.19,337.47,2.46,0.0879,0.00,0.00,0.00,0.4938
194.0,1,Pasillo,0.00,95.13,58.21,58.21,0.3178,0.03,2.194,1.988,2.400,1.151,0.19001,245,1894,31733,0.0264,99.7,0,-1.0,800.00,0.0000,0.00,0.00,0.00,0.0000,0.00,0.00,0.00,1.0000
194.0,2,Dormitorio1,0.00,43.04,22.21,22.21,0.0516,0.17,2.372,2.283,2.400,0.088,0.20635,86,794,13713,0.0026,100.0,0,-1.0,3500.00,0.0000,0.00,0.00,0.00,0.0000,0.00,0.00,0.00,1.0000
194.0,3,Dormitorio2,0.00,39.26,23.77,23.77,0.0488,0.12,2.360,2.137,2.400,0.178,0.20521,125,761,19000,0.0033,100.0,0,-1.0,2500.00,0.0000,0.00,0.00,0.00,0.0000,0.00,0.00,0.00,1.0000
194.0,4,Cocina,0.00,46.68,21.37,21.37,0.0540,0.23,2.379,2.357,2.400,0.029,0.20710,63,815,10302,0.0021,100.0,0,-1.0,3500.00,0.0000,0.00,0.00,0.00,0.0000,0.00,0.00,0.00,1.0000
194.0,5,Bano,0.00,40.38,23.18,23.18,0.0423,0.14,2.365,2.195,2.400,0.145,0.20564,111,774,16484,0.0030,100.0,0,-1.0,400.00,0.0000,0.00,0.00,0.00,0.0000,0.00,0.00,0.00,1.0000
195.0,0,Salon,321.01,175.23,51.38,51.38,0.0746,0.22,2.354,1.862,2.010,2.112,0.12798,81,934,4142,0.0148,99.9,0,-1.0,5926.72,0.0000,6.67,321.01,2.00,0.0898,0.00,0.00,0.00,0.4786
195.0,1,Pasillo,0.00,94.28,58.14,58.14,0.3140,0.03,2.197,1.999,2.400,1.118,0.18967,241,1915,31023,0.0268,99.7,0,-1.0,800.00,0.0000,0.00,0.00,0.00,0.0000,0.00,0.00,0.00,1.0000
195.0,2,Dormitorio1,0.00,42.43,22.26,22.26,0.0525,0.17,2.371,2.279,2.400,0.091,0.20629,87,794,13895,0.0026,100.0,0,-1.0,3500.00,0.0000,0.00,0.00,0.00,0.0000,0.00,0.00,0.00,1.0000
195.0,3,Dormitorio2,0.00,38.87,23.87,23.87,0.0496,0.12,2.359,2.131,2.400,0.180,0.20513,127,762,19271,0.0034,100.0,0,-1.0,2500.00,0.0000,0.00,0.00,0.00,0.0000,0.00,0.00,0.00,1.0000
195.0,4,Cocina,0.00,45.95,21.40,21.40,0.0548,0.23,2.379,2.354,2.400,0.032,0.20705,64,816,10429,0.0021,100.0,0,-1.0,3500.00,0.0000,0.00,0.00,0.00,0.0000,0.00,0.00,0.00,1.0000
195.0,5,Bano,0.00,39.92,23.26,23.26,0.0431,0.13,2.365,2.189,2.400,0.147,0.20557,112,775,16724,0.0031,100.0,0,-1.0,400.00,0.0000,0.00,0.00,0.00,0.0000,0.00,0.00,0.00,1.0000
196.0,0,Salon,305.35,167.55,51.65,51.65,0.0699,0.24,2.356,1.876,2.016,1.997,0.12776,83,904,4106,0.0152,99.8,0,-1.0,5926.71,0.0000,5.22,305.35,1.57,0.0913,0.00,0.00,0.00,0.4639
196.0,1,Pasillo,0.00,93.88,57.99,57.99,0.3103,0.03,2.198,2.006,2.400,1.086,0.18935,236,1938,30312,0.0271,99.7,0,-1.0,800.00,0.0000,0.00,0.00,0.00,0.0000,0.00,0.00,0.00,1.0000
196.0,2,Dormitorio1,0.00,41.85,22.32,22.32,0.0533,0.16,2.371,2.275,2.400,0.093,0.20623,89,795,14076,0.0027,100.0,0,-1.0,3500.00,0.0000,0.00,0.00,0.00,0.0000,0.00,0.00,0.00,1.0000
196.0,3,Dormitorio2,0.00,38.48,23.96,23.96,0.0505,0.11,2.359,2.125,2.400,0.182,0.20504,129,763,19539,0.0035,100.0,0,-1.0,2500.00,0.0000,0.00,0.00,0.00,0.0000,0.00,0.00,0.00,1.0000
196.0,4,Cocina,0.00,45.24,21.43,21.43,0.0557,0.22,2.379,2.352,2.400,0.034,0.20701,65,817,10555,0.0022,100.0,0,-1.0,3500.00,0.0000,0.00,0.00,0.00,0.0000,0.00,0.00,0.00,1.0000
196.0,5,Bano,0.00,39.48,23.33,23.33,0.0439,0.13,2.364,2.185,2.400,0.149,0.20549,114,776,16962,0.0032,100.0,0,-1.0,400.00,0.0000,0.00,0.00,0.00,0.0000,0.00,0.00,0.00,1.0000
197.0,0,Salon,290.46,160.44,51.94,51.94,0.0703,0.24,2.357,1.889,2.022,1.997,0.12755,90,874,4347,0.0157,99.8,0,-1.0,5926.71,0.0000,3.89,290.46,1.17,0.0923,0.00,0.00,0.00,0.4496
197.0,1,Pasillo,0.00,93.54,57.82,57.82,0.3065,0.03,2.200,2.014,2.400,1.056,0.18904,231,1964,29599,0.0274,99.7,0,-1.0,800.00,0.0000,0.00,0.00,0.00,0.0000,0.00,0.00,0.00,1.0000
197.0,2,Dormitorio1,0.00,41.28,22.37,22.37,0.0542,0.16,2.371,2.271,2.400,0.094,0.20617,90,796,14256,0.0028,100.0,0,-1.0,3500.00,0.0000,0.00,0.00,0.00,0.0000,0.00,0.00,0.00,1.0000
197.0,3,Dormitorio2,0.00,38.11,24.05,24.05,0.0513,0.11,2.358,2.119,2.400,0.184,0.20496,131,764,19807,0.0036,100.0,0,-1.0,2500.00,0.0000,0.00,0.00,0.00,0.0000,0.00,0.00,0.00,1.0000
197.0,4,Cocina,0.00,44.56,21.46,21.46,0.0566,0.22,2.378,2.349,2.400,0.036,0.20696,66,818,10681,0.0022,100.0,0,-1.0,3500.00,0.0000,0.00,0.00,0.00,0.0000,0.00,0.00,0.00,1.0000
197.0,5,Bano,0.00,39.04,23.41,23.41,0.0446,0.13,2.364,2.179,2.400,0.151,0.20542,116,777,17198,0.0033,100.0,0,-1.0,400.00,0.0000,0.00,0.00,0.00,0.0000,0.00,0.00,0.00,1.0000
198.0,0,Salon,276.30,154.06,52.24,52.24,0.0707,0.23,2.358,1.901,2.029,1.978,0.12736,98,847,4577,0.0161,99.8,0,-1.0,5926.70,0.0000,2.69,276.30,0.81,0.0929,0.00,0.00,0.00,0.4358
198.0,1,Pasillo,0.00,93.25,57.64,57.64,0.3027,0.03,2.202,2.022,2.400,1.027,0.18873,226,1992,28883,0.0277,99.7,0,-1.0,800.00,0.0000,0.00,0.00,0.00,0.0000,0.00,0.00,0.00,1.0000
198.0,2,Dormitorio1,0.00,40.74,22.43,22.43,0.0550,0.16,2.370,2.267,2.400,0.096,0.20611,91,798,14436,0.0028,100.0,0,-1.0,3500.00,0.0000,0.00,0.00,0.00,0.0000,0.00,0.00,0.00,1.0000
198.0,3,Dormitorio2,0.00,37.75,24.13,24.13,0.0522,0.11,2.357,2.113,2.400,0.186,0.20488,133,765,20074,0.0037,100.0,0,-1.0,2500.00,0.0000,0.00,0.00,0.00,0.0000,0.00,0.00,0.00,1.0000
198.0,4,Cocina,0.00,43.90,21.50,21.50,0.0574,0.22,2.378,2.346,2.400,0.038,0.20692,67,820,10806,0.0023,100.0,0,-1.0,3500.00,0.0000,0.00,0.00,0.00,0.0000,0.00,0.00,0.00,1.0000
198.0,5,Bano,0.00,38.62,23.49,23.49,0.0453,0.13,2.363,2.174,2.400,0.152,0.20534,118,778,17435,0.0034,100.0,0,-1.0,400.00,0.0000,0.00,0.00,0.00,0.0000,0.00,0.00,0.00,1.0000
199.0,0,Salon,262.82,148.33,52.57,52.57,0.0711,0.23,2.359,1.914,2.037,1.943,0.12718,104,824,4796,0.0166,99.8,0,-1.0,5926.70,0.0000,1.62,262.82,0.49,0.0932,0.00,0.00,0.00,0.4224
199.0,1,Pasillo,0.00,93.02,57.44,57.44,0.2989,0.03,2.204,2.030,2.400,1.000,0.18844,221,2022,28165,0.0280,99.7,0,-1.0,800.00,0.0000,0.00,0.00,0.00,0.0000,0.00,0.00,0.00,1.0000
199.0,2,Dormitorio1,0.00,40.21,22.48,22.48,0.0559,0.16,2.370,2.263,2.400,0.097,0.20606,93,799,14616,0.0029,100.0,0,-1.0,3500.00,0.0000,0.00,0.00,0.00,0.0000,0.00,0.00,0.00,1.0000
199.0,3,Dormitorio2,0.00,37.40,24.22,24.22,0.0530,0.11,2.357,2.107,2.400,0.187,0.20480,135,766,20341,0.0038,100.0,0,-1.0,2500.00,0.0000,0.00,0.00,0.00,0.0000,0.00,0.00,0.00,1.0000
199.0,4,Cocina,0.00,43.26,21.53,21.53,0.0583,0.21,2.378,2.343,2.400,0.040,0.20688,67,821,10932,0.0023,100.0,0,-1.0,3500.00,0.0000,0.00,0.00,0.00,0.0000,0.00,0.00,0.00,1.0000
199.0,5,Bano,0.00,38.22,23.56,23.56,0.0461,0.13,2.363,2.169,2.400,0.153,0.20527,119,779,17671,0.0034,100.0,0,-1.0,400.00,0.0000,0.00,0.00,0.00,0.0000,0.00,0.00,0.00,1.0000
200.0,0,Salon,250.00,143.12,52.91,52.91,0.0715,0.23,2.359,1.926,2.044,1.897,0.12702,111,802,5005,0.0171,99.8,0,-1.0,5926.70,0.0000,0.65,250.00,0.20,0.0932,0.00,0.00,0.00,0.4094
200.0,1,Pasillo,0.00,92.87,57.23,57.23,0.2951,0.03,2.206,2.040,2.400,0.973,0.18815,217,2055,27444,0.0282,99.7,0,-1.0,800.00,0.0000,0.00,0.00,0.00,0.0000,0.00,0.00,0.00,1.0000
200.0,2,Dormitorio1,0.00,39.71,22.53,22.53,0.0568,0.15,2.369,2.259,2.400,0.099,0.20600,94,800,14796,0.0030,100.0,0,-1.0,3500.00,0.0000,0.00,0.00,0.00,0.0000,0.00,0.00,0.00,1.0000
200.0,3,Dormitorio2,0.00,37.06,24.30,24.30,0.0539,0.11,2.356,2.101,2.400,0.188,0.20473,137,767,20608,0.0040,100.0,0,-1.0,2500.00,0.0000,0.00,0.00,0.00,0.0000,0.00,0.00,0.00,1.0000
200.0,4,Cocina,0.00,42.64,21.56,21.56,0.0591,0.21,2.377,2.341,2.400,0.042,0.20684,68,823,11058,0.0024,100.0,0,-1.0,3500.00,0.0000,0.00,0.00,0.00,0.0000,0.00,0.00,0.00,1.0000
200.0,5,Bano,0.00,37.83,23.63,23.63,0.0468,0.12,2.362,2.164,2.400,0.154,0.20520,121,781,17908,0.0035,100.0,0,-1.0,400.00,0.0000,0.00,0.00,0.00,0.0000,0.00,0.00,0.00,1.0000
201.0,0,Salon,237.81,138.35,53.27,53.27,0.0719,0.23,2.358,1.913,2.051,1.848,0.12688,117,783,5204,0.0176,99.8,0,-1.0,5926.70,0.0000,0.00,237.81,0.00,0.0929,0.00,0.00,0.00,0.3968
201.0,1,Pasillo,0.00,92.79,57.01,57.01,0.2913,0.03,2.209,2.049,2.400,0.947,0.18788,212,2090,26719,0.0285,99.7,0,-1.0,800.00,0.0000,0.00,0.00,0.00,0.0000,0.00,0.00,0.00,1.0000
201.0,2,Dormitorio1,0.00,39.23,22.59,22.59,0.0576,0.15,2.369,2.255,2.400,0.100,0.20595,96,802,14978,0.0030,100.0,0,-1.0,3500.00,0.0000,0.00,0.00,0.00,0.0000,0.00,0.00,0.00,1.0000
201.0,3,Dormitorio2,0.00,36.73,24.38,24.38,0.0547,0.11,2.355,2.095,2.400,0.189,0.20465,139,769,20877,0.0041,100.0,0,-1.0,2500.00,0.0000,0.00,0.00,0.00,0.0000,0.00,0.00,0.00,1.0000
201.0,4,Cocina,0.00,42.05,21.59,21.59,0.0600,0.21,2.377,2.338,2.400,0.043,0.20680,69,826,11184,0.0024,100.0,0,-1.0,3500.00,0.0000,0.00,0.00,0.00,0.0000,0.00,0.00,0.00,1.0000
201.0,5,Bano,0.00,37.45,23.70,23.70,0.0476,0.12,2.361,2.159,2.400,0.155,0.20513,123,782,18145,0.0036,100.0,0,-1.0,400.00,0.0000,0.00,0.00,0.00,0.0000,0.00,0.00,0.00,1.0000
202.0,0,Salon,226.21,133.96,53.64,53.64,0.0723,0.23,2.357,1.880,2.058,1.818,0.12676,123,764,5392,0.0181,99.8,0,-1.0,5926.70,0.0000,0.00,226.21,0.00,0.0925,0.00,0.00,0.00,0.3846
202.0,1,Pasillo,0.00,92.79,56.79,56.79,0.2875,0.03,2.211,2.059,2.400,0.922,0.18762,207,2126,25990,0.0288,99.7,0,-1.0,800.00,0.0000,0.00,0.00,0.00,0.0000,0.00,0.00,0.00,1.0000
202.0,2,Dormitorio1,0.00,38.77,22.64,22.64,0.0585,0.15,2.368,2.252,2.400,0.101,0.20589,97,804,15160,0.0031,100.0,0,-1.0,3500.00,0.0000,0.00,0.00,0.00,0.0000,0.00,0.00,0.00,1.0000
202.0,3,Dormitorio2,0.00,36.42,24.46,24.46,0.0556,0.10,2.355,2.090,2.400,0.190,0.20457,141,770,21147,0.0043,100.0,0,-1.0,2500.00,0.0000,0.00,0.00,0.00,0.0000,0.00,0.00,0.00,1.0000
202.0,4,Cocina,0.00,41.48,21.62,21.62,0.0608,0.20,2.377,2.335,2.400,0.045,0.20676,70,828,11312,0.0025,100.0,0,-1.0,3500.00,0.0000,0.00,0.00,0.00,0.0000,0.00,0.00,0.00,1.0000
202.0,5,Bano,0.00,37.09,23.77,23.77,0.0483,0.12,2.361,2.153,2.400,0.156,0.20506,125,784,18384,0.0037,100.0,0,-1.0,400.00,0.0000,0.00,0.00,0.00,0.0000,0.00,0.00,0.00,1.0000
203.0,0,Salon,215.18,129.90,54.04,54.04,0.0727,0.23,2.356,1.848,2.064,1.805,0.12665,129,748,5570,0.0186,99.8,0,-1.0,5926.70,0.0000,0.00,215.18,0.00,0.0922,0.00,0.00,0.00,0.3727
203.0,1,Pasillo,0.00,92.86,56.55,56.55,0.2836,0.03,2.213,2.069,2.400,0.897,0.18737,202,2162,25258,0.0290,99.7,0,-1.0,800.00,0.0000,0.00,0.00,0.00,0.0000,0.00,0.00,0.00,1.0000
203.0,2,Dormitorio1,0.00,38.32,22.69,22.69,0.0594,0.15,2.368,2.248,2.400,0.101,0.20584,98,806,15344,0.0032,100.0,0,-1.0,3500.00,0.0000,0.00,0.00,0.00,0.0000,0.00,0.00,0.00,1.0000
203.0,3,Dormitorio2,0.00,36.12,24.54,24.54,0.0564,0.10,2.354,2.084,2.400,0.191,0.20450,144,772,21419,0.0044,100.0,0,-1.0,2500.00,0.0000,0.00,0.00,0.00,0.0000,0.00,0.00,0.00,1.0000
203.0,4,Cocina,0.00,40.94,21.65,21.65,0.0617,0.20,2.377,2.332,2.400,0.046,0.20672,71,831,11440,0.0025,100.0,0,-1.0,3500.00,0.0000,0.00,0.00,0.00,0.0000,0.00,0.00,0.00,1.0000
203.0,5,Bano,0.00,36.74,23.84,23.84,0.0491,0.12,2.360,2.148,2.400,0.157,0.20500,127,786,18625,0.0038,100.0,0,-1.0,400.00,0.0000,0.00,0.00,0.00,0.0000,0.00,0.00,0.00,1.0000
204.0,0,Salon,204.69,126.13,54.45,54.45,0.0731,0.23,2.355,1.816,2.071,1.804,0.12655,134,732,5737,0.0191,99.8,0,-1.0,5926.70,0.0000,0.00,204.69,0.00,0.0919,0.00,0.00,0.00,0.3613
204.0,1,Pasillo,0.00,93.01,56.31,56.31,0.2797,0.03,2.216,2.080,2.400,0.873,0.18713,196,2195,24524,0.0292,99.7,0,-1.0,800.00,0.0000,0.00,0.00,0.00,0.0000,0.00,0.00,0.00,1.0000
204.0,2,Dormitorio1,0.00,37.90,22.74,22.74,0.0602,0.14,2.367,2.244,2.400,0.102,0.20579,100,808,15528,0.0032,100.0,0,-1.0,3500.00,0.0000,0.00,0.00,0.00,0.0000,0.00,0.00,0.00,1.0000
204.0,3,Dormitorio2,0.00,35.83,24.62,24.62,0.0573,0.10,2.353,2.078,2.400,0.191,0.20443,146,774,21692,0.0046,100.0,0,-1.0,2500.00,0.0000,0.00,0.00,0.00,0.0000,0.00,0.00,0.00,1.0000
204.0,4,Cocina,0.00,40.41,21.68,21.68,0.0626,0.20,2.376,2.330,2.400,0.048,0.20668,72,834,11569,0.0026,100.0,0,-1.0,3500.00,0.0000,0.00,0.00,0.00,0.0000,0.00,0.00,0.00,1.0000
204.0,5,Bano,0.00,36.41,23.91,23.91,0.0499,0.12,2.359,2.143,2.400,0.157,0.20493,129,788,18867,0.0039,100.0,0,-1.0,400.00,0.0000,0.00,0.00,0.00,0.0000,0.00,0.00,0.00,1.0000
205.0,0,Salon,194.70,122.63,54.87,54.87,0.0735,0.23,2.354,1.786,2.078,1.813,0.12647,140,718,5894,0.0196,99.8,0,-1.0,5926.70,0.0000,0.00,194.70,0.00,0.0915,0.00,0.00,0.00,0.3501
205.0,1,Pasillo,0.00,93.22,56.06,56.06,0.2758,0.03,2.218,2.090,2.400,0.848,0.18690,191,2226,23789,0.0295,99.7,0,-1.0,800.00,0.0000,0.00,0.00,0.00,0.0000,0.00,0.00,0.00,1.0000
205.0,2,Dormitorio1,0.00,37.49,22.79,22.79,0.0611,0.14,2.367,2.240,2.400,0.103,0.20573,101,811,15714,0.0033,100.0,0,-1.0,3500.00,0.0000,0.00,0.00,0.00,0.0000,0.00,0.00,0.00,1.0000
205.0,3,Dormitorio2,0.00,35.55,24.69,24.69,0.0582,0.10,2.352,2.072,2.400,0.192,0.20436,148,776,21967,0.0048,100.0,0,-1.0,2500.00,0.0000,0.00,0.00,0.00,0.0000,0.00,0.00,0.00,1.0000
205.0,4,Cocina,0.00,39.91,21.71,21.71,0.0635,0.20,2.376,2.327,2.400,0.049,0.20664,73,837,11699,0.0026,100.0,0,-1.0,3500.00,0.0000,0.00,0.00,0.00,0.0000,0.00,0.00,0.00,1.0000
205.0,5,Bano,0.00,36.09,23.98,23.98,0.0506,0.11,2.359,2.138,2.400,0.158,0.20487,130,790,19110,0.0040,100.0,0,-1.0,400.00,0.0000,0.00,0.00,0.00,0.0000,0.00,0.00,0.00,1.0000
206.0,0,Salon,185.21,119.36,55.31,55.31,0.0738,0.22,2.352,1.756,2.084,1.829,0.12641,144,704,6041,0.0201,99.8,0,-1.0,5926.70,0.0000,0.00,185.21,0.00,0.0912,0.00,0.00,0.00,0.3394
206.0,1,Pasillo,0.00,93.51,55.80,55.80,0.2719,0.03,2.220,2.100,2.400,0.824,0.18668,186,2253,23054,0.0297,99.7,0,-1.0,800.00,0.0000,0.00,0.00,0.00,0.0000,0.00,0.00,0.00,1.0000
206.0,2,Dormitorio1,0.00,37.10,22.84,22.84,0.0620,0.14,2.366,2.236,2.400,0.103,0.20568,103,813,15901,0.0034,100.0,0,-1.0,3500.00,0.0000,0.00,0.00,0.00,0.0000,0.00,0.00,0.00,1.0000
206.0,3,Dormitorio2,0.00,35.29,24.76,24.76,0.0590,0.10,2.351,2.066,2.400,0.192,0.20429,150,778,22243,0.0049,100.0,0,-1.0,2500.00,0.0000,0.00,0.00,0.00,0.0000,0.00,0.00,0.00,1.0000
206.0,4,Cocina,0.00,39.43,21.74,21.74,0.0644,0.19,2.376,2.324,2.400,0.050,0.20660,74,840,11830,0.0027,100.0,0,-1.0,3500.00,0.0000,0.00,0.00,0.00,0.0000,0.00,0.00,0.00,1.0000
206.0,5,Bano,0.00,35.79,24.04,24.04,0.0514,0.11,2.358,2.133,2.400,0.158,0.20480,132,792,19355,0.0041,100.0,0,-1.0,400.00,0.0000,0.00,0.00,0.00,0.0000,0.00,0.00,0.00,1.0000
207.0,0,Salon,176.17,116.30,55.75,55.75,0.0742,0.22,2.350,1.728,2.090,1.849,0.12637,149,692,6178,0.0206,99.8,0,-1.0,5926.70,0.0000,0.00,176.17,0.00,0.0908,0.00,0.00,0.00,0.3289
207.0,1,Pasillo,0.00,93.84,55.54,55.54,0.2680,0.03,2.223,2.110,2.400,0.801,0.18647,182,2275,22323,0.0299,99.7,0,-1.0,800.00,0.0000,0.00,0.00,0.00,0.0000,0.00,0.00,0.00,1.0000
207.0,2,Dormitorio1,0.00,36.73,22.89,22.89,0.0629,0.14,2.366,2.232,2.400,0.104,0.20563,104,816,16088,0.0034,100.0,0,-1.0,3500.00,0.0000,0.00,0.00,0.00,0.0000,0.00,0.00,0.00,1.0000
207.0,3,Dormitorio2,0.00,35.03,24.84,24.84,0.0599,0.10,2.351,2.061,2.400,0.193,0.20422,152,780,22520,0.0051,99.9,0,-1.0,2500.00,0.0000,0.00,0.00,0.00,0.0000,0.00,0.00,0.00,1.0000
207.0,4,Cocina,0.00,38.97,21.77,21.77,0.0653,0.19,2.375,2.322,2.400,0.051,0.20656,75,843,11961,0.0027,100.0,0,-1.0,3500.00,0.0000,0.00,0.00,0.00,0.0000,0.00,0.00,0.00,1.0000
207.0,5,Bano,0.00,35.49,24.11,24.11,0.0522,0.11,2.358,2.128,2.400,0.159,0.20474,134,794,19600,0.0042,100.0,0,-1.0,400.00,0.0000,0.00,0.00,0.00,0.0000,0.00,0.00,0.00,1.0000
208.0,0,Salon,167.58,113.44,56.19,56.19,0.0745,0.22,2.348,1.700,2.096,1.872,0.12634,154,680,6305,0.0212,99.8,0,-1.0,5926.70,0.0000,0.00,167.58,0.00,0.0905,0.00,0.00,0.00,0.3188
208.0,1,Pasillo,0.00,94.22,55.28,55.28,0.2640,0.03,2.225,2.120,2.400,0.778,0.18627,177,2289,21596,0.0301,99.7,0,-1.0,800.00,0.0000,0.00,0.00,0.00,0.0000,0.00,0.00,0.00,1.0000
208.0,2,Dormitorio1,0.00,36.38,22.94,22.94,0.0638,0.14,2.366,2.229,2.400,0.104,0.20559,106,818,16276,0.0035,100.0,0,-1.0,3500.00,0.0000,0.00,0.00,0.00,0.0000,0.00,0.00,0.00,1.0000
208.0,3,Dormitorio2,0.00,34.79,24.91,24.91,0.0608,0.10,2.350,2.055,2.400,0.193,0.20416,154,782,22797,0.0053,99.9,0,-1.0,2500.00,0.0000,0.00,0.00,0.00,0.0000,0.00,0.00,0.00,1.0000
208.0,4,Cocina,0.00,38.54,21.80,21.80,0.0662,0.19,2.375,2.319,2.400,0.052,0.20653,76,846,12092,0.0028,100.0,0,-1.0,3500.00,0.0000,0.00,0.00,0.00,0.0000,0.00,0.00,0.00,1.0000
208.0,5,Bano,0.00,35.22,24.17,24.17,0.0530,0.11,2.357,2.123,2.400,0.159,0.20468,136,796,19846,0.0043,100.0,0,-1.0,400.00,0.0000,0.00,0.00,0.00,0.0000,0.00,0.00,0.00,1.0000
209.0,0,Salon,159.41,110.75,56.64,56.64,0.0749,0.22,2.346,1.673,2.102,1.897,0.12632,158,669,6421,0.0217,99.8,0,-1.0,5926.70,0.0000,0.00,159.41,0.00,0.0901,0.00,0.00,0.00,0.3090
209.0,1,Pasillo,0.00,94.61,55.01,55.01,0.2600,0.03,2.228,2.129,2.400,0.756,0.18608,172,2296,20878,0.0303,99.7,0,-1.0,800.00,0.0000,0.00,0.00,0.00,0.0000,0.00,0.00,0.00,1.0000
209.0,2,Dormitorio1,0.00,36.04,22.98,22.98,0.0648,0.13,2.365,2.225,2.400,0.105,0.20554,107,821,16463,0.0036,100.0,0,-1.0,3500.00,0.0000,0.00,0.00,0.00,0.0000,0.00,0.00,0.00,1.0000
209.0,3,Dormitorio2,0.00,34.56,24.98,24.98,0.0618,0.09,2.349,2.049,2.400,0.194,0.20409,156,785,23073,0.0054,99.9,0,-1.0,2500.00,0.0000,0.00,0.00,0.00,0.0000,0.00,0.00,0.00,1.0000
209.0,4,Cocina,0.00,38.12,21.83,21.83,0.0671,0.18,2.375,2.316,2.400,0.053,0.20649,77,849,12222,0.0029,100.0,0,-1.0,3500.00,0.0000,0.00,0.00,0.00,0.0000,0.00,0.00,0.00,1.0000
209.0,5,Bano,0.00,34.95,24.23,24.23,0.0538,0.11,2.356,2.118,2.400,0.159,0.20462,138,799,20090,0.0044,100.0,0,-1.0,400.00,0.0000,0.00,0.00,0.00,0.0000,0.00,0.00,0.00,1.0000
210.0,0,Salon,151.63,108.21,57.08,57.08,0.0752,0.22,2.344,1.647,2.108,1.922,0.12632,161,658,6527,0.0222,99.8,0,-1.0,5926.70,0.0000,0.00,151.63,0.00,0.0898,0.00,0.00,0.00,0.2995
210.0,1,Pasillo,0.00,95.01,54.74,54.74,0.2561,0.03,2.230,2.138,2.400,0.734,0.18590,167,2294,20172,0.0305,99.7,0,-1.0,800.00,0.0000,0.00,0.00,0.00,0.0000,0.00,0.00,0.00,1.0000
210.0,2,Dormitorio1,0.00,35.72,23.03,23.03,0.0657,0.13,2.365,2.221,2.400,0.105,0.20549,108,823,16648,0.0037,100.0,0,-1.0,3500.00,0.0000,0.00,0.00,0.00,0.0000,0.00,0.00,0.00,1.0000
210.0,3,Dormitorio2,0.00,34.34,25.04,25.04,0.0627,0.09,2.348,2.043,2.400,0.194,0.20403,159,787,23347,0.0056,99.9,0,-1.0,2500.00,0.0000,0.00,0.00,0.00,0.0000,0.00,0.00,0.00,1.0000
210.0,4,Cocina,0.00,37.72,21.86,21.86,0.0680,0.18,2.374,2.314,2.400,0.054,0.20646,78,852,12352,0.0029,100.0,0,-1.0,3500.00,0.0000,0.00,0.00,0.00,0.0000,0.00,0.00,0.00,1.0000
210.0,5,Bano,0.00,34.70,24.29,24.29,0.0546,0.11,2.356,2.113,2.400,0.160,0.20456,140,801,20333,0.0045,100.0,0,-1.0,400.00,0.0000,0.00,0.00,0.00,0.0000,0.00,0.00,0.00,1.0000
211.0,0,Salon,144.24,105.83,57.52,57.52,0.0755,0.22,2.342,1.622,2.114,1.948,0.12634,165,648,6623,0.0228,99.8,0,-1.0,5926.70,0.0000,0.00,144.24,0.00,0.0895,0.00,0.00,0.00,0.2903
211.0,1,Pasillo,0.00,95.39,54.47,54.47,0.2521,0.03,2.232,2.146,2.400,0.713,0.18572,163,2282,19483,0.0306,99.7,0,-1.0,800.00,0.0000,0.00,0.00,0.00,0.0000,0.00,0.00,0.00,1.0000
211.0,2,Dormitorio1,0.00,35.42,23.08,23.08,0.0666,0.13,2.364,2.217,2.400,0.106,0.20545,110,825,16831,0.0037,100.0,0,-1.0,3500.00,0.0000,0.00,0.00,0.00,0.0000,0.00,0.00,0.00,1.0000
211.0,3,Dormitorio2,0.00,34.14,25.11,25.11,0.0636,0.09,2.347,2.038,2.400,0.194,0.20397,161,788,23618,0.0058,99.9,0,-1.0,2500.00,0.0000,0.00,0.00,0.00,0.0000,0.00,0.00,0.00,1.0000
211.0,4,Cocina,0.00,37.34,21.89,21.89,0.0690,0.18,2.374,2.311,2.400,0.055,0.20643,79,855,12480,0.0030,100.0,0,-1.0,3500.00,0.0000,0.00,0.00,0.00,0.0000,0.00,0.00,0.00,1.0000
211.0,5,Bano,0.00,34.46,24.35,24.35,0.0554,0.10,2.355,2.108,2.400,0.160,0.20451,142,803,20573,0.0047,100.0,0,-1.0,400.00,0.0000,0.00,0.00,0.00,0.0000,0.00,0.00,0.00,1.0000
212.0,0,Salon,137.20,103.58,57.95,57.95,0.0757,0.22,2.339,1.598,2.120,1.973,0.12637,168,638,6709,0.0233,99.8,0,-1.0,5926.70,0.0000,0.00,137.20,0.00,0.0891,0.00,0.00,0.00,0.2813
212.0,1,Pasillo,0.00,95.72,54.20,54.20,0.2482,0.04,2.235,2.154,2.400,0.693,0.18555,159,2259,18813,0.0308,99.7,0,-1.0,800.00,0.0000,0.00,0.00,0.00,0.0000,0.00,0.00,0.00,1.0000
212.0,2,Dormitorio1,0.00,35.13,23.12,23.12,0.0675,0.13,2.364,2.213,2.400,0.106,0.20541,111,827,17012,0.0038,100.0,0,-1.0,3500.00,0.0000,0.00,0.00,0.00,0.0000,0.00,0.00,0.00,1.0000
212.0,3,Dormitorio2,0.00,33.94,25.18,25.18,0.0645,0.09,2.347,2.032,2.400,0.195,0.20391,163,790,23884,0.0060,99.9,0,-1.0,2500.00,0.0000,0.00,0.00,0.00,0.0000,0.00,0.00,0.00,1.0000
212.0,4,Cocina,0.00,36.98,21.93,21.93,0.0699,0.18,2.374,2.308,2.400,0.055,0.20639,80,857,12607,0.0030,100.0,0,-1.0,3500.00,0.0000,0.00,0.00,0.00,0.0000,0.00,0.00,0.00,1.0000
212.0,5,Bano,0.00,34.23,24.41,24.41,0.0562,0.10,2.354,2.103,2.400,0.160,0.20445,144,805,20808,0.0048,100.0,0,-1.0,400.00,0.0000,0.00,0.00,0.00,0.0000,0.00,0.00,0.00,1.0000
213.0,0,Salon,130.51,101.45,58.37,58.37,0.0760,0.22,2.337,1.575,2.125,1.996,0.12642,171,628,6786,0.0238,99.8,0,-1.0,5926.70,0.0000,0.00,130.51,0.00,0.0888,0.00,0.00,0.00,0.2727
213.0,1,Pasillo,0.00,95.96,53.93,53.93,0.2443,0.04,2.237,2.161,2.400,0.673,0.18538,155,2227,18168,0.0309,99.7,0,-1.0,800.00,0.0000,0.00,0.00,0.00,0.0000,0.00,0.00,0.00,1.0000
213.0,2,Dormitorio1,0.00,34.85,23.17,23.17,0.0684,0.13,2.363,2.210,2.400,0.106,0.20537,113,829,17188,0.0039,100.0,0,-1.0,3500.00,0.0000,0.00,0.00,0.00,0.0000,0.00,0.00,0.00,1.0000
213.0,3,Dormitorio2,0.00,33.75,25.24,25.24,0.0654,0.09,2.346,2.026,2.400,0.195,0.20385,165,792,24143,0.0061,99.9,0,-1.0,2500.00,0.0000,0.00,0.00,0.00,0.0000,0.00,0.00,0.00,1.0000
213.0,4,Cocina,0.00,36.63,21.96,21.96,0.0708,0.18,2.373,2.306,2.400,0.056,0.20636,81,858,12730,0.0031,100.0,0,-1.0,3500.00,0.0000,0.00,0.00,0.00,0.0000,0.00,0.00,0.00,1.0000
213.0,5,Bano,0.00,34.02,24.47,24.47,0.0570,0.10,2.354,2.098,2.400,0.161,0.20440,146,806,21038,0.0050,100.0,0,-1.0,400.00,0.0000,0.00,0.00,0.00,0.0000,0.00,0.00,0.00,1.0000
214.0,0,Salon,124.15,99.44,58.78,58.78,0.0752,0.22,2.337,1.560,2.131,1.997,0.12648,172,619,6765,0.0244,99.8,0,-1.0,5926.70,0.0000,0.00,124.15,0.00,0.0885,0.00,0.00,0.00,0.2643
214.0,1,Pasillo,0.00,96.11,53.66,53.66,0.2406,0.04,2.240,2.167,2.400,0.654,0.18522,152,2186,17549,0.0310,99.7,0,-1.0,800.00,0.0000,0.00,0.00,0.00,0.0000,0.00,0.00,0.00,1.0000
214.0,2,Dormitorio1,0.00,34.58,23.21,23.21,0.0693,0.13,2.363,2.206,2.400,0.107,0.20532,114,830,17359,0.0040,100.0,0,-1.0,3500.00,0.0000,0.00,0.00,0.00,0.0000,0.00,0.00,0.00,1.0000
214.0,3,Dormitorio2,0.00,33.57,25.30,25.30,0.0663,0.09,2.345,2.021,2.400,0.195,0.20380,167,793,24395,0.0063,99.9,0,-1.0,2500.00,0.0000,0.00,0.00,0.00,0.0000,0.00,0.00,0.00,1.0000
214.0,4,Cocina,0.00,36.30,21.98,21.98,0.0717,0.17,2.373,2.303,2.400,0.057,0.20633,82,859,12850,0.0031,100.0,0,-1.0,3500.00,0.0000,0.00,0.00,0.00,0.0000,0.00,0.00,0.00,1.0000
214.0,5,Bano,0.00,33.81,24.52,24.52,0.0578,0.10,2.353,2.093,2.400,0.161,0.20435,147,807,21261,0.0051,99.9,0,-1.0,400.00,0.0000,0.00,0.00,0.00,0.0000,0.00,0.00,0.00,1.0000
215.0,0,Salon,118.09,97.58,59.16,59.16,0.0745,0.22,2.337,1.548,2.136,1.995,0.12656,172,610,6735,0.0249,99.8,0,-1.0,5926.70,0.0000,0.00,118.09,0.00,0.0881,0.00,0.00,0.00,0.2562
215.0,1,Pasillo,0.00,96.17,53.40,53.40,0.2368,0.04,2.242,2.173,2.400,0.637,0.18506,148,2141,16958,0.0311,99.7,0,-1.0,800.00,0.0000,0.00,0.00,0.00,0.0000,0.00,0.00,0.00,1.0000
215.0,2,Dormitorio1,0.00,34.33,23.25,23.25,0.0702,0.12,2.362,2.202,2.400,0.107,0.20528,115,831,17524,0.0041,100.0,0,-1.0,3500.00,0.0000,0.00,0.00,0.00,0.0000,0.00,0.00,0.00,1.0000
215.0,3,Dormitorio2,0.00,33.40,25.37,25.37,0.0671,0.09,2.344,2.015,2.400,0.196,0.20374,169,794,24637,0.0065,99.9,0,-1.0,2500.00,0.0000,0.00,0.00,0.00,0.0000,0.00,0.00,0.00,1.0000
215.0,4,Cocina,0.00,35.98,22.01,22.01,0.0726,0.17,2.373,2.300,2.400,0.057,0.20630,83,860,12966,0.0032,100.0,0,-1.0,3500.00,0.0000,0.00,0.00,0.00,0.0000,0.00,0.00,0.00,1.0000
215.0,5,Bano,0.00,33.61,24.58,24.58,0.0586,0.10,2.352,2.088,2.400,0.161,0.20430,149,808,21477,0.0053,99.9,0,-1.0,400.00,0.0000,0.00,0.00,0.00,0.0000,0.00,0.00,0.00,1.0000
216.0,0,Salon,112.33,95.75,59.52,59.52,0.0737,0.22,2.337,1.538,2.141,1.990,0.12662,173,600,6712,0.0254,99.7,0,-1.0,5926.70,0.0000,0.00,112.33,0.00,0.0878,0.00,0.00,0.00,0.2483
216.0,1,Pasillo,0.00,96.89,53.13,53.13,0.2331,0.04,2.244,2.177,2.400,0.620,0.18490,145,2164,16360,0.0312,99.7,0,-1.0,800.00,0.0000,0.00,0.00,0.00,0.0000,0.00,0.00,0.00,1.0000
216.0,2,Dormitorio1,0.00,34.09,23.30,23.30,0.0711,0.12,2.362,2.198,2.400,0.107,0.20525,117,831,17685,0.0041,100.0,0,-1.0,3500.00,0.0000,0.00,0.00,0.00,0.0000,0.00,0.00,0.00,1.0000
216.0,3,Dormitorio2,0.00,33.23,25.43,25.43,0.0680,0.09,2.343,2.009,2.400,0.196,0.20369,171,794,24874,0.0067,99.9,0,-1.0,2500.00,0.0000,0.00,0.00,0.00,0.0000,0.00,0.00,0.00,1.0000
216.0,4,Cocina,0.00,35.67,22.04,22.04,0.0735,0.17,2.372,2.298,2.400,0.058,0.20627,84,860,13079,0.0033,100.0,0,-1.0,3500.00,0.0000,0.00,0.00,0.00,0.0000,0.00,0.00,0.00,1.0000
216.0,5,Bano,0.00,33.42,24.64,24.64,0.0593,0.10,2.352,2.083,2.400,0.161,0.20425,151,809,21687,0.0055,99.9,0,-1.0,400.00,0.0000,0.00,0.00,0.00,0.0000,0.00,0.00,0.00,1.0000
217.0,0,Salon,106.85,93.88,59.87,59.87,0.0743,0.22,2.335,1.521,2.143,1.995,0.12664,175,590,6832,0.0260,99.7,0,-1.0,5926.70,0.0000,0.00,106.85,0.00,0.0875,0.00,0.00,0.00,0.2406
217.0,1,Pasillo,0.00,99.92,52.83,52.83,0.2283,0.04,2.246,2.183,2.400,0.607,0.18474,138,2346,15522,0.0314,99.7,0,-1.0,800.00,0.0000,0.00,0.00,0.00,0.0000,0.00,0.00,0.00,1.0000
217.0,2,Dormitorio1,0.00,33.86,23.34,23.34,0.0720,0.12,2.361,2.195,2.400,0.108,0.20521,118,833,17857,0.0042,100.0,0,-1.0,3500.00,0.0000,0.00,0.00,0.00,0.0000,0.00,0.00,0.00,1.0000
217.0,3,Dormitorio2,0.00,33.08,25.49,25.49,0.0689,0.08,2.342,2.003,2.400,0.197,0.20364,173,796,25128,0.0069,99.9,0,-1.0,2500.00,0.0000,0.00,0.00,0.00,0.0000,0.00,0.00,0.00,1.0000
217.0,4,Cocina,0.00,35.38,22.07,22.07,0.0744,0.17,2.372,2.295,2.400,0.059,0.20625,85,862,13200,0.0033,100.0,0,-1.0,3500.00,0.0000,0.00,0.00,0.00,0.0000,0.00,0.00,0.00,1.0000
217.0,5,Bano,0.00,33.25,24.69,24.69,0.0602,0.10,2.351,2.078,2.400,0.162,0.20420,153,810,21912,0.0056,99.9,0,-1.0,400.00,0.0000,0.00,0.00,0.00,0.0000,0.00,0.00,0.00,1.0000
218.0,0,Salon,101.64,92.15,60.20,60.20,0.0745,0.22,2.333,1.501,2.146,1.990,0.12668,177,581,6912,0.0265,99.7,0,-1.0,5926.70,0.0000,0.00,101.64,0.00,0.0872,0.00,0.00,0.00,0.2332
218.0,1,Pasillo,0.00,104.18,52.52,52.52,0.2229,0.04,2.248,2.190,2.400,0.596,0.18458,130,2578,14584,0.0315,99.7,0,-1.0,800.00,0.0000,0.00,0.00,0.00,0.0000,0.00,0.00,0.00,1.0000
218.0,2,Dormitorio1,0.00,33.67,23.39,23.39,0.0731,0.12,2.361,2.191,2.400,0.108,0.20517,120,836,18050,0.0043,100.0,0,-1.0,3500.00,0.0000,0.00,0.00,0.00,0.0000,0.00,0.00,0.00,1.0000
218.0,3,Dormitorio2,0.00,32.95,25.55,25.55,0.0700,0.08,2.341,1.998,2.400,0.197,0.20359,175,799,25413,0.0071,99.9,0,-1.0,2500.00,0.0000,0.00,0.00,0.00,0.0000,0.00,0.00,0.00,1.0000
218.0,4,Cocina,0.00,35.14,22.11,22.11,0.0755,0.16,2.372,2.293,2.400,0.059,0.20622,86,866,13335,0.0034,100.0,0,-1.0,3500.00,0.0000,0.00,0.00,0.00,0.0000,0.00,0.00,0.00,1.0000
218.0,5,Bano,0.00,33.10,24.75,24.75,0.0611,0.09,2.350,2.073,2.400,0.162,0.20416,155,813,22165,0.0058,99.9,0,-1.0,400.00,0.0000,0.00,0.00,0.00,0.0000,0.00,0.00,0.00,1.0000
219.0,0,Salon,96.69,90.54,60.51,60.51,0.0753,0.22,2.329,1.482,2.148,1.998,0.12671,179,574,7048,0.0271,99.7,0,-1.0,5926.70,0.0000,0.00,96.69,0.00,0.0868,0.00,0.00,0.00,0.2261
219.0,1,Pasillo,0.00,110.43,52.20,52.20,0.2165,0.04,2.251,2.199,2.400,0.589,0.18442,122,2888,13501,0.0316,99.7,0,-1.0,800.00,0.0000,0.00,0.00,0.00,0.0000,0.00,0.00,0.00,1.0000
219.0,2,Dormitorio1,0.00,33.51,23.43,23.43,0.0744,0.12,2.360,2.187,2.400,0.108,0.20513,122,842,18274,0.0044,100.0,0,-1.0,3500.00,0.0000,0.00,0.00,0.00,0.0000,0.00,0.00,0.00,1.0000
219.0,3,Dormitorio2,0.00,32.86,25.62,25.62,0.0713,0.08,2.340,1.992,2.400,0.198,0.20353,178,803,25743,0.0073,99.9,0,-1.0,2500.00,0.0000,0.00,0.00,0.00,0.0000,0.00,0.00,0.00,1.0000
219.0,4,Cocina,0.00,34.94,22.14,22.14,0.0768,0.16,2.371,2.290,2.400,0.060,0.20619,88,872,13491,0.0034,100.0,0,-1.0,3500.00,0.0000,0.00,0.00,0.00,0.0000,0.00,0.00,0.00,1.0000
219.0,5,Bano,0.00,32.98,24.81,24.81,0.0622,0.09,2.349,2.068,2.400,0.163,0.20411,157,818,22457,0.0060,99.9,0,-1.0,400.00,0.0000,0.00,0.00,0.00,0.0000,0.00,0.00,0.00,1.0000
220.0,0,Salon,91.97,89.05,60.80,60.80,0.0760,0.22,2.328,1.465,2.151,1.994,0.12676,181,567,7156,0.0276,99.7,0,-1.0,5926.70,0.0000,0.00,91.97,0.00,0.0865,0.00,0.00,0.00,0.2191
220.0,1,Pasillo,0.00,120.34,51.84,51.84,0.2086,0.04,2.253,2.210,2.400,0.584,0.18426,111,3334,12194,0.0317,99.7,0,-1.0,800.00,0.0000,0.00,0.00,0.00,0.0000,0.00,0.00,0.00,1.0000
220.0,2,Dormitorio1,0.00,33.41,23.49,23.49,0.0760,0.11,2.359,2.183,2.400,0.109,0.20509,124,851,18543,0.0045,100.0,0,-1.0,3500.00,0.0000,0.00,0.00,0.00,0.0000,0.00,0.00,0.00,1.0000
220.0,3,Dormitorio2,0.00,32.81,25.69,25.69,0.0729,0.08,2.339,1.986,2.400,0.199,0.20348,181,811,26144,0.0075,99.9,0,-1.0,2500.00,0.0000,0.00,0.00,0.00,0.0000,0.00,0.00,0.00,1.0000
220.0,4,Cocina,0.00,34.81,22.17,22.17,0.0783,0.16,2.371,2.287,2.400,0.060,0.20616,89,884,13679,0.0035,100.0,0,-1.0,3500.00,0.0000,0.00,0.00,0.00,0.0000,0.00,0.00,0.00,1.0000
220.0,5,Bano,0.00,32.91,24.87,24.87,0.0636,0.09,2.348,2.063,2.400,0.163,0.20406,160,826,22813,0.0061,99.9,0,-1.0,400.00,0.0000,0.00,0.00,0.00,0.0000,0.00,0.00,0.00,1.0000
221.0,0,Salon,87.49,87.65,61.08,61.08,0.0772,0.21,2.327,1.449,2.153,1.992,0.12681,183,562,7300,0.0281,99.7,0,-1.0,5926.70,0.0000,0.00,87.49,0.00,0.0862,0.00,0.00,0.00,0.2124
221.0,1,Pasillo,0.00,138.02,51.44,51.44,0.1979,0.04,2.256,2.222,2.400,0.585,0.18411,98,4058,10536,0.0317,99.7,0,-1.0,800.00,0.0000,0.00,0.00,0.00,0.0000,0.00,0.00,0.00,1.0000
221.0,2,Dormitorio1,0.00,33.39,23.55,23.55,0.0781,0.11,2.358,2.179,2.400,0.110,0.20506,127,865,18883,0.0046,100.0,0,-1.0,3500.00,0.0000,0.00,0.00,0.00,0.0000,0.00,0.00,0.00,1.0000
221.0,3,Dormitorio2,0.00,32.82,25.77,25.77,0.0750,0.08,2.337,1.979,2.400,0.200,0.20343,185,823,26649,0.0078,99.9,0,-1.0,2500.00,0.0000,0.00,0.00,0.00,0.0000,0.00,0.00,0.00,1.0000
221.0,4,Cocina,0.00,34.78,22.22,22.22,0.0805,0.15,2.370,2.284,2.400,0.061,0.20614,91,903,13918,0.0036,100.0,0,-1.0,3500.00,0.0000,0.00,0.00,0.00,0.0000,0.00,0.00,0.00,1.0000
221.0,5,Bano,0.00,32.92,24.95,24.95,0.0655,0.09,2.347,2.057,2.400,0.164,0.20402,164,839,23259,0.0063,99.9,0,-1.0,400.00,0.0000,0.00,0.00,0.00,0.0000,0.00,0.00,0.00,1.0000
222.0,0,Salon,83.22,86.36,61.34,61.34,0.0799,0.21,2.323,1.434,2.156,1.990,0.12686,185,560,7536,0.0287,99.7,0,-1.0,5926.70,0.0000,0.00,83.22,0.00,0.0859,0.00,0.00,0.00,0.2058
222.0,1,Pasillo,0.00,176.42,50.99,50.99,0.1823,0.05,2.259,2.235,2.400,0.595,0.18396,80,5518,8323,0.0318,99.7,0,-1.0,800.00,0.0000,0.00,0.00,0.00,0.0000,0.00,0.00,0.00,1.0000
222.0,2,Dormitorio1,0.00,33.48,23.62,23.62,0.0812,0.11,2.357,2.174,2.400,0.111,0.20502,130,888,19319,0.0047,100.0,0,-1.0,3500.00,0.0000,0.00,0.00,0.00,0.0000,0.00,0.00,0.00,1.0000
222.0,3,Dormitorio2,0.00,32.92,25.87,25.87,0.0780,0.07,2.335,1.972,2.400,0.202,0.20338,191,842,27299,0.0080,99.9,0,-1.0,2500.00,0.0000,0.00,0.00,0.00,0.0000,0.00,0.00,0.00,1.0000
222.0,4,Cocina,0.00,34.90,22.27,22.27,0.0835,0.15,2.369,2.281,2.400,0.062,0.20611,94,932,14223,0.0036,100.0,0,-1.0,3500.00,0.0000,0.00,0.00,0.00,0.0000,0.00,0.00,0.00,1.0000
222.0,5,Bano,0.00,33.01,25.04,25.04,0.0682,0.08,2.345,2.051,2.400,0.166,0.20397,168,859,23833,0.0065,99.9,0,-1.0,400.00,0.0000,0.00,0.00,0.00,0.0000,0.00,0.00,0.00,1.0000
223.0,0,Salon,79.16,85.20,61.60,61.60,0.0875,0.19,2.313,1.419,2.158,2.000,0.12692,190,563,8030,0.0292,99.7,0,-1.0,5926.70,0.0000,0.00,79.16,0.00,0.0855,0.00,0.00,0.00,0.1995
223.0,1,Pasillo,0.00,322.06,50.39,50.39,0.1507,0.06,2.262,2.250,2.397,0.628,0.18381,51,11389,4758,0.0319,99.7,0,-1.0,800.00,0.0000,0.00,0.00,0.00,0.0000,0.00,0.00,0.00,1.0000
223.0,2,Dormitorio1,0.00,33.82,23.71,23.71,0.0872,0.10,2.355,2.170,2.400,0.112,0.20498,136,932,19996,0.0048,100.0,0,-1.0,3500.00,0.0000,0.00,0.00,0.00,0.0000,0.00,0.00,0.00,1.0000
223.0,3,Dormitorio2,0.00,33.22,26.00,26.00,0.0841,0.07,2.331,1.966,2.400,0.205,0.20333,199,877,28318,0.0082,99.9,0,-1.0,2500.00,0.0000,0.00,0.00,0.00,0.0000,0.00,0.00,0.00,1.0000
223.0,4,Cocina,0.00,35.32,22.33,22.33,0.0895,0.14,2.367,2.278,2.400,0.064,0.20608,98,988,14695,0.0037,100.0,0,-1.0,3500.00,0.0000,0.00,0.00,0.00,0.0000,0.00,0.00,0.00,1.0000
223.0,5,Bano,0.00,33.34,25.16,25.16,0.0737,0.08,2.342,2.045,2.400,0.168,0.20392,176,898,24739,0.0067,99.9,0,-1.0,400.00,0.0000,0.00,0.00,0.00,0.0000,0.00,0.00,0.00,1.0000
224.0,0,Salon,75.30,84.17,61.82,61.82,0.0924,0.18,2.304,1.408,2.162,1.991,0.12706,191,564,8190,0.0298,99.7,0,-1.0,5926.70,0.0000,0.00,75.30,0.00,0.0852,0.00,0.00,0.00,0.1934
224.0,1,Pasillo,0.00,83.87,49.97,49.97,0.1071,0.08,2.274,2.269,2.395,0.581,0.18366,28,4706,1801,0.0319,99.7,0,-1.0,800.00,0.0000,0.00,0.00,0.00,0.0000,0.00,0.00,0.00,1.0000
224.0,2,Dormitorio1,0.00,33.63,23.75,23.75,0.0966,0.09,2.350,2.166,2.400,0.114,0.20494,141,976,20634,0.0049,100.0,0,-1.0,3500.00,0.0000,0.00,0.00,0.00,0.0000,0.00,0.00,0.00,1.0000
224.0,3,Dormitorio2,0.00,33.10,26.07,26.07,0.0937,0.06,2.324,1.960,2.400,0.208,0.20327,207,913,29271,0.0085,99.9,0,-1.0,2500.00,0.0000,0.00,0.00,0.00,0.0000,0.00,0.00,0.00,1.0000
224.0,4,Cocina,0.00,35.08,22.36,22.36,0.0987,0.13,2.364,2.275,2.400,0.065,0.20605,101,1045,15144,0.0038,100.0,0,-1.0,3500.00,0.0000,0.00,0.00,0.00,0.0000,0.00,0.00,0.00,1.0000
224.0,5,Bano,0.00,33.19,25.21,25.21,0.0824,0.07,2.335,2.040,2.400,0.171,0.20387,183,938,25602,0.0069,99.9,0,-1.0,400.00,0.0000,0.00,0.00,0.00,0.0000,0.00,0.00,0.00,1.0000
225.0,0,Salon,71.63,83.14,61.99,61.99,0.0941,0.18,2.301,1.404,2.166,1.999,0.12720,192,559,8208,0.0303,99.7,0,-1.0,5926.70,0.0000,0.00,71.63,0.00,0.0849,0.00,0.00,0.00,0.1874
225.0,1,Pasillo,0.00,82.01,49.65,49.65,0.0837,0.10,2.288,2.285,2.396,0.518,0.18350,22,2753,960,0.0320,99.7,0,-1.0,800.00,0.0000,0.00,0.00,0.00,0.0000,0.00,0.00,0.00,1.0000
225.0,2,Dormitorio1,0.00,33.22,23.78,23.78,0.1020,0.09,2.346,2.163,2.400,0.116,0.20490,143,985,20844,0.0051,99.9,0,-1.0,3500.00,0.0000,0.00,0.00,0.00,0.0000,0.00,0.00,0.00,1.0000
225.0,3,Dormitorio2,0.00,32.80,26.10,26.10,0.0993,0.06,2.318,1.955,2.400,0.210,0.20322,210,921,29585,0.0087,99.9,0,-1.0,2500.00,0.0000,0.00,0.00,0.00,0.0000,0.00,0.00,0.00,1.0000
225.0,4,Cocina,0.00,34.55,22.38,22.38,0.1039,0.12,2.362,2.273,2.400,0.066,0.20602,103,1055,15288,0.0039,100.0,0,-1.0,3500.00,0.0000,0.00,0.00,0.00,0.0000,0.00,0.00,0.00,1.0000
225.0,5,Bano,0.00,32.85,25.24,25.24,0.0874,0.07,2.330,2.037,2.400,0.173,0.20383,186,946,25880,0.0071,99.9,0,-1.0,400.00,0.0000,0.00,0.00,0.00,0.0000,0.00,0.00,0.00,1.0000
226.0,0,Salon,68.13,82.13,62.15,62.15,0.0953,0.17,2.299,1.399,2.170,1.995,0.12732,191,554,8170,0.0308,99.7,0,-1.0,5926.70,0.0000,0.00,68.13,0.00,0.0846,0.00,0.00,0.00,0.1817
226.0,1,Pasillo,0.00,62.91,49.33,49.33,0.0630,0.14,2.301,2.299,2.396,0.464,0.18331,18,1535,485,0.0320,99.7,0,-1.0,800.00,0.0000,0.00,0.00,0.00,0.0000,0.00,0.00,0.00,1.0000
226.0,2,Dormitorio1,0.00,32.85,23.80,23.80,0.1068,0.08,2.344,2.160,2.400,0.116,0.20487,144,986,20965,0.0052,99.9,0,-1.0,3500.00,0.0000,0.00,0.00,0.00,0.0000,0.00,0.00,0.00,1.0000
226.0,3,Dormitorio2,0.00,32.52,26.13,26.13,0.1042,0.06,2.314,1.951,2.400,0.212,0.20318,212,922,29766,0.0090,99.9,0,-1.0,2500.00,0.0000,0.00,0.00,0.00,0.0000,0.00,0.00,0.00,1.0000
226.0,4,Cocina,0.00,34.06,22.40,22.40,0.1084,0.11,2.360,2.271,2.400,0.067,0.20600,103,1055,15370,0.0039,100.0,0,-1.0,3500.00,0.0000,0.00,0.00,0.00,0.0000,0.00,0.00,0.00,1.0000
226.0,5,Bano,0.00,32.54,25.27,25.27,0.0917,0.06,2.326,2.033,2.400,0.174,0.20379,187,948,26039,0.0073,99.9,0,-1.0,400.00,0.0000,0.00,0.00,0.00,0.0000,0.00,0.00,0.00,1.0000
227.0,0,Salon,64.81,81.19,62.28,62.28,0.0957,0.17,2.298,1.393,2.173,1.997,0.12746,192,550,8143,0.0314,99.7,0,-1.0,5926.70,0.0000,0.00,64.81,0.00,0.0843,0.00,0.00,0.00,0.1761
227.0,1,Pasillo,0.00,70.50,49.02,49.02,0.0498,0.17,2.314,2.311,2.396,0.413,0.18311,17,1188,323,0.0320,99.7,0,-1.0,800.00,0.0000,0.00,0.00,0.00,0.0000,0.00,0.00,0.00,1.0000
227.0,2,Dormitorio1,0.00,32.48,23.83,23.83,0.1099,0.08,2.342,2.158,2.400,0.116,0.20484,145,982,21021,0.0054,99.9,0,-1.0,3500.00,0.0000,0.00,0.00,0.00,0.0000,0.00,0.00,0.00,1.0000
227.0,3,Dormitorio2,0.00,32.25,26.16,26.16,0.1074,0.05,2.310,1.948,2.400,0.212,0.20314,213,920,29845,0.0093,99.9,0,-1.0,2500.00,0.0000,0.00,0.00,0.00,0.0000,0.00,0.00,0.00,1.0000
227.0,4,Cocina,0.00,33.58,22.42,22.42,0.1114,0.11,2.359,2.269,2.400,0.067,0.20598,104,1049,15408,0.0040,100.0,0,-1.0,3500.00,0.0000,0.00,0.00,0.00,0.0000,0.00,0.00,0.00,1.0000
227.0,5,Bano,0.00,32.23,25.30,25.30,0.0944,0.06,2.324,2.030,2.400,0.174,0.20375,188,945,26108,0.0076,99.9,0,-1.0,400.00,0.0000,0.00,0.00,0.00,0.0000,0.00,0.00,0.00,1.0000
228.0,0,Salon,61.65,80.28,62.39,62.39,0.0959,0.17,2.297,1.386,2.177,1.996,0.12761,192,545,8109,0.0319,99.7,0,-1.0,5926.70,0.0000,0.00,61.65,0.00,0.0839,0.00,0.00,0.00,0.1706
228.0,1,Pasillo,0.00,73.77,48.72,48.72,0.0396,0.22,2.326,2.322,2.396,0.365,0.18290,16,1058,248,0.0321,99.7,0,-1.0,800.00,0.0000,0.00,0.00,0.00,0.0000,0.00,0.00,0.00,1.0000
228.0,2,Dormitorio1,0.00,32.13,23.85,23.85,0.1124,0.08,2.340,2.155,2.400,0.116,0.20482,145,977,21056,0.0055,99.9,0,-1.0,3500.00,0.0000,0.00,0.00,0.00,0.0000,0.00,0.00,0.00,1.0000
228.0,3,Dormitorio2,0.00,31.99,26.18,26.18,0.1099,0.05,2.307,1.944,2.400,0.212,0.20310,214,916,29894,0.0095,99.9,0,-1.0,2500.00,0.0000,0.00,0.00,0.00,0.0000,0.00,0.00,0.00,1.0000
228.0,4,Cocina,0.00,33.13,22.43,22.43,0.1137,0.11,2.357,2.268,2.400,0.067,0.20596,104,1041,15433,0.0041,100.0,0,-1.0,3500.00,0.0000,0.00,0.00,0.00,0.0000,0.00,0.00,0.00,1.0000
228.0,5,Bano,0.00,31.93,25.32,25.32,0.0966,0.06,2.321,2.027,2.400,0.174,0.20372,189,940,26151,0.0078,99.9,0,-1.0,400.00,0.0000,0.00,0.00,0.00,0.0000,0.00,0.00,0.00,1.0000
229.0,0,Salon,58.64,79.38,62.48,62.48,0.0961,0.17,2.297,1.379,2.181,1.993,0.12773,192,540,8083,0.0324,99.7,0,-1.0,5926.70,0.0000,0.00,58.64,0.00,0.0836,0.00,0.00,0.00,0.1654
229.0,1,Pasillo,0.00,66.28,48.41,48.41,0.0307,0.28,2.336,2.331,2.396,0.327,0.18268,15,802,179,0.0321,99.7,0,-1.0,800.00,0.0000,0.00,0.00,0.00,0.0000,0.00,0.00,0.00,1.0000
229.0,2,Dormitorio1,0.00,31.82,23.87,23.87,0.1144,0.08,2.339,2.152,2.400,0.116,0.20479,146,971,21084,0.0057,99.9,0,-1.0,3500.00,0.0000,0.00,0.00,0.00,0.0000,0.00,0.00,0.00,1.0000
229.0,3,Dormitorio2,0.00,31.76,26.20,26.20,0.1121,0.05,2.305,1.940,2.400,0.212,0.20306,214,911,29933,0.0098,99.9,0,-1.0,2500.00,0.0000,0.00,0.00,0.00,0.0000,0.00,0.00,0.00,1.0000
229.0,4,Cocina,0.00,32.72,22.45,22.45,0.1157,0.11,2.357,2.266,2.400,0.067,0.20593,105,1033,15453,0.0041,100.0,0,-1.0,3500.00,0.0000,0.00,0.00,0.00,0.0000,0.00,0.00,0.00,1.0000
229.0,5,Bano,0.00,31.67,25.34,25.34,0.0985,0.06,2.320,2.023,2.400,0.173,0.20368,189,936,26186,0.0080,99.9,0,-1.0,400.00,0.0000,0.00,0.00,0.00,0.0000,0.00,0.00,0.00,1.0000
230.0,0,Salon,55.78,78.54,62.55,62.55,0.0965,0.17,2.296,1.369,2.184,1.998,0.12788,193,535,8086,0.0329,99.7,0,-1.0,5926.70,0.0000,0.00,55.78,0.00,0.0833,0.00,0.00,0.00,0.1603
230.0,1,Pasillo,0.00,57.57,48.12,48.12,0.0243,0.36,2.345,2.339,2.396,0.289,0.18246,15,800,165,0.0321,99.7,0,-1.0,800.00,0.0000,0.00,0.00,0.00,0.0000,0.00,0.00,0.00,1.0000
230.0,2,Dormitorio1,0.00,31.50,23.88,23.88,0.1160,0.07,2.338,2.150,2.400,0.115,0.20476,146,965,21104,0.0058,99.9,0,-1.0,3500.00,0.0000,0.00,0.00,0.00,0.0000,0.00,0.00,0.00,1.0000
230.0,3,Dormitorio2,0.00,31.52,26.22,26.22,0.1136,0.05,2.303,1.936,2.400,0.211,0.20302,215,907,29958,0.0101,99.9,0,-1.0,2500.00,0.0000,0.00,0.00,0.00,0.0000,0.00,0.00,0.00,1.0000
230.0,4,Cocina,0.00,32.31,22.46,22.46,0.1172,0.11,2.356,2.264,2.400,0.067,0.20591,105,1024,15468,0.0042,100.0,0,-1.0,3500.00,0.0000,0.00,0.00,0.00,0.0000,0.00,0.00,0.00,1.0000
230.0,5,Bano,0.00,31.40,25.36,25.36,0.0998,0.06,2.318,2.020,2.400,0.172,0.20365,190,931,26209,0.0082,99.9,0,-1.0,400.00,0.0000,0.00,0.00,0.00,0.0000,0.00,0.00,0.00,1.0000
231.0,0,Salon,53.06,77.71,62.61,62.61,0.0963,0.17,2.297,1.362,2.188,1.993,0.12802,193,531,8050,0.0334,99.7,0,-1.0,5926.70,0.0000,0.00,53.06,0.00,0.0830,0.00,0.00,0.00,0.1554
231.0,1,Pasillo,0.00,48.65,47.82,47.82,0.0194,0.45,2.353,2.346,2.396,0.256,0.18222,15,751,152,0.0321,99.7,0,-1.0,800.00,0.0000,0.00,0.00,0.00,0.0000,0.00,0.00,0.00,1.0000
231.0,2,Dormitorio1,0.00,31.20,23.90,23.90,0.1171,0.07,2.337,2.147,2.400,0.114,0.20473,147,958,21121,0.0060,99.9,0,-1.0,3500.00,0.0000,0.00,0.00,0.00,0.0000,0.00,0.00,0.00,1.0000
231.0,3,Dormitorio2,0.00,31.30,26.24,26.24,0.1148,0.05,2.302,1.932,2.400,0.210,0.20298,216,902,29979,0.0103,99.9,0,-1.0,2500.00,0.0000,0.00,0.00,0.00,0.0000,0.00,0.00,0.00,1.0000
231.0,4,Cocina,0.00,31.93,22.47,22.47,0.1183,0.10,2.356,2.262,2.400,0.066,0.20589,105,1015,15481,0.0043,100.0,0,-1.0,3500.00,0.0000,0.00,0.00,0.00,0.0000,0.00,0.00,0.00,1.0000
231.0,5,Bano,0.00,31.15,25.37,25.37,0.1008,0.06,2.317,2.017,2.400,0.171,0.20361,190,926,26229,0.0084,99.9,0,-1.0,400.00,0.0000,0.00,0.00,0.00,0.0000,0.00,0.00,0.00,1.0000
232.0,0,Salon,50.47,76.91,62.64,62.64,0.0965,0.17,2.296,1.353,2.191,1.995,0.12816,194,527,8054,0.0340,99.7,0,-1.0,5926.70,0.0000,0.00,50.47,0.00,0.0827,0.00,0.00,0.00,0.1506
232.0,1,Pasillo,0.00,47.53,47.53,47.53,0.0157,0.55,2.360,2.352,2.396,0.227,0.18198,15,716,144,0.0322,99.7,0,-1.0,800.00,0.0000,0.00,0.00,0.00,0.0000,0.00,0.00,0.00,1.0000
232.0,2,Dormitorio1,0.00,30.93,23.92,23.92,0.1180,0.07,2.336,2.145,2.400,0.113,0.20470,147,952,21137,0.0061,99.9,0,-1.0,3500.00,0.0000,0.00,0.00,0.00,0.0000,0.00,0.00,0.00,1.0000
232.0,3,Dormitorio2,0.00,31.09,26.26,26.26,0.1157,0.05,2.301,1.928,2.400,0.209,0.20294,216,897,29998,0.0106,99.9,0,-1.0,2500.00,0.0000,0.00,0.00,0.00,0.0000,0.00,0.00,0.00,1.0000
232.0,4,Cocina,0.00,31.58,22.49,22.49,0.1192,0.10,2.355,2.260,2.400,0.066,0.20587,105,1006,15493,0.0044,100.0,0,-1.0,3500.00,0.0000,0.00,0.00,0.00,0.0000,0.00,0.00,0.00,1.0000
232.0,5,Bano,0.00,30.91,25.39,25.39,0.1016,0.06,2.316,2.014,2.400,0.170,0.20358,191,921,26246,0.0087,99.9,0,-1.0,400.00,0.0000,0.00,0.00,0.00,0.0000,0.00,0.00,0.00,1.0000
233.0,0,Salon,48.01,76.14,62.67,62.67,0.0966,0.17,2.296,1.343,2.194,1.996,0.12832,195,523,8055,0.0345,99.7,0,-1.0,5926.70,0.0000,0.00,48.01,0.00,0.0824,0.00,0.00,0.00,0.1460
233.0,1,Pasillo,0.00,50.46,47.24,47.24,0.0128,0.68,2.367,2.357,2.396,0.201,0.18173,15,714,142,0.0322,99.7,0,-1.0,800.00,0.0000,0.00,0.00,0.00,0.0000,0.00,0.00,0.00,1.0000
233.0,2,Dormitorio1,0.00,30.66,23.93,23.93,0.1187,0.07,2.336,2.142,2.400,0.112,0.20467,148,945,21152,0.0063,99.9,0,-1.0,3500.00,0.0000,0.00,0.00,0.00,0.0000,0.00,0.00,0.00,1.0000
233.0,3,Dormitorio2,0.00,30.88,26.27,26.27,0.1164,0.05,2.300,1.925,2.400,0.207,0.20290,217,892,30016,0.0109,99.9,0,-1.0,2500.00,0.0000,0.00,0.00,0.00,0.0000,0.00,0.00,0.00,1.0000
233.0,4,Cocina,0.00,31.24,22.50,22.50,0.1199,0.10,2.355,2.259,2.400,0.065,0.20585,106,998,15505,0.0044,100.0,0,-1.0,3500.00,0.0000,0.00,0.00,0.00,0.0000,0.00,0.00,0.00,1.0000
233.0,5,Bano,0.00,30.68,25.40,25.40,0.1022,0.06,2.316,2.011,2.400,0.168,0.20354,191,916,26262,0.0089,99.9,0,-1.0,400.00,0.0000,0.00,0.00,0.00,0.0000,0.00,0.00,0.00,1.0000
234.0,0,Salon,45.67,75.41,62.67,62.67,0.0966,0.17,2.296,1.333,2.198,1.997,0.12847,195,519,8047,0.0350,99.7,0,-1.0,5926.70,0.0000,0.00,45.67,0.00,0.0821,0.00,0.00,0.00,0.1415
234.0,1,Pasillo,0.00,75.45,46.96,46.96,0.0106,0.82,2.372,2.362,2.396,0.178,0.18146,16,806,156,0.0322,99.7,0,-1.0,800.00,0.0000,0.00,0.00,0.00,0.0000,0.00,0.00,0.00,1.0000
234.0,2,Dormitorio1,0.00,30.39,23.94,23.94,0.1193,0.07,2.336,2.140,2.400,0.111,0.20464,148,939,21166,0.0065,99.9,0,-1.0,3500.00,0.0000,0.00,0.00,0.00,0.0000,0.00,0.00,0.00,1.0000
234.0,3,Dormitorio2,0.00,30.69,26.28,26.28,0.1169,0.05,2.299,1.921,2.400,0.206,0.20286,217,888,30033,0.0112,99.9,0,-1.0,2500.00,0.0000,0.00,0.00,0.00,0.0000,0.00,0.00,0.00,1.0000
234.0,4,Cocina,0.00,30.90,22.51,22.51,0.1204,0.10,2.355,2.257,2.400,0.064,0.20583,106,989,15516,0.0045,100.0,0,-1.0,3500.00,0.0000,0.00,0.00,0.00,0.0000,0.00,0.00,0.00,1.0000
234.0,5,Bano,0.00,30.46,25.41,25.41,0.1027,0.06,2.315,2.007,2.400,0.167,0.20350,192,911,26279,0.0091,99.9,0,-1.0,400.00,0.0000,0.00,0.00,0.00,0.0000,0.00,0.00,0.00,1.0000
235.0,0,Salon,43.44,74.68,62.67,62.67,0.0966,0.17,2.296,1.324,2.201,1.996,0.12862,196,515,8045,0.0355,99.6,0,-1.0,5926.70,0.0000,0.00,43.44,0.00,0.0818,0.00,0.00,0.00,0.1371
235.0,1,Pasillo,0.00,100.92,46.68,46.68,0.0087,1.00,2.376,2.366,2.396,0.158,0.18119,16,804,155,0.0323,99.7,0,-1.0,800.00,0.0000,0.00,0.00,0.00,0.0000,0.00,0.00,0.00,1.0000
235.0,2,Dormitorio1,0.00,30.15,23.95,23.95,0.1197,0.07,2.335,2.137,2.400,0.110,0.20461,148,933,21180,0.0066,99.9,0,-1.0,3500.00,0.0000,0.00,0.00,0.00,0.0000,0.00,0.00,0.00,1.0000
235.0,3,Dormitorio2,0.00,30.50,26.29,26.29,0.1174,0.05,2.299,1.917,2.400,0.204,0.20282,218,883,30050,0.0114,99.9,0,-1.0,2500.00,0.0000,0.00,0.00,0.00,0.0000,0.00,0.00,0.00,1.0000
235.0,4,Cocina,0.00,30.59,22.52,22.52,0.1209,0.10,2.354,2.255,2.400,0.063,0.20581,106,981,15526,0.0046,100.0,0,-1.0,3500.00,0.0000,0.00,0.00,0.00,0.0000,0.00,0.00,0.00,1.0000
235.0,5,Bano,0.00,30.25,25.42,25.42,0.1031,0.06,2.315,2.004,2.400,0.165,0.20347,192,906,26294,0.0093,99.9,0,-1.0,400.00,0.0000,0.00,0.00,0.00,0.0000,0.00,0.00,0.00,1.0000
236.0,0,Salon,41.33,73.97,62.65,62.65,0.0966,0.17,2.296,1.315,2.204,1.995,0.12877,196,511,8042,0.0360,99.6,0,-1.0,5926.70,0.0000,0.00,41.33,0.00,0.0815,0.00,0.00,0.00,0.1329
236.0,1,Pasillo,0.00,56.44,46.40,46.40,0.0071,1.22,2.380,2.369,2.396,0.140,0.18092,16,765,148,0.0323,99.7,0,-1.0,800.00,0.0000,0.00,0.00,0.00,0.0000,0.00,0.00,0.00,1.0000
236.0,2,Dormitorio1,0.00,29.92,23.96,23.96,0.1201,0.07,2.335,2.135,2.400,0.108,0.20458,149,928,21196,0.0068,99.9,0,-1.0,3500.00,0.0000,0.00,0.00,0.00,0.0000,0.00,0.00,0.00,1.0000
236.0,3,Dormitorio2,0.00,30.33,26.30,26.30,0.1178,0.05,2.298,1.913,2.400,0.203,0.20278,218,879,30069,0.0117,99.9,0,-1.0,2500.00,0.0000,0.00,0.00,0.00,0.0000,0.00,0.00,0.00,1.0000
236.0,4,Cocina,0.00,30.30,22.52,22.52,0.1212,0.10,2.354,2.253,2.400,0.063,0.20578,107,974,15538,0.0047,100.0,0,-1.0,3500.00,0.0000,0.00,0.00,0.00,0.0000,0.00,0.00,0.00,1.0000
236.0,5,Bano,0.00,30.06,25.43,25.43,0.1034,0.06,2.314,2.001,2.400,0.164,0.20343,193,901,26312,0.0096,99.9,0,-1.0,400.00,0.0000,0.00,0.00,0.00,0.0000,0.00,0.00,0.00,1.0000
237.0,0,Salon,39.31,73.29,62.61,62.61,0.0965,0.17,2.296,1.306,2.207,1.993,0.12893,197,508,8031,0.0365,99.6,0,-1.0,5926.70,0.0000,0.00,39.31,0.00,0.0812,0.00,0.00,0.00,0.1288
237.0,1,Pasillo,0.00,70.31,46.12,46.12,0.0061,1.43,2.383,2.372,2.396,0.124,0.18076,16,853,161,0.0323,99.7,0,-1.0,800.00,0.0000,0.00,0.00,0.00,0.0000,0.00,0.00,0.00,1.0000
237.0,2,Dormitorio1,0.00,29.70,23.97,23.97,0.1204,0.07,2.335,2.132,2.400,0.107,0.20455,149,922,21210,0.0069,99.9,0,-1.0,3500.00,0.0000,0.00,0.00,0.00,0.0000,0.00,0.00,0.00,1.0000
237.0,3,Dormitorio2,0.00,30.17,26.30,26.30,0.1181,0.05,2.297,1.909,2.400,0.201,0.20274,219,874,30086,0.0120,99.9,0,-1.0,2500.00,0.0000,0.00,0.00,0.00,0.0000,0.00,0.00,0.00,1.0000
237.0,4,Cocina,0.00,30.02,22.53,22.53,0.1215,0.10,2.354,2.252,2.400,0.062,0.20576,107,966,15549,0.0047,100.0,0,-1.0,3500.00,0.0000,0.00,0.00,0.00,0.0000,0.00,0.00,0.00,1.0000
237.0,5,Bano,0.00,29.87,25.44,25.44,0.1037,0.06,2.314,1.998,2.400,0.162,0.20339,193,897,26327,0.0098,99.9,0,-1.0,400.00,0.0000,0.00,0.00,0.00,0.0000,0.00,0.00,0.00,1.0000
238.0,0,Salon,37.39,72.63,62.56,62.56,0.0963,0.17,2.296,1.298,2.210,1.990,0.12909,197,505,8019,0.0370,99.6,0,-1.0,5926.70,0.0000,0.00,37.39,0.00,0.0809,0.00,0.00,0.00,0.1248
238.0,1,Pasillo,0.00,73.35,45.85,45.85,0.0053,1.65,2.386,2.375,2.396,0.110,0.18061,17,907,176,0.0324,99.7,0,-1.0,800.00,0.0000,0.00,0.00,0.00,0.0000,0.00,0.00,0.00,1.0000
238.0,2,Dormitorio1,0.00,29.48,23.98,23.98,0.1206,0.07,2.335,2.130,2.400,0.106,0.20452,149,916,21222,0.0071,99.9,0,-1.0,3500.00,0.0000,0.00,0.00,0.00,0.0000,0.00,0.00,0.00,1.0000
238.0,3,Dormitorio2,0.00,30.00,26.30,26.30,0.1183,0.05,2.297,1.905,2.400,0.200,0.20270,219,870,30100,0.0123,99.9,0,-1.0,2500.00,0.0000,0.00,0.00,0.00,0.0000,0.00,0.00,0.00,1.0000
238.0,4,Cocina,0.00,29.74,22.54,22.54,0.1217,0.10,2.354,2.250,2.400,0.061,0.20574,107,958,15559,0.0048,100.0,0,-1.0,3500.00,0.0000,0.00,0.00,0.00,0.0000,0.00,0.00,0.00,1.0000
238.0,5,Bano,0.00,29.68,25.44,25.44,0.1038,0.06,2.314,1.995,2.400,0.160,0.20335,194,892,26341,0.0100,99.9,0,-1.0,400.00,0.0000,0.00,0.00,0.00,0.0000,0.00,0.00,0.00,1.0000
239.0,0,Salon,35.57,71.97,62.50,62.50,0.0963,0.17,2.297,1.291,2.213,1.986,0.12924,198,501,8020,0.0375,99.6,0,-1.0,5926.70,0.0000,0.00,35.57,0.00,0.0806,0.00,0.00,0.00,0.1210
239.0,1,Pasillo,0.00,82.42,45.58,45.58,0.0045,1.93,2.388,2.377,2.396,0.098,0.18047,16,842,160,0.0324,99.7,0,-1.0,800.00,0.0000,0.00,0.00,0.00,0.0000,0.00,0.00,0.00,1.0000
239.0,2,Dormitorio1,0.00,29.28,23.99,23.99,0.1208,0.07,2.335,2.127,2.400,0.105,0.20449,150,911,21236,0.0073,99.9,0,-1.0,3500.00,0.0000,0.00,0.00,0.00,0.0000,0.00,0.00,0.00,1.0000
239.0,3,Dormitorio2,0.00,29.85,26.31,26.31,0.1184,0.05,2.296,1.901,2.400,0.198,0.20265,220,865,30117,0.0126,99.9,0,-1.0,2500.00,0.0000,0.00,0.00,0.00,0.0000,0.00,0.00,0.00,1.0000
239.0,4,Cocina,0.00,29.49,22.55,22.55,0.1219,0.10,2.354,2.248,2.400,0.060,0.20572,107,951,15570,0.0049,100.0,0,-1.0,3500.00,0.0000,0.00,0.00,0.00,0.0000,0.00,0.00,0.00,1.0000
239.0,5,Bano,0.00,29.51,25.44,25.44,0.1040,0.06,2.313,1.991,2.400,0.159,0.20332,194,888,26356,0.0103,99.9,0,-1.0,400.00,0.0000,0.00,0.00,0.00,0.0000,0.00,0.00,0.00,1.0000
240.0,0,Salon,33.83,71.34,62.43,62.43,0.0962,0.17,2.297,1.283,2.216,1.982,0.12939,198,498,8015,0.0380,99.6,0,-1.0,5926.70,0.0000,0.00,33.83,0.00,0.0803,0.00,0.00,0.00,0.1173
240.0,1,Pasillo,0.00,71.87,45.31,45.31,0.0039,2.25,2.390,2.379,2.396,0.087,0.18032,16,772,149,0.0324,99.7,0,-1.0,800.00,0.0000,0.00,0.00,0.00,0.0000,0.00,0.00,0.00,1.0000
240.0,2,Dormitorio1,0.00,29.09,23.99,23.99,0.1210,0.07,2.334,2.125,2.400,0.103,0.20446,150,906,21251,0.0074,99.9,0,-1.0,3500.00,0.0000,0.00,0.00,0.00,0.0000,0.00,0.00,0.00,1.0000
240.0,3,Dormitorio2,0.00,29.70,26.31,26.31,0.1186,0.05,2.296,1.898,2.400,0.197,0.20261,220,861,30136,0.0128,99.9,0,-1.0,2500.00,0.0000,0.00,0.00,0.00,0.0000,0.00,0.00,0.00,1.0000
240.0,4,Cocina,0.00,29.25,22.55,22.55,0.1221,0.10,2.354,2.246,2.400,0.059,0.20569,108,944,15581,0.0050,100.0,0,-1.0,3500.00,0.0000,0.00,0.00,0.00,0.0000,0.00,0.00,0.00,1.0000
240.0,5,Bano,0.00,29.35,25.45,25.45,0.1041,0.06,2.313,1.988,2.400,0.157,0.20328,195,883,26374,0.0105,99.9,0,-1.0,400.00,0.0000,0.00,0.00,0.00,0.0000,0.00,0.00,0.00,1.0000
241.0,0,Salon,32.18,70.73,62.34,62.34,0.0960,0.17,2.297,1.276,2.219,1.977,0.12956,198,495,8002,0.0385,99.6,0,-1.0,5926.70,0.0000,0.00,32.18,0.00,0.0800,0.00,0.00,0.00,0.1137
241.0,1,Pasillo,0.00,65.52,45.06,45.06,0.0034,2.52,2.391,2.381,2.397,0.077,0.18018,16,825,156,0.0325,99.7,0,-1.0,800.00,0.0000,0.00,0.00,0.00,0.0000,0.00,0.00,0.00,1.0000
241.0,2,Dormitorio1,0.00,28.90,24.00,24.00,0.1211,0.07,2.334,2.122,2.400,0.102,0.20443,151,900,21264,0.0076,99.9,0,-1.0,3500.00,0.0000,0.00,0.00,0.00,0.0000,0.00,0.00,0.00,1.0000
241.0,3,Dormitorio2,0.00,29.55,26.31,26.31,0.1187,0.05,2.296,1.894,2.400,0.195,0.20257,221,857,30152,0.0131,99.9,0,-1.0,2500.00,0.0000,0.00,0.00,0.00,0.0000,0.00,0.00,0.00,1.0000
241.0,4,Cocina,0.00,29.00,22.56,22.56,0.1222,0.10,2.354,2.245,2.400,0.058,0.20567,108,937,15591,0.0050,99.9,0,-1.0,3500.00,0.0000,0.00,0.00,0.00,0.0000,0.00,0.00,0.00,1.0000
241.0,5,Bano,0.00,29.18,25.45,25.45,0.1042,0.06,2.313,1.985,2.400,0.156,0.20324,195,879,26388,0.0107,99.9,0,-1.0,400.00,0.0000,0.00,0.00,0.00,0.0000,0.00,0.00,0.00,1.0000
242.0,0,Salon,30.61,70.13,62.24,62.24,0.0959,0.17,2.297,1.270,2.222,1.971,0.12973,199,493,7988,0.0390,99.6,0,-1.0,5926.70,0.0000,0.00,30.61,0.00,0.0797,0.00,0.00,0.00,0.1102
242.0,1,Pasillo,0.00,69.60,44.80,44.80,0.0032,2.75,2.393,2.383,2.397,0.069,0.18005,17,900,168,0.0325,99.7,0,-1.0,800.00,0.0000,0.00,0.00,0.00,0.0000,0.00,0.00,0.00,1.0000
242.0,2,Dormitorio1,0.00,28.71,24.00,24.00,0.1212,0.07,2.334,2.119,2.400,0.101,0.20440,151,895,21276,0.0077,99.9,0,-1.0,3500.00,0.0000,0.00,0.00,0.00,0.0000,0.00,0.00,0.00,1.0000
242.0,3,Dormitorio2,0.00,29.41,26.31,26.31,0.1188,0.05,2.295,1.890,2.400,0.194,0.20253,221,853,30165,0.0134,99.9,0,-1.0,2500.00,0.0000,0.00,0.00,0.00,0.0000,0.00,0.00,0.00,1.0000
242.0,4,Cocina,0.00,28.77,22.56,22.56,0.1223,0.10,2.354,2.243,2.400,0.058,0.20565,108,931,15600,0.0051,99.9,0,-1.0,3500.00,0.0000,0.00,0.00,0.00,0.0000,0.00,0.00,0.00,1.0000
242.0,5,Bano,0.00,29.03,25.44,25.44,0.1043,0.06,2.313,1.982,2.400,0.154,0.20320,196,875,26401,0.0110,99.9,0,-1.0,400.00,0.0000,0.00,0.00,0.00,0.0000,0.00,0.00,0.00,1.0000
243.0,0,Salon,29.12,69.54,62.13,62.13,0.0957,0.17,2.297,1.264,2.224,1.965,0.12990,199,490,7976,0.0395,99.6,0,-1.0,5926.70,0.0000,0.00,29.12,0.00,0.0794,0.00,0.00,0.00,0.1068
243.0,1,Pasillo,0.00,72.00,44.54,44.54,0.0029,2.98,2.394,2.384,2.397,0.061,0.17991,17,901,175,0.0325,99.7,0,-1.0,800.00,0.0000,0.00,0.00,0.00,0.0000,0.00,0.00,0.00,1.0000
243.0,2,Dormitorio1,0.00,28.54,24.00,24.00,0.1213,0.07,2.334,2.117,2.400,0.100,0.20437,151,890,21288,0.0079,99.9,0,-1.0,3500.00,0.0000,0.00,0.00,0.00,0.0000,0.00,0.00,0.00,1.0000
243.0,3,Dormitorio2,0.00,29.28,26.30,26.30,0.1189,0.05,2.295,1.886,2.400,0.192,0.20248,222,849,30179,0.0137,99.9,0,-1.0,2500.00,0.0000,0.00,0.00,0.00,0.0000,0.00,0.00,0.00,1.0000
243.0,4,Cocina,0.00,28.56,22.57,22.57,0.1224,0.10,2.354,2.241,2.400,0.057,0.20563,108,924,15610,0.0052,99.9,0,-1.0,3500.00,0.0000,0.00,0.00,0.00,0.0000,0.00,0.00,0.00,1.0000
243.0,5,Bano,0.00,28.88,25.44,25.44,0.1044,0.06,2.313,1.979,2.400,0.153,0.20316,196,870,26414,0.0112,99.9,0,-1.0,400.00,0.0000,0.00,0.00,0.00,0.0000,0.00,0.00,0.00,1.0000
244.0,0,Salon,27.70,68.96,62.00,62.00,0.0956,0.17,2.298,1.258,2.227,1.958,0.13006,199,487,7972,0.0400,99.6,0,-1.0,5926.70,0.0000,0.00,27.70,0.00,0.0791,0.00,0.00,0.00,0.1035
244.0,1,Pasillo,0.00,78.54,44.29,44.29,0.0027,3.26,2.395,2.385,2.397,0.055,0.17974,17,849,161,0.0326,99.7,0,-1.0,800.00,0.0000,0.00,0.00,0.00,0.0000,0.00,0.00,0.00,1.0000
244.0,2,Dormitorio1,0.00,28.37,24.00,24.00,0.1214,0.07,2.334,2.115,2.400,0.099,0.20434,152,885,21301,0.0081,99.9,0,-1.0,3500.00,0.0000,0.00,0.00,0.00,0.0000,0.00,0.00,0.00,1.0000
244.0,3,Dormitorio2,0.00,29.15,26.30,26.30,0.1189,0.05,2.294,1.882,2.400,0.191,0.20244,222,845,30194,0.0140,99.9,0,-1.0,2500.00,0.0000,0.00,0.00,0.00,0.0000,0.00,0.00,0.00,1.0000
244.0,4,Cocina,0.00,28.35,22.57,22.57,0.1225,0.10,2.354,2.239,2.400,0.056,0.20560,109,917,15620,0.0053,99.9,0,-1.0,3500.00,0.0000,0.00,0.00,0.00,0.0000,0.00,0.00,0.00,1.0000
244.0,5,Bano,0.00,28.74,25.44,25.44,0.1044,0.06,2.312,1.975,2.400,0.151,0.20312,196,866,26428,0.0114,99.9,0,-1.0,400.00,0.0000,0.00,0.00,0.00,0.0000,0.00,0.00,0.00,1.0000
245.0,0,Salon,26.35,68.40,61.87,61.87,0.0954,0.17,2.298,1.252,2.229,1.951,0.13021,199,484,7961,0.0404,99.6,0,-1.0,5926.70,0.0000,0.00,26.35,0.00,0.0788,0.00,0.00,0.00,0.1003
245.0,1,Pasillo,0.00,83.77,44.04,44.04,0.0025,3.49,2.395,2.386,2.397,0.050,0.17947,17,828,158,0.0326,99.7,0,-1.0,800.00,0.0000,0.00,0.00,0.00,0.0000,0.00,0.00,0.00,1.0000
245.0,2,Dormitorio1,0.00,28.22,24.00,24.00,0.1214,0.07,2.334,2.112,2.400,0.098,0.20431,152,880,21314,0.0082,99.9,0,-1.0,3500.00,0.0000,0.00,0.00,0.00,0.0000,0.00,0.00,0.00,1.0000
245.0,3,Dormitorio2,0.00,29.03,26.29,26.29,0.1190,0.05,2.294,1.879,2.400,0.190,0.20240,223,841,30209,0.0142,99.9,0,-1.0,2500.00,0.0000,0.00,0.00,0.00,0.0000,0.00,0.00,0.00,1.0000
245.0,4,Cocina,0.00,28.15,22.57,22.57,0.1226,0.10,2.354,2.238,2.400,0.055,0.20558,109,911,15630,0.0054,99.9,0,-1.0,3500.00,0.0000,0.00,0.00,0.00,0.0000,0.00,0.00,0.00,1.0000
245.0,5,Bano,0.00,28.60,25.44,25.44,0.1045,0.06,2.312,1.972,2.400,0.150,0.20308,197,862,26442,0.0117,99.9,0,-1.0,400.00,0.0000,0.00,0.00,0.00,0.0000,0.00,0.00,0.00,1.0000
246.0,0,Salon,25.07,67.84,61.73,61.73,0.0953,0.17,2.298,1.247,2.232,1.943,0.13037,200,481,7957,0.0409,99.6,0,-1.0,5926.70,0.0000,0.00,25.07,0.00,0.0785,0.00,0.00,0.00,0.0972
246.0,1,Pasillo,0.00,43.79,43.79,43.79,0.0023,3.85,2.396,2.387,2.397,0.045,0.17923,16,678,133,0.0326,99.7,0,-1.0,800.00,0.0000,0.00,0.00,0.00,0.0000,0.00,0.00,0.00,1.0000
246.0,2,Dormitorio1,0.00,28.07,24.01,24.01,0.1215,0.07,2.334,2.109,2.400,0.097,0.20428,152,876,21329,0.0084,99.9,0,-1.0,3500.00,0.0000,0.00,0.00,0.00,0.0000,0.00,0.00,0.00,1.0000
246.0,3,Dormitorio2,0.00,28.91,26.29,26.29,0.1190,0.05,2.294,1.875,2.400,0.188,0.20235,224,837,30226,0.0145,99.9,0,-1.0,2500.00,0.0000,0.00,0.00,0.00,0.0000,0.00,0.00,0.00,1.0000
246.0,4,Cocina,0.00,27.97,22.58,22.58,0.1227,0.10,2.354,2.236,2.400,0.055,0.20556,109,905,15641,0.0054,99.9,0,-1.0,3500.00,0.0000,0.00,0.00,0.00,0.0000,0.00,0.00,0.00,1.0000
246.0,5,Bano,0.00,28.47,25.43,25.43,0.1045,0.06,2.312,1.969,2.400,0.149,0.20305,197,858,26458,0.0119,99.9,0,-1.0,400.00,0.0000,0.00,0.00,0.00,0.0000,0.00,0.00,0.00,1.0000
247.0,0,Salon,23.84,67.31,61.57,61.57,0.0952,0.17,2.298,1.241,2.234,1.935,0.13055,200,479,7939,0.0414,99.6,0,-1.0,5926.70,0.0000,0.00,23.84,0.00,0.0782,0.00,0.00,0.00,0.0942
247.0,1,Pasillo,0.00,59.12,43.55,43.55,0.0022,3.98,2.397,2.388,2.397,0.040,0.17896,16,760,145,0.0327,99.7,0,-1.0,800.00,0.0000,0.00,0.00,0.00,0.0000,0.00,0.00,0.00,1.0000
247.0,2,Dormitorio1,0.00,27.91,24.00,24.00,0.1216,0.07,2.334,2.107,2.400,0.096,0.20424,153,871,21340,0.0086,99.9,0,-1.0,3500.00,0.0000,0.00,0.00,0.00,0.0000,0.00,0.00,0.00,1.0000
247.0,3,Dormitorio2,0.00,28.79,26.28,26.28,0.1190,0.05,2.293,1.871,2.400,0.187,0.20231,224,833,30239,0.0148,99.9,0,-1.0,2500.00,0.0000,0.00,0.00,0.00,0.0000,0.00,0.00,0.00,1.0000
247.0,4,Cocina,0.00,27.78,22.58,22.58,0.1227,0.10,2.354,2.234,2.400,0.054,0.20553,109,899,15651,0.0055,99.9,0,-1.0,3500.00,0.0000,0.00,0.00,0.00,0.0000,0.00,0.00,0.00,1.0000
247.0,5,Bano,0.00,28.34,25.42,25.42,0.1045,0.06,2.312,1.966,2.400,0.148,0.20301,198,854,26470,0.0121,99.9,0,-1.0,400.00,0.0000,0.00,0.00,0.00,0.0000,0.00,0.00,0.00,1.0000
248.0,0,Salon,22.68,66.78,61.41,61.41,0.0950,0.17,2.299,1.237,2.237,1.927,0.13071,200,476,7920,0.0419,99.6,0,-1.0,5926.70,0.0000,0.00,22.68,0.00,0.0779,0.00,0.00,0.00,0.0913
248.0,1,Pasillo,0.00,69.22,43.31,43.31,0.0021,4.06,2.397,2.388,2.397,0.036,0.17875,17,836,157,0.0327,99.7,0,-1.0,800.00,0.0000,0.00,0.00,0.00,0.0000,0.00,0.00,0.00,1.0000
248.0,2,Dormitorio1,0.00,27.77,24.00,24.00,0.1216,0.07,2.334,2.105,2.400,0.095,0.20421,153,866,21352,0.0087,99.9,0,-1.0,3500.00,0.0000,0.00,0.00,0.00,0.0000,0.00,0.00,0.00,1.0000
248.0,3,Dormitorio2,0.00,28.68,26.27,26.27,0.1191,0.05,2.293,1.867,2.400,0.186,0.20226,225,830,30253,0.0151,99.8,0,-1.0,2500.00,0.0000,0.00,0.00,0.00,0.0000,0.00,0.00,0.00,1.0000
248.0,4,Cocina,0.00,27.61,22.58,22.58,0.1228,0.10,2.354,2.232,2.400,0.053,0.20551,110,893,15660,0.0056,99.9,0,-1.0,3500.00,0.0000,0.00,0.00,0.00,0.0000,0.00,0.00,0.00,1.0000
248.0,5,Bano,0.00,28.22,25.42,25.42,0.1046,0.06,2.312,1.963,2.400,0.146,0.20296,198,850,26483,0.0124,99.9,0,-1.0,400.00,0.0000,0.00,0.00,0.00,0.0000,0.00,0.00,0.00,1.0000
249.0,0,Salon,21.57,66.26,61.23,61.23,0.0948,0.17,2.299,1.232,2.239,1.918,0.13087,200,474,7912,0.0423,99.6,0,-1.0,5926.70,0.0000,0.00,21.57,0.00,0.0776,0.00,0.00,0.00,0.0885
249.0,1,Pasillo,0.00,91.61,43.07,43.07,0.0021,4.23,2.397,2.389,2.397,0.033,0.17850,17,761,147,0.0327,99.7,0,-1.0,800.00,0.0000,0.00,0.00,0.00,0.0000,0.00,0.00,0.00,1.0000
249.0,2,Dormitorio1,0.00,27.64,24.00,24.00,0.1216,0.07,2.334,2.102,2.400,0.094,0.20418,153,862,21364,0.0089,99.9,0,-1.0,3500.00,0.0000,0.00,0.00,0.00,0.0000,0.00,0.00,0.00,1.0000
249.0,3,Dormitorio2,0.00,28.57,26.26,26.26,0.1191,0.05,2.292,1.864,2.400,0.185,0.20222,225,826,30266,0.0154,99.8,0,-1.0,2500.00,0.0000,0.00,0.00,0.00,0.0000,0.00,0.00,0.00,1.0000
249.0,4,Cocina,0.00,27.44,22.58,22.58,0.1228,0.10,2.354,2.231,2.400,0.053,0.20549,110,887,15669,0.0057,99.9,0,-1.0,3500.00,0.0000,0.00,0.00,0.00,0.0000,0.00,0.00,0.00,1.0000
249.0,5,Bano,0.00,28.11,25.41,25.41,0.1046,0.06,2.312,1.960,2.400,0.145,0.20292,199,847,26496,0.0126,99.9,0,-1.0,400.00,0.0000,0.00,0.00,0.00,0.0000,0.00,0.00,0.00,1.0000
250.0,0,Salon,20.52,65.75,61.05,61.05,0.0947,0.17,2.299,1.228,2.242,1.909,0.13103,200,471,7898,0.0428,99.6,0,-1.0,5926.70,0.0000,0.00,20.52,0.00,0.0773,0.00,0.00,0.00,0.0858
250.0,1,Pasillo,0.00,52.19,42.83,42.83,0.0020,4.39,2.398,2.390,2.397,0.030,0.17827,17,734,142,0.0328,99.7,0,-1.0,800.00,0.0000,0.00,0.00,0.00,0.0000,0.00,0.00,0.00,1.0000
250.0,2,Dormitorio1,0.00,27.52,24.00,24.00,0.1217,0.07,2.334,2.100,2.400,0.093,0.20415,154,857,21377,0.0091,99.9,0,-1.0,3500.00,0.0000,0.00,0.00,0.00,0.0000,0.00,0.00,0.00,1.0000
250.0,3,Dormitorio2,0.00,28.47,26.25,26.25,0.1191,0.05,2.292,1.860,2.400,0.184,0.20217,225,822,30281,0.0157,99.8,0,-1.0,2500.00,0.0000,0.00,0.00,0.00,0.0000,0.00,0.00,0.00,1.0000
250.0,4,Cocina,0.00,27.29,22.58,22.58,0.1229,0.10,2.354,2.229,2.400,0.052,0.20546,110,882,15679,0.0057,99.9,0,-1.0,3500.00,0.0000,0.00,0.00,0.00,0.0000,0.00,0.00,0.00,1.0000
250.0,5,Bano,0.00,27.99,25.40,25.40,0.1046,0.06,2.312,1.957,2.400,0.144,0.20288,199,843,26509,0.0128,99.9,0,-1.0,400.00,0.0000,0.00,0.00,0.00,0.0000,0.00,0.00,0.00,1.0000
251.0,0,Salon,19.52,65.26,60.86,60.86,0.0945,0.18,2.300,1.224,2.244,1.899,0.13121,200,469,7877,0.0433,99.6,0,-1.0,5926.70,0.0000,0.00,19.52,0.00,0.0770,0.00,0.00,0.00,0.0832
251.0,1,Pasillo,0.00,61.37,42.60,42.60,0.0020,4.37,2.398,2.390,2.397,0.028,0.17803,17,828,156,0.0328,99.7,0,-1.0,800.00,0.0000,0.00,0.00,0.00,0.0000,0.00,0.00,0.00,1.0000
251.0,2,Dormitorio1,0.00,27.39,24.00,24.00,0.1217,0.07,2.334,2.097,2.400,0.092,0.20411,154,853,21388,0.0092,99.9,0,-1.0,3500.00,0.0000,0.00,0.00,0.00,0.0000,0.00,0.00,0.00,1.0000
251.0,3,Dormitorio2,0.00,28.37,26.24,26.24,0.1191,0.05,2.291,1.856,2.400,0.183,0.20213,226,819,30293,0.0160,99.8,0,-1.0,2500.00,0.0000,0.00,0.00,0.00,0.0000,0.00,0.00,0.00,1.0000
251.0,4,Cocina,0.00,27.13,22.58,22.58,0.1229,0.10,2.354,2.227,2.400,0.051,0.20544,110,876,15688,0.0058,99.9,0,-1.0,3500.00,0.0000,0.00,0.00,0.00,0.0000,0.00,0.00,0.00,1.0000
251.0,5,Bano,0.00,27.88,25.39,25.39,0.1046,0.06,2.311,1.954,2.400,0.143,0.20284,199,839,26520,0.0131,99.9,0,-1.0,400.00,0.0000,0.00,0.00,0.00,0.0000,0.00,0.00,0.00,1.0000
252.0,0,Salon,18.57,64.77,60.66,60.66,0.0943,0.18,2.300,1.220,2.247,1.889,0.13138,199,467,7856,0.0437,99.6,0,-1.0,5926.70,0.0000,0.00,18.57,0.00,0.0767,0.00,0.00,0.00,0.0806
252.0,1,Pasillo,0.00,66.42,42.37,42.37,0.0020,4.31,2.398,2.390,2.397,0.026,0.17781,17,918,171,0.0328,99.7,0,-1.0,800.00,0.0000,0.00,0.00,0.00,0.0000,0.00,0.00,0.00,1.0000
252.0,2,Dormitorio1,0.00,27.27,23.99,23.99,0.1217,0.07,2.334,2.095,2.400,0.091,0.20408,154,848,21398,0.0094,99.9,0,-1.0,3500.00,0.0000,0.00,0.00,0.00,0.0000,0.00,0.00,0.00,1.0000
252.0,3,Dormitorio2,0.00,28.27,26.22,26.22,0.1191,0.05,2.291,1.852,2.400,0.182,0.20208,226,815,30304,0.0163,99.8,0,-1.0,2500.00,0.0000,0.00,0.00,0.00,0.0000,0.00,0.00,0.00,1.0000
252.0,4,Cocina,0.00,26.99,22.58,22.58,0.1229,0.10,2.354,2.225,2.400,0.051,0.20541,111,870,15696,0.0059,99.9,0,-1.0,3500.00,0.0000,0.00,0.00,0.00,0.0000,0.00,0.00,0.00,1.0000
252.0,5,Bano,0.00,27.77,25.38,25.38,0.1046,0.06,2.311,1.950,2.400,0.142,0.20280,200,835,26531,0.0133,99.9,0,-1.0,400.00,0.0000,0.00,0.00,0.00,0.0000,0.00,0.00,0.00,1.0000
253.0,0,Salon,17.66,64.29,60.46,60.46,0.0942,0.18,2.300,1.217,2.249,1.879,0.13154,199,464,7846,0.0442,99.6,0,-1.0,5926.70,0.0000,0.00,17.66,0.00,0.0764,0.00,0.00,0.00,0.0781
253.0,1,Pasillo,0.00,75.27,42.14,42.14,0.0020,4.43,2.398,2.391,2.397,0.024,0.17760,17,834,158,0.0329,99.7,0,-1.0,800.00,0.0000,0.00,0.00,0.00,0.0000,0.00,0.00,0.00,1.0000
253.0,2,Dormitorio1,0.00,27.15,23.99,23.99,0.1217,0.07,2.334,2.092,2.400,0.090,0.20405,155,844,21410,0.0096,99.9,0,-1.0,3500.00,0.0000,0.00,0.00,0.00,0.0000,0.00,0.00,0.00,1.0000
253.0,3,Dormitorio2,0.00,28.18,26.21,26.21,0.1191,0.05,2.290,1.848,2.400,0.181,0.20204,227,811,30317,0.0165,99.8,0,-1.0,2500.00,0.0000,0.00,0.00,0.00,0.0000,0.00,0.00,0.00,1.0000
253.0,4,Cocina,0.00,26.84,22.58,22.58,0.1230,0.10,2.354,2.224,2.400,0.050,0.20539,111,865,15705,0.0060,99.9,0,-1.0,3500.00,0.0000,0.00,0.00,0.00,0.0000,0.00,0.00,0.00,1.0000
253.0,5,Bano,0.00,27.67,25.37,25.37,0.1046,0.06,2.311,1.947,2.400,0.141,0.20276,200,832,26543,0.0135,99.9,0,-1.0,400.00,0.0000,0.00,0.00,0.00,0.0000,0.00,0.00,0.00,1.0000
254.0,0,Salon,16.80,63.82,60.24,60.24,0.0940,0.18,2.300,1.213,2.251,1.869,0.13171,199,462,7830,0.0446,99.6,0,-1.0,5926.70,0.0000,0.00,16.80,0.00,0.0761,0.00,0.00,0.00,0.0757
254.0,1,Pasillo,0.00,59.60,41.91,41.91,0.0019,4.55,2.398,2.391,2.397,0.022,0.17739,17,798,151,0.0329,99.7,0,-1.0,800.00,0.0000,0.00,0.00,0.00,0.0000,0.00,0.00,0.00,1.0000
254.0,2,Dormitorio1,0.00,27.04,23.98,23.98,0.1218,0.07,2.334,2.090,2.400,0.089,0.20401,155,840,21423,0.0097,99.9,0,-1.0,3500.00,0.0000,0.00,0.00,0.00,0.0000,0.00,0.00,0.00,1.0000
254.0,3,Dormitorio2,0.00,28.09,26.20,26.20,0.1191,0.05,2.290,1.845,2.400,0.180,0.20199,227,808,30333,0.0168,99.8,0,-1.0,2500.00,0.0000,0.00,0.00,0.00,0.0000,0.00,0.00,0.00,1.0000
254.0,4,Cocina,0.00,26.71,22.58,22.58,0.1230,0.10,2.354,2.222,2.400,0.050,0.20536,111,860,15716,0.0061,99.9,0,-1.0,3500.00,0.0000,0.00,0.00,0.00,0.0000,0.00,0.00,0.00,1.0000
254.0,5,Bano,0.00,27.58,25.36,25.36,0.1047,0.06,2.311,1.944,2.400,0.140,0.20272,201,828,26558,0.0138,99.9,0,-1.0,400.00,0.0000,0.00,0.00,0.00,0.0000,0.00,0.00,0.00,1.0000
255.0,0,Salon,15.98,63.35,60.02,60.02,0.0938,0.18,2.301,1.210,2.253,1.858,0.13188,199,460,7808,0.0451,99.5,0,-1.0,5926.70,0.0000,0.00,15.98,0.00,0.0759,0.00,0.00,0.00,0.0734
255.0,1,Pasillo,0.00,68.33,41.69,41.69,0.0020,4.45,2.398,2.391,2.397,0.021,0.17722,17,895,167,0.0330,99.7,0,-1.0,800.00,0.0000,0.00,0.00,0.00,0.0000,0.00,0.00,0.00,1.0000
255.0,2,Dormitorio1,0.00,26.93,23.98,23.98,0.1218,0.07,2.334,2.087,2.400,0.089,0.20398,155,836,21433,0.0099,99.9,0,-1.0,3500.00,0.0000,0.00,0.00,0.00,0.0000,0.00,0.00,0.00,1.0000
255.0,3,Dormitorio2,0.00,28.00,26.18,26.18,0.1191,0.05,2.289,1.841,2.400,0.179,0.20194,228,805,30343,0.0171,99.8,0,-1.0,2500.00,0.0000,0.00,0.00,0.00,0.0000,0.00,0.00,0.00,1.0000
255.0,4,Cocina,0.00,26.58,22.58,22.58,0.1231,0.10,2.354,2.220,2.400,0.049,0.20534,111,855,15723,0.0061,99.9,0,-1.0,3500.00,0.0000,0.00,0.00,0.00,0.0000,0.00,0.00,0.00,1.0000
255.0,5,Bano,0.00,27.48,25.35,25.35,0.1047,0.06,2.311,1.941,2.400,0.139,0.20267,201,824,26568,0.0140,99.9,0,-1.0,400.00,0.0000,0.00,0.00,0.00,0.0000,0.00,0.00,0.00,1.0000
256.0,0,Salon,15.20,62.89,59.80,59.80,0.0937,0.18,2.301,1.207,2.255,1.847,0.13204,199,458,7797,0.0455,99.5,0,-1.0,5926.70,0.0000,0.00,15.20,0.00,0.0756,0.00,0.00,0.00,0.0711
256.0,1,Pasillo,0.00,80.78,41.46,41.46,0.0019,4.58,2.399,2.391,2.397,0.019,0.17700,17,794,152,0.0330,99.7,0,-1.0,800.00,0.0000,0.00,0.00,0.00,0.0000,0.00,0.00,0.00,1.0000
256.0,2,Dormitorio1,0.00,26.83,23.97,23.97,0.1218,0.07,2.334,2.085,2.400,0.088,0.20394,156,832,21445,0.0101,99.9,0,-1.0,3500.00,0.0000,0.00,0.00,0.00,0.0000,0.00,0.00,0.00,1.0000
256.0,3,Dormitorio2,0.00,27.91,26.16,26.16,0.1191,0.05,2.289,1.837,2.400,0.178,0.20189,228,801,30356,0.0174,99.8,0,-1.0,2500.00,0.0000,0.00,0.00,0.00,0.0000,0.00,0.00,0.00,1.0000
256.0,4,Cocina,0.00,26.45,22.58,22.58,0.1231,0.10,2.354,2.219,2.400,0.049,0.20531,111,850,15733,0.0062,99.9,0,-1.0,3500.00,0.0000,0.00,0.00,0.00,0.0000,0.00,0.00,0.00,1.0000
256.0,5,Bano,0.00,27.39,25.33,25.33,0.1047,0.06,2.311,1.938,2.400,0.138,0.20263,201,821,26580,0.0143,99.9,0,-1.0,400.00,0.0000,0.00,0.00,0.00,0.0000,0.00,0.00,0.00,1.0000
257.0,0,Salon,14.46,62.44,59.57,59.57,0.0936,0.18,2.301,1.204,2.258,1.836,0.13219,199,456,7779,0.0460,99.5,0,-1.0,5926.70,0.0000,0.00,14.46,0.00,0.0753,0.00,0.00,0.00,0.0689
257.0,1,Pasillo,0.00,77.63,41.24,41.24,0.0019,4.62,2.399,2.391,2.397,0.018,0.17680,17,785,151,0.0330,99.7,0,-1.0,800.00,0.0000,0.00,0.00,0.00,0.0000,0.00,0.00,0.00,1.0000
257.0,2,Dormitorio1,0.00,26.73,23.97,23.97,0.1218,0.07,2.334,2.082,2.400,0.087,0.20391,156,828,21456,0.0102,99.9,0,-1.0,3500.00,0.0000,0.00,0.00,0.00,0.0000,0.00,0.00,0.00,1.0000
257.0,3,Dormitorio2,0.00,27.83,26.15,26.15,0.1191,0.05,2.288,1.834,2.400,0.177,0.20185,229,798,30369,0.0177,99.8,0,-1.0,2500.00,0.0000,0.00,0.00,0.00,0.0000,0.00,0.00,0.00,1.0000
257.0,4,Cocina,0.00,26.33,22.58,22.58,0.1231,0.10,2.354,2.217,2.400,0.048,0.20529,112,845,15742,0.0063,99.9,0,-1.0,3500.00,0.0000,0.00,0.00,0.00,0.0000,0.00,0.00,0.00,1.0000
257.0,5,Bano,0.00,27.30,25.32,25.32,0.1047,0.06,2.310,1.935,2.400,0.137,0.20259,202,818,26593,0.0145,99.9,0,-1.0,400.00,0.0000,0.00,0.00,0.00,0.0000,0.00,0.00,0.00,1.0000
258.0,0,Salon,13.76,62.00,59.33,59.33,0.0934,0.18,2.302,1.201,2.260,1.825,0.13235,199,453,7762,0.0464,99.5,0,-1.0,5926.70,0.0000,0.00,13.76,0.00,0.0750,0.00,0.00,0.00,0.0668
258.0,1,Pasillo,0.00,60.84,41.03,41.03,0.0018,4.71,2.399,2.391,2.397,0.017,0.17666,17,753,144,0.0331,99.7,0,-1.0,800.00,0.0000,0.00,0.00,0.00,0.0000,0.00,0.00,0.00,1.0000
258.0,2,Dormitorio1,0.00,26.63,23.96,23.96,0.1219,0.07,2.334,2.080,2.400,0.087,0.20388,156,824,21469,0.0104,99.9,0,-1.0,3500.00,0.0000,0.00,0.00,0.00,0.0000,0.00,0.00,0.00,1.0000
258.0,3,Dormitorio2,0.00,27.75,26.13,26.13,0.1191,0.05,2.288,1.830,2.400,0.177,0.20180,229,795,30383,0.0180,99.8,0,-1.0,2500.00,0.0000,0.00,0.00,0.00,0.0000,0.00,0.00,0.00,1.0000
258.0,4,Cocina,0.00,26.21,22.57,22.57,0.1232,0.10,2.354,2.215,2.400,0.048,0.20526,112,841,15752,0.0064,99.9,0,-1.0,3500.00,0.0000,0.00,0.00,0.00,0.0000,0.00,0.00,0.00,1.0000
258.0,5,Bano,0.00,27.21,25.31,25.31,0.1047,0.06,2.310,1.932,2.400,0.136,0.20255,202,814,26606,0.0147,99.9,0,-1.0,400.00,0.0000,0.00,0.00,0.00,0.0000,0.00,0.00,0.00,1.0000
259.0,0,Salon,13.09,61.56,59.09,59.09,0.0932,0.18,2.302,1.199,2.262,1.813,0.13251,198,451,7744,0.0468,99.5,0,-1.0,5926.70,0.0000,0.00,13.09,0.00,0.0747,0.00,0.00,0.00,0.0648
259.0,1,Pasillo,0.00,86.68,40.81,40.81,0.0019,4.69,2.399,2.391,2.397,0.017,0.17644,17,760,147,0.0331,99.7,0,-1.0,800.00,0.0000,0.00,0.00,0.00,0.0000,0.00,0.00,0.00,1.0000
259.0,2,Dormitorio1,0.00,26.54,23.95,23.95,0.1219,0.07,2.334,2.077,2.400,0.086,0.20384,157,820,21479,0.0106,99.9,0,-1.0,3500.00,0.0000,0.00,0.00,0.00,0.0000,0.00,0.00,0.00,1.0000
259.0,3,Dormitorio2,0.00,27.67,26.11,26.11,0.1191,0.05,2.287,1.826,2.400,0.176,0.20175,230,792,30394,0.0183,99.8,0,-1.0,2500.00,0.0000,0.00,0.00,0.00,0.0000,0.00,0.00,0.00,1.0000
259.0,4,Cocina,0.00,26.10,22.57,22.57,0.1232,0.10,2.354,2.213,2.400,0.047,0.20524,112,836,15760,0.0065,99.9,0,-1.0,3500.00,0.0000,0.00,0.00,0.00,0.0000,0.00,0.00,0.00,1.0000
259.0,5,Bano,0.00,27.13,25.29,25.29,0.1047,0.06,2.310,1.929,2.400,0.136,0.20250,203,811,26617,0.0150,99.9,0,-1.0,400.00,0.0000,0.00,0.00,0.00,0.0000,0.00,0.00,0.00,1.0000
260.0,0,Salon,12.45,61.13,58.85,58.85,0.0931,0.18,2.302,1.197,2.264,1.801,0.13268,198,449,7726,0.0473,99.5,0,-1.0,5926.70,0.0000,0.00,12.45,0.00,0.0745,0.00,0.00,0.00,0.0628
260.0,1,Pasillo,0.00,49.40,40.60,40.60,0.0018,4.78,2.399,2.391,2.397,0.016,0.17622,17,722,140,0.0332,99.7,0,-1.0,800.00,0.0000,0.00,0.00,0.00,0.0000,0.00,0.00,0.00,1.0000
260.0,2,Dormitorio1,0.00,26.45,23.95,23.95,0.1219,0.07,2.334,2.075,2.400,0.085,0.20381,157,816,21491,0.0107,99.9,0,-1.0,3500.00,0.0000,0.00,0.00,0.00,0.0000,0.00,0.00,0.00,1.0000
260.0,3,Dormitorio2,0.00,27.59,26.09,26.09,0.1192,0.05,2.287,1.822,2.400,0.175,0.20170,230,789,30408,0.0186,99.8,0,-1.0,2500.00,0.0000,0.00,0.00,0.00,0.0000,0.00,0.00,0.00,1.0000
260.0,4,Cocina,0.00,25.99,22.57,22.57,0.1232,0.10,2.354,2.212,2.400,0.047,0.20521,112,831,15770,0.0065,99.9,0,-1.0,3500.00,0.0000,0.00,0.00,0.00,0.0000,0.00,0.00,0.00,1.0000
260.0,5,Bano,0.00,27.04,25.27,25.27,0.1047,0.06,2.310,1.926,2.400,0.135,0.20246,203,808,26629,0.0152,99.8,0,-1.0,400.00,0.0000,0.00,0.00,0.00,0.0000,0.00,0.00,0.00,1.0000
