s,C,C,%,%,%,m,C,C,%,%,%,m,C,C,%,%,%,m,C,C,%,%,%,m,C,C,%,%,%,m,C,C,%,%,%,m
Time,"Salon_T_upper","Salon_T_lower","Salon_O2_pct","Salon_CO_pct","Salon_CO2_pct","Salon_visibility_m","Pasillo_T_upper","Pasillo_T_lower","Pasillo_O2_pct","Pasillo_CO_pct","Pasillo_CO2_pct","Pasillo_visibility_m","Dormitorio1_T_upper","Dormitorio1_T_lower","Dormitorio1_O2_pct","Dormitorio1_CO_pct","Dormitorio1_CO2_pct","Dormitorio1_visibility_m","Dormitorio2_T_upper","Dormitorio2_T_lower","Dormitorio2_O2_pct","Dormitorio2_CO_pct","Dormitorio2_CO2_pct","Dormitorio2_visibility_m","Cocina_T_upper","Cocina_T_lower","Cocina_O2_pct","Cocina_CO_pct","Cocina_CO2_pct","Cocina_visibility_m","Bano_T_upper","Bano_T_lower","Bano_O2_pct","Bano_CO_pct","Bano_CO2_pct","Bano_visibility_m"
 0.0000000E+000, 2.0000000E+001, 2.0000000E+001, 2.0755882E+001, 0.0000000E+000, 3.8641183E-002, 3.0000000E+001, 2.0000000E+001, 2.0000000E+001, 2.0755882E+001, 0.0000000E+000, 3.8641183E-002, 3.0000000E+001, 2.0000000E+001, 2.0000000E+001, 2.0755882E+001, 0.0000000E+000, 3.8641183E-002, 3.0000000E+001, 2.0000000E+001, 2.0000000E+001, 2.0755882E+001, 0.0000000E+000, 3.8641183E-002, 3.0000000E+001, 2.0000000E+001, 2.0000000E+001, 2.0755882E+001, 0.0000000E+000, 3.8641183E-002, 3.0000000E+001, 2.0000000E+001, 2.0000000E+001, 2.0755882E+001, 0.0000000E+000, 3.8641183E-002, 3.0000000E+001
 1.0306330E+000, 2.0000259E+001, 2.0000270E+001, 2.0755882E+001, 0.0000000E+000, 3.8641183E-002, 3.0000000E+001, 2.0000234E+001, 2.0000271E+001, 2.0755882E+001, 0.0000000E+000, 3.8641183E-002, 3.0000000E+001, 2.0000243E+001, 2.0000264E+001, 2.0755882E+001, 0.0000000E+000, 3.8641183E-002, 3.0000000E+001, 2.0000260E+001, 2.0000232E+001, 2.0755882E+001, 0.0000000E+000, 3.8641183E-002, 3.0000000E+001, 2.0000266E+001, 2.0000249E+001, 2.0755882E+001, 0.0000000E+000, 3.8641183E-002, 3.0000000E+001, 2.0000268E+001, 2.0000233E+001, 2.0755882E+001, 0.0000000E+000, 3.8641183E-002, 3.0000000E+001
 2.0612660E+000, 2.0003100E+001, 2.0003161E+001, 2.0755882E+001, 4.1636380E-032, 3.8641183E-002, 3.0000000E+001, 2.0003010E+001, 2.0003133E+001, 2.0755882E+001, 0.0000000E+000, 3.8641183E-002, 3.0000000E+001, 2.0003041E+001, 2.0003111E+001, 2.0755882E+001, 0.0000000E+000, 3.8641183E-002, 3.0000000E+001, 2.0003095E+001, 2.0003007E+001, 2.0755882E+001, 0.0000000E+000, 3.8641183E-002, 3.0000000E+001, 2.0003118E+001, 2.0003058E+001, 2.0755882E+001, 0.0000000E+000, 3.8641183E-002, 3.0000000E+001, 2.0003123E+001, 2.0003011E+001, 2.0755882E+001, 0.0000000E+000, 3.8641183E-002, 3.0000000E+001
 3.0918990E+000, 2.0009954E+001, 2.0010129E+001, 2.0755882E+001, 1.3058375E-028, 3.8641183E-002, 3.0000000E+001, 2.0009699E+001, 2.0009900E+001, 2.0755882E+001, 0.0000000E+000, 3.8641183E-002, 3.0000000E+001, 2.0009753E+001, 2.0009866E+001, 2.0755882E+001, 0.0000000E+000, 3.8641183E-002, 3.0000000E+001, 2.0009835E+001, 2.0009702E+001, 2.0755882E+001, 0.0000000E+000, 3.8641183E-002, 3.0000000E+001, 2.0009878E+001, 2.0009777E+001, 2.0755882E+001, 0.0000000E+000, 3.8641183E-002, 3.0000000E+001, 2.0009887E+001, 2.0009709E+001, 2.0755882E+001, 0.0000000E+000, 3.8641183E-002, 3.0000000E+001
 4.1225320E+000, 2.0018733E+001, 2.0019514E+001, 2.0755882E+001, 2.1076551E-026, 3.8641183E-002, 3.0000000E+001, 2.0017954E+001, 2.0018225E+001, 2.0755882E+001, 6.8975260E-085, 3.8641183E-002, 3.0000000E+001, 2.0018032E+001, 2.0018183E+001, 2.0755882E+001, 0.0000000E+000, 3.8641183E-002, 3.0000000E+001, 2.0018135E+001, 2.0017966E+001, 2.0755882E+001, 0.0000000E+000, 3.8641183E-002, 3.0000000E+001, 2.0018199E+001, 2.0018058E+001, 2.0755882E+001, 0.0000000E+000, 3.8641183E-002, 3.0000000E+001, 2.0018211E+001, 2.0017979E+001, 2.0755882E+001, 0.0000000E+000, 3.8641183E-002, 3.0000000E+001
 5.0696125E+000, 2.0027837E+001, 2.0030721E+001, 2.0755882E+001, 2.4280187E-024, 3.8641183E-002, 3.0000000E+001, 2.0026199E+001, 2.0026529E+001, 2.0755882E+001, 4.6307587E-077, 3.8641183E-002, 3.0000000E+001, 2.0026299E+001, 2.0026481E+001, 2.0755882E+001, 8.1241347E-105, 3.8641183E-002, 3.0000000E+001, 2.0026415E+001, 2.0026220E+001, 2.0755882E+001, 0.0000000E+000, 3.8641183E-002, 3.0000000E+001, 2.0026501E+001, 2.0026323E+001, 2.0755882E+001, 0.0000000E+000, 3.8641183E-002, 3.0000000E+001, 2.0026515E+001, 2.0026241E+001, 2.0755882E+001, 0.0000000E+000, 3.8641183E-002, 3.0000000E+001
 6.0396781E+000, 2.0039972E+001, 2.0045430E+001, 2.0755882E+001, 5.9199584E-022, 3.8641183E-002, 3.0000000E+001, 2.0036987E+001, 2.0037365E+001, 2.0755882E+001, 8.0174251E-072, 3.8641183E-002, 3.0000000E+001, 2.0037105E+001, 2.0037312E+001, 2.0755882E+001, 2.6839779E-097, 3.8641183E-002, 3.0000000E+001, 2.0037229E+001, 2.0037016E+001, 2.0755882E+001, 5.4824654E-118, 3.8641183E-002, 3.0000000E+001, 2.0037335E+001, 2.0037124E+001, 2.0755882E+001, 7.1132999E-142, 3.8641183E-002, 3.0000000E+001, 2.0037351E+001, 2.0037046E+001, 2.0755882E+001, 6.8324445E-152, 3.8641183E-002, 3.0000000E+001
 7.0907505E+000, 2.0056706E+001, 2.0065441E+001, 2.0755882E+001, 5.5228118E-018, 3.8641183E-002, 3.0000000E+001, 2.0051478E+001, 2.0051904E+001, 2.0755882E+001, 8.7346625E-068, 3.8641183E-002, 3.0000000E+001, 2.0051613E+001, 2.0051846E+001, 2.0755882E+001, 2.0524679E-092, 3.8641183E-002, 3.0000000E+001, 2.0051741E+001, 2.0051514E+001, 2.0755882E+001, 2.9853063E-110, 3.8641183E-002, 3.0000000E+001, 2.0051872E+001, 2.0051626E+001, 2.0755882E+001, 2.6281910E-131, 3.8641183E-002, 3.0000000E+001, 2.0051887E+001, 2.0051557E+001, 2.0755882E+001, 2.0185768E-138, 3.8641183E-002, 3.0000000E+001
 8.0706436E+000, 2.0076279E+001, 2.0088286E+001, 2.0755882E+001, 1.5962196E-014, 3.8641183E-002, 3.0000000E+001, 2.0067818E+001, 2.0068287E+001, 2.0755882E+001, 7.9485246E-065, 3.8641183E-002, 3.0000000E+001, 2.0067967E+001, 2.0068224E+001, 2.0755882E+001, 6.5775420E-089, 3.8641183E-002, 3.0000000E+001, 2.0068095E+001, 2.0067861E+001, 2.0755882E+001, 2.9510256E-105, 3.8641183E-002, 3.0000000E+001, 2.0068251E+001, 2.0067971E+001, 2.0755882E+001, 4.5340127E-125, 3.8641183E-002, 3.0000000E+001, 2.0068263E+001, 2.0067917E+001, 2.0755882E+001, 1.4988273E-131, 3.8641183E-002, 3.0000000E+001
 9.0121730E+000, 2.1949770E+001, 2.0112815E+001, 2.0755876E+001, 3.6135199E-008, 3.8644252E-002, 3.0000000E+001, 2.0084286E+001, 2.0084794E+001, 2.0755882E+001, 3.2178125E-062, 3.8641183E-002, 3.0000000E+001, 2.0084447E+001, 2.0084725E+001, 2.0755882E+001, 4.4206076E-086, 3.8641183E-002, 3.0000000E+001, 2.0084571E+001, 2.0084336E+001, 2.0755882E+001, 1.3799117E-101, 3.8641183E-002, 3.0000000E+001, 2.0084752E+001, 2.0084443E+001, 2.0755882E+001, 1.2519990E-120, 3.8641183E-002, 3.0000000E+001, 2.0084759E+001, 2.0084406E+001, 2.0755882E+001, 1.2770444E-126, 3.8641183E-002, 3.0000000E+001
 1.0047855E+001, 2.4699911E+001, 2.0141836E+001, 2.0755534E+001, 2.1204584E-006, 3.8821263E-002, 3.0000000E+001, 2.0103234E+001, 2.0103780E+001, 2.0755882E+001, 2.9722470E-059, 3.8641183E-002, 3.0000000E+001, 2.0103403E+001, 2.0103704E+001, 2.0755882E+001, 3.7322156E-083, 3.8641183E-002, 3.0000000E+001, 2.0103521E+001, 2.0103292E+001, 2.0755882E+001, 2.4171169E-098, 3.8641183E-002, 3.0000000E+001, 2.0103729E+001, 2.0103392E+001, 2.0755882E+001, 8.8582824E-117, 3.8641183E-002, 3.0000000E+001, 2.0103727E+001, 2.0103374E+001, 2.0755882E+001, 2.8479544E-122, 3.8641183E-002, 3.0000000E+001
 1.1083538E+001, 2.2102379E+001, 2.0175579E+001, 2.0755377E+001, 3.0768722E-006, 3.8902487E-002, 3.0000000E+001, 2.0125289E+001, 2.0125872E+001, 2.0755882E+001, 2.9889419E-052, 3.8641183E-002, 3.0000000E+001, 2.0125462E+001, 2.0125787E+001, 2.0755882E+001, 4.5002556E-079, 3.8641183E-002, 3.0000000E+001, 2.0125571E+001, 2.0125354E+001, 2.0755882E+001, 2.1070532E-095, 3.8641183E-002, 3.0000000E+001, 2.0125808E+001, 2.0125444E+001, 2.0755882E+001, 1.6410036E-113, 3.8641183E-002, 3.0000000E+001, 2.0125793E+001, 2.0125447E+001, 2.0755882E+001, 1.1043117E-118, 3.8641183E-002, 3.0000000E+001
 1.2025067E+001, 2.4364649E+001, 2.0210546E+001, 2.0755276E+001, 3.6905043E-006, 3.8954600E-002, 3.0000000E+001, 2.0148428E+001, 2.0149043E+001, 2.0755882E+001, 1.1968223E-046, 3.8641183E-002, 3.0000000E+001, 2.0148599E+001, 2.0148949E+001, 2.0755882E+001, 7.9635380E-074, 3.8641183E-002, 3.0000000E+001, 2.0148698E+001, 2.0148497E+001, 2.0755882E+001, 2.9513237E-091, 3.8641183E-002, 3.0000000E+001, 2.0148964E+001, 2.0148578E+001, 2.0755882E+001, 1.1279549E-110, 3.8641183E-002, 3.0000000E+001, 2.0148932E+001, 2.0148600E+001, 2.0755882E+001, 8.8145223E-116, 3.8641183E-002, 3.0000000E+001
 1.3060750E+001, 2.6762724E+001, 2.0247647E+001, 2.0754664E+001, 7.4212007E-006, 3.9271430E-002, 3.0000000E+001, 2.0173412E+001, 2.0174060E+001, 2.0755882E+001, 4.6067062E-042, 3.8641183E-002, 3.0000000E+001, 2.0173578E+001, 2.0173954E+001, 2.0755882E+001, 8.3939910E-069, 3.8641183E-002, 3.0000000E+001, 2.0173665E+001, 2.0173487E+001, 2.0755882E+001, 2.2151755E-084, 3.8641183E-002, 3.0000000E+001, 2.0173962E+001, 2.0173557E+001, 2.0755882E+001, 6.0428358E-103, 3.8641183E-002, 3.0000000E+001, 2.0173907E+001, 2.0173598E+001, 2.0755882E+001, 7.3905710E-112, 3.8641183E-002, 3.0000000E+001
 1.4002279E+001, 2.4961399E+001, 2.0286610E+001, 2.0754425E+001, 8.8754271E-006, 3.9394930E-002, 3.0000000E+001, 2.0200264E+001, 2.0200946E+001, 2.0755882E+001, 4.0098305E-038, 3.8641183E-002, 3.0000000E+001, 2.0200418E+001, 2.0200825E+001, 2.0755882E+001, 1.8700477E-064, 3.8641183E-002, 3.0000000E+001, 2.0200494E+001, 2.0200344E+001, 2.0755882E+001, 2.3519139E-079, 3.8641183E-002, 3.0000000E+001, 2.0200822E+001, 2.0200402E+001, 2.0755882E+001, 2.1709878E-097, 3.8641183E-002, 3.0000000E+001, 2.0200738E+001, 2.0200461E+001, 2.0755882E+001, 6.3633900E-106, 3.8641183E-002, 3.0000000E+001
 1.5037961E+001, 2.4473378E+001, 2.0327151E+001, 2.0754424E+001, 8.8827574E-006, 3.9395553E-002, 3.0000000E+001, 2.0229095E+001, 2.0229816E+001, 2.0755882E+001, 1.6483131E-033, 3.8641183E-002, 3.0000000E+001, 2.0229230E+001, 2.0229674E+001, 2.0755882E+001, 9.9776991E-060, 3.8641183E-002, 3.0000000E+001, 2.0229295E+001, 2.0229179E+001, 2.0755882E+001, 7.7022524E-075, 3.8641183E-002, 3.0000000E+001, 2.0229658E+001, 2.0229226E+001, 2.0755882E+001, 8.7531251E-093, 3.8641183E-002, 3.0000000E+001, 2.0229537E+001, 2.0229302E+001, 2.0755882E+001, 1.2324188E-100, 3.8641183E-002, 3.0000000E+001
 1.6064190E+001, 2.5058938E+001, 2.0370826E+001, 2.0754514E+001, 8.3306406E-006, 3.9348664E-002, 3.0000000E+001, 2.0261214E+001, 2.0261979E+001, 2.0755882E+001, 1.3971649E-029, 3.8641183E-002, 3.0000000E+001, 2.0261321E+001, 2.0261809E+001, 2.0755882E+001, 5.1776016E-055, 3.8641183E-002, 3.0000000E+001, 2.0261377E+001, 2.0261302E+001, 2.0755882E+001, 2.3535993E-070, 3.8641183E-002, 3.0000000E+001, 2.0261776E+001, 2.0261337E+001, 2.0755882E+001, 8.0214845E-089, 3.8641183E-002, 3.0000000E+001, 2.0261610E+001, 2.0261429E+001, 2.0755882E+001, 3.1618688E-096, 3.8641183E-002, 3.0000000E+001
 1.7081001E+001, 2.3541050E+001, 2.0415551E+001, 2.0754704E+001, 7.1764021E-006, 3.9250640E-002, 3.0000000E+001, 2.0294939E+001, 2.0295751E+001, 2.0755882E+001, 7.2627008E-027, 3.8641183E-002, 3.0000000E+001, 2.0295010E+001, 2.0295552E+001, 2.0755882E+001, 2.2458482E-051, 3.8641183E-002, 3.0000000E+001, 2.0295059E+001, 2.0295031E+001, 2.0755882E+001, 1.0245687E-065, 3.8641183E-002, 3.0000000E+001, 2.0295498E+001, 2.0295058E+001, 2.0755882E+001, 2.5837763E-084, 3.8641183E-002, 3.0000000E+001, 2.0295276E+001, 2.0295162E+001, 2.0755882E+001, 5.9545696E-092, 3.8641183E-002, 3.0000000E+001
 1.8013077E+001, 2.3415964E+001, 2.0459607E+001, 2.0754789E+001, 6.6579443E-006, 3.9206610E-002, 3.0000000E+001, 2.0328871E+001, 2.0329730E+001, 2.0755882E+001, 5.5028931E-025, 3.8641183E-002, 3.0000000E+001, 2.0328903E+001, 2.0329504E+001, 2.0755882E+001, 9.6541783E-049, 3.8641183E-002, 3.0000000E+001, 2.0328948E+001, 2.0328970E+001, 2.0755882E+001, 4.6050314E-062, 3.8641183E-002, 3.0000000E+001, 2.0329427E+001, 2.0328990E+001, 2.0755882E+001, 4.9905455E-080, 3.8641183E-002, 3.0000000E+001, 2.0329142E+001, 2.0329104E+001, 2.0755882E+001, 1.4473675E-087, 3.8641183E-002, 3.0000000E+001
 1.9029887E+001, 2.3280269E+001, 2.0504180E+001, 2.0754809E+001, 6.5333869E-006, 3.9196032E-002, 3.0000000E+001, 2.0364156E+001, 2.0365065E+001, 2.0755882E+001, 3.0213746E-023, 3.8641183E-002, 3.0000000E+001, 2.0364144E+001, 2.0364814E+001, 2.0755882E+001, 2.1848131E-046, 3.8641183E-002, 3.0000000E+001, 2.0364190E+001, 2.0364265E+001, 2.0755882E+001, 6.8258855E-059, 3.8641183E-002, 3.0000000E+001, 2.0364710E+001, 2.0364282E+001, 2.0755882E+001, 4.3824077E-076, 3.8641183E-002, 3.0000000E+001, 2.0364350E+001, 2.0364404E+001, 2.0755882E+001, 1.8533437E-083, 3.8641183E-002, 3.0000000E+001
 2.0046697E+001, 2.2882003E+001, 2.0551796E+001, 2.0754670E+001, 7.3810575E-006, 3.9268020E-002, 3.0000000E+001, 2.0402596E+001, 2.0403553E+001, 2.0755882E+001, 6.3480950E-022, 3.8641183E-002, 3.0000000E+001, 2.0402525E+001, 2.0403277E+001, 2.0755882E+001, 1.7505243E-044, 3.8641183E-002, 3.0000000E+001, 2.0402576E+001, 2.0402713E+001, 2.0755882E+001, 2.5984207E-056, 3.8641183E-002, 3.0000000E+001, 2.0403140E+001, 2.0402729E+001, 2.0755882E+001, 8.4407274E-073, 3.8641183E-002, 3.0000000E+001, 2.0402693E+001, 2.0402855E+001, 2.0755882E+001, 4.4602553E-080, 3.8641183E-002, 3.0000000E+001
 2.1063508E+001, 2.2991803E+001, 2.0600396E+001, 2.0753940E+001, 1.1831575E-005, 3.9645982E-002, 3.0000000E+001, 2.0443131E+001, 2.0444133E+001, 2.0755882E+001, 2.8797697E-021, 3.8641183E-002, 3.0000000E+001, 2.0442983E+001, 2.0443832E+001, 2.0755882E+001, 6.6275363E-043, 3.8641183E-002, 3.0000000E+001, 2.0443048E+001, 2.0443249E+001, 2.0755882E+001, 3.6401245E-054, 3.8641183E-002, 3.0000000E+001, 2.0443656E+001, 2.0443269E+001, 2.0755882E+001, 4.1930017E-070, 3.8641183E-002, 3.0000000E+001, 2.0443109E+001, 2.0443395E+001, 2.0755882E+001, 3.9841218E-077, 3.8641183E-002, 3.0000000E+001
 2.2080318E+001, 2.3215364E+001, 2.0648949E+001, 2.0752421E+001, 2.1080555E-005, 4.0431453E-002, 3.0000000E+001, 2.0485419E+001, 2.0486467E+001, 2.0755882E+001, 1.1238194E-020, 3.8641183E-002, 3.0000000E+001, 2.0485172E+001, 2.0486134E+001, 2.0755882E+001, 1.6171531E-041, 3.8641183E-002, 3.0000000E+001, 2.0485263E+001, 2.0485530E+001, 2.0755882E+001, 2.8728349E-052, 3.8641183E-002, 3.0000000E+001, 2.0485912E+001, 2.0485558E+001, 2.0755882E+001, 7.0756363E-068, 3.8641183E-002, 3.0000000E+001, 2.0485255E+001, 2.0485680E+001, 2.0755882E+001, 1.4601659E-074, 3.8641183E-002, 3.0000000E+001
 2.3056338E+001, 2.3465395E+001, 2.0695799E+001, 2.0750613E+001, 3.2089980E-005, 4.1366430E-002, 3.0000000E+001, 2.0528911E+001, 2.0530005E+001, 2.0755882E+001, 4.9946602E-020, 3.8641183E-002, 3.0000000E+001, 2.0528541E+001, 2.0529629E+001, 2.0755882E+001, 2.7587108E-040, 3.8641183E-002, 3.0000000E+001, 2.0528664E+001, 2.0529003E+001, 2.0755882E+001, 1.3931785E-050, 3.8641183E-002, 3.0000000E+001, 2.0529356E+001, 2.0529043E+001, 2.0755882E+001, 5.5732588E-066, 3.8641183E-002, 3.0000000E+001, 2.0528581E+001, 2.0529156E+001, 2.0755882E+001, 2.0264063E-072, 3.8641183E-002, 3.0000000E+001
 2.4032358E+001, 2.3931898E+001, 2.0742182E+001, 2.0748093E+001, 4.7440022E-005, 4.2670036E-002, 3.0000000E+001, 2.0573565E+001, 2.0574706E+001, 2.0755882E+001, 2.3571689E-019, 3.8641183E-002, 3.0000000E+001, 2.0573040E+001, 2.0574271E+001, 2.0755882E+001, 3.7221660E-039, 3.8641183E-002, 3.0000000E+001, 2.0573204E+001, 2.0573620E+001, 2.0755882E+001, 5.5441694E-049, 3.8641183E-002, 3.0000000E+001, 2.0573939E+001, 2.0573676E+001, 2.0755882E+001, 3.2193219E-064, 3.8641183E-002, 3.0000000E+001, 2.0573039E+001, 2.0573775E+001, 2.0755882E+001, 1.5805403E-070, 3.8641183E-002, 3.0000000E+001
 2.5008378E+001, 2.4573794E+001, 2.0789533E+001, 2.0742490E+001, 8.1562373E-005, 4.5567883E-002, 3.0000000E+001, 2.0619099E+001, 2.0620306E+001, 2.0755882E+001, 4.0101147E-018, 3.8641183E-002, 3.0000000E+001, 2.0618397E+001, 2.0619792E+001, 2.0755882E+001, 3.8331290E-038, 3.8641183E-002, 3.0000000E+001, 2.0618617E+001, 2.0619112E+001, 2.0755882E+001, 1.6247626E-047, 3.8641183E-002, 3.0000000E+001, 2.0619393E+001, 2.0619189E+001, 2.0755882E+001, 1.2060433E-062, 3.8641183E-002, 3.0000000E+001, 2.0618360E+001, 2.0619271E+001, 2.0755882E+001, 9.1135142E-069, 3.8641183E-002, 3.0000000E+001
 2.6059476E+001, 2.6341934E+001, 2.0839586E+001, 2.0720918E+001, 2.1293884E-004, 5.6725054E-002, 2.8692260E+001, 2.0667433E+001, 2.0668777E+001, 2.0755882E+001, 2.4872807E-016, 3.8641183E-002, 3.0000000E+001, 2.0666558E+001, 2.0668145E+001, 2.0755882E+001, 3.6696375E-037, 3.8641183E-002, 3.0000000E+001, 2.0666847E+001, 2.0667434E+001, 2.0755882E+001, 4.2203242E-046, 3.8641183E-002, 3.0000000E+001, 2.0667667E+001, 2.0667536E+001, 2.0755882E+001, 2.9569504E-061, 3.8641183E-002, 3.0000000E+001, 2.0666488E+001, 2.0667593E+001, 2.0755882E+001, 6.1040407E-067, 3.8641183E-002, 3.0000000E+001
 2.7035496E+001, 2.7721334E+001, 2.0884516E+001, 2.0678086E+001, 4.7379163E-004, 7.8878026E-002, 1.6080112E+001, 2.0717335E+001, 2.0719034E+001, 2.0755882E+001, 9.6664535E-015, 3.8641183E-002, 3.0000000E+001, 2.0716434E+001, 2.0718235E+001, 2.0755882E+001, 3.0151724E-036, 3.8641183E-002, 3.0000000E+001, 2.0716805E+001, 2.0717490E+001, 2.0755882E+001, 8.4975708E-045, 3.8641183E-002, 3.0000000E+001, 2.0717668E+001, 2.0717622E+001, 2.0755882E+001, 4.5699681E-060, 3.8641183E-002, 3.0000000E+001, 2.0716338E+001, 2.0717650E+001, 2.0755882E+001, 3.2136453E-065, 3.8641183E-002, 3.0000000E+001
 2.8011516E+001, 2.8033656E+001, 2.0938347E+001, 2.0658001E+001, 5.9611265E-004, 8.9266161E-002, 1.2503506E+001, 2.0767203E+001, 2.0770316E+001, 2.0755882E+001, 1.3406388E-013, 3.8641183E-002, 3.0000000E+001, 2.0767279E+001, 2.0769311E+001, 2.0755882E+001, 2.1409259E-035, 3.8641183E-002, 3.0000000E+001, 2.0767744E+001, 2.0768531E+001, 2.0755882E+001, 1.5107801E-043, 3.8641183E-002, 3.0000000E+001, 2.0768648E+001, 2.0768696E+001, 2.0755882E+001, 6.3326459E-059, 3.8641183E-002, 3.0000000E+001, 2.0767172E+001, 2.0768689E+001, 2.0755882E+001, 1.1909876E-063, 3.8641183E-002, 3.0000000E+001
 2.9062614E+001, 2.8195321E+001, 2.2164548E+001, 2.0659432E+001, 5.8739493E-004, 8.8525807E-002, 1.2685759E+001, 2.0815986E+001, 2.0824571E+001, 2.0755882E+001, 1.1718793E-012, 3.8641183E-002, 3.0000000E+001, 2.0821010E+001, 2.0823310E+001, 2.0755882E+001, 1.5270356E-034, 3.8641183E-002, 3.0000000E+001, 2.0821589E+001, 2.0822489E+001, 2.0755882E+001, 2.5643380E-042, 3.8641183E-002, 3.0000000E+001, 2.0822536E+001, 2.0822694E+001, 2.0755882E+001, 9.8014184E-058, 3.8641183E-002, 3.0000000E+001, 2.0820910E+001, 2.0822645E+001, 2.0755882E+001, 4.5018355E-062, 3.8641183E-002, 3.0000000E+001
 3.0038634E+001, 2.9534256E+001, 2.3868449E+001, 2.0644200E+001, 6.8016577E-004, 9.6404388E-002, 1.1009269E+001, 2.0865420E+001, 2.0880203E+001, 2.0755882E+001, 7.8642473E-012, 3.8641183E-002, 3.0000000E+001, 2.0876062E+001, 2.0878657E+001, 2.0755882E+001, 9.9965590E-034, 3.8641183E-002, 3.0000000E+001, 2.0876772E+001, 2.0877794E+001, 2.0755882E+001, 4.4084575E-041, 3.8641183E-002, 3.0000000E+001, 2.0877761E+001, 2.0878042E+001, 2.0755882E+001, 1.3448388E-056, 3.8641183E-002, 3.0000000E+001, 2.0875990E+001, 2.0877946E+001, 2.0755882E+001, 1.3536424E-060, 3.8641183E-002, 3.0000000E+001
 3.1014654E+001, 3.0881501E+001, 2.4417792E+001, 2.0612747E+001, 8.7171524E-004, 1.1267176E-001, 8.6191453E+000, 2.1317580E+001, 2.0935086E+001, 2.0755882E+001, 5.2745830E-010, 3.8641228E-002, 3.0000000E+001, 2.0930361E+001, 2.0933270E+001, 2.0755882E+001, 6.3351687E-033, 3.8641183E-002, 3.0000000E+001, 2.0931214E+001, 2.0932362E+001, 2.0755882E+001, 5.3588336E-039, 3.8641183E-002, 3.0000000E+001, 2.0932244E+001, 2.0932656E+001, 2.0755882E+001, 1.6116328E-055, 3.8641183E-002, 3.0000000E+001, 2.0930345E+001, 2.0932508E+001, 2.0755882E+001, 3.2820836E-059, 3.8641183E-002, 3.0000000E+001
 3.2053996E+001, 3.2525410E+001, 2.5072563E+001, 2.0586764E+001, 1.0299558E-003, 1.2611037E-001, 7.2988165E+000, 2.3020511E+001, 2.0997153E+001, 2.0755858E+001, 1.4638782E-007, 3.8653615E-002, 3.0000000E+001, 2.0991857E+001, 2.0995124E+001, 2.0755882E+001, 4.3929684E-031, 3.8641183E-002, 3.0000000E+001, 2.0992884E+001, 2.0994168E+001, 2.0755882E+001, 8.3999004E-036, 3.8641183E-002, 3.0000000E+001, 2.0993953E+001, 2.0994514E+001, 2.0755882E+001, 2.0272077E-054, 3.8641183E-002, 3.0000000E+001, 2.0991940E+001, 2.0994305E+001, 2.0755882E+001, 8.6590145E-058, 3.8641183E-002, 3.0000000E+001
 3.3061763E+001, 3.3824008E+001, 2.5420804E+001, 2.0561772E+001, 1.1821614E-003, 1.3903646E-001, 6.3675723E+000, 2.4368584E+001, 2.1066216E+001, 2.0755433E+001, 2.7344345E-006, 3.8873405E-002, 3.0000000E+001, 2.1060406E+001, 2.1064074E+001, 2.0755882E+001, 3.4400824E-029, 3.8641183E-002, 3.0000000E+001, 2.1061633E+001, 2.1063068E+001, 2.0755882E+001, 2.4583904E-032, 3.8641183E-002, 3.0000000E+001, 2.1062743E+001, 2.1063473E+001, 2.0755882E+001, 2.2847117E-053, 3.8641183E-002, 3.0000000E+001, 2.1060642E+001, 2.1063195E+001, 2.0755882E+001, 7.3310803E-055, 3.8641183E-002, 3.0000000E+001
 3.4056092E+001, 3.3674115E+001, 2.4982457E+001, 2.0552635E+001, 1.2378119E-003, 1.4376259E-001, 6.0811357E+000, 2.4718576E+001, 2.1139989E+001, 2.0751201E+001, 2.8506838E-005, 4.1062131E-002, 3.0000000E+001, 2.1133714E+001, 2.1137813E+001, 2.0755882E+001, 7.2700250E-028, 3.8641183E-002, 3.0000000E+001, 2.1135161E+001, 2.1136758E+001, 2.0755882E+001, 2.7309742E-029, 3.8641183E-002, 3.0000000E+001, 2.1136315E+001, 2.1137227E+001, 2.0755882E+001, 2.1866997E-052, 3.8641183E-002, 3.0000000E+001, 2.1134153E+001, 2.1136873E+001, 2.0755882E+001, 7.3324760E-050, 3.8641183E-002, 3.0000000E+001
 3.5049884E+001, 3.3041761E+001, 2.4482650E+001, 2.0551143E+001, 1.2468960E-003, 1.4453406E-001, 6.0345323E+000, 2.4407561E+001, 2.1219200E+001, 2.0744109E+001, 7.1698731E-005, 4.4730211E-002, 3.0000000E+001, 2.1212475E+001, 2.1217041E+001, 2.0755882E+001, 6.2406543E-027, 3.8641183E-002, 3.0000000E+001, 2.1214171E+001, 2.1215936E+001, 2.0755882E+001, 3.6724129E-027, 3.8641183E-002, 3.0000000E+001, 2.1215366E+001, 2.1216474E+001, 2.0755882E+001, 3.1046080E-051, 3.8641183E-002, 3.0000000E+001, 2.1213151E+001, 2.1216039E+001, 2.0755882E+001, 6.4107687E-044, 3.8641183E-002, 3.0000000E+001
 3.6045834E+001, 3.3835402E+001, 2.4747436E+001, 2.0544472E+001, 1.2875241E-003, 1.4798441E-001, 5.8461254E+000, 2.4021751E+001, 2.1303536E+001, 2.0738133E+001, 1.0809388E-004, 4.7821076E-002, 3.0000000E+001, 2.1296326E+001, 2.1301391E+001, 2.0755882E+001, 3.3477648E-026, 3.8641183E-002, 3.0000000E+001, 2.1298287E+001, 2.1300230E+001, 2.0755882E+001, 1.1514275E-025, 3.8641183E-002, 3.0000000E+001, 2.1299523E+001, 2.1300847E+001, 2.0755882E+001, 6.1751904E-049, 3.8641183E-002, 3.0000000E+001, 2.1297249E+001, 2.1300320E+001, 2.0755882E+001, 5.1665903E-038, 3.8641183E-002, 3.0000000E+001
 3.7019652E+001, 3.9753340E+001, 2.5995065E+001, 2.0515487E+001, 1.4640479E-003, 1.6297572E-001, 5.1635211E+000, 2.3821033E+001, 2.1392768E+001, 2.0734116E+001, 1.3256009E-004, 4.9898873E-002, 3.0000000E+001, 2.1385001E+001, 2.1390585E+001, 2.0755882E+001, 1.4263408E-025, 3.8641183E-002, 3.0000000E+001, 2.1387234E+001, 2.1389366E+001, 2.0755882E+001, 1.8276200E-024, 3.8641183E-002, 3.0000000E+001, 2.1388508E+001, 2.1390066E+001, 2.0755882E+001, 3.5183515E-046, 3.8641183E-002, 3.0000000E+001, 2.1386170E+001, 2.1389440E+001, 2.0755882E+001, 1.1283900E-034, 3.8641183E-002, 3.0000000E+001
 3.8058123E+001, 3.9140506E+001, 2.7265883E+001, 2.0469492E+001, 1.7441647E-003, 1.8676470E-001, 4.3576559E+000, 2.3840113E+001, 2.1487182E+001, 2.0732786E+001, 1.4066154E-004, 5.0586891E-002, 3.0000000E+001, 2.1478763E+001, 2.1484920E+001, 2.0755882E+001, 5.1532659E-025, 3.8641183E-002, 3.0000000E+001, 2.1481308E+001, 2.1483631E+001, 2.0755882E+001, 1.2734080E-023, 3.8641183E-002, 3.0000000E+001, 2.1482607E+001, 2.1484427E+001, 2.0755882E+001, 1.6934261E-043, 3.8641183E-002, 3.0000000E+001, 2.1480201E+001, 2.1483688E+001, 2.0755882E+001, 1.9788339E-031, 3.8641183E-002, 3.0000000E+001
 3.9017878E+001, 3.8354043E+001, 2.7671339E+001, 2.0429842E+001, 1.9856384E-003, 2.0727190E-001, 3.8321244E+000, 2.4122267E+001, 2.1587525E+001, 2.0732568E+001, 1.4198783E-004, 5.0699525E-002, 3.0000000E+001, 2.1578411E+001, 2.1585158E+001, 2.0755882E+001, 1.5663062E-024, 3.8641183E-002, 3.0000000E+001, 2.1581275E+001, 2.1583795E+001, 2.0755882E+001, 3.6790996E-023, 3.8641183E-002, 3.0000000E+001, 2.1582599E+001, 2.1584693E+001, 2.0755882E+001, 1.1427533E-041, 3.8641183E-002, 3.0000000E+001, 2.1580121E+001, 2.1583828E+001, 2.0755882E+001, 4.0727236E-029, 3.8641183E-002, 3.0000000E+001
 4.0048144E+001, 4.5198618E+001, 2.8012703E+001, 2.0430246E+001, 1.9831794E-003, 2.0706307E-001, 3.8329899E+000, 2.4606984E+001, 2.1691349E+001, 2.0733068E+001, 1.3894347E-004, 5.0440983E-002, 3.0000000E+001, 2.1681516E+001, 2.1688890E+001, 2.0755882E+001, 4.3636331E-024, 3.8641183E-002, 3.0000000E+001, 2.1684716E+001, 2.1687442E+001, 2.0755882E+001, 9.4439173E-023, 3.8641183E-002, 3.0000000E+001, 2.1686063E+001, 2.1688453E+001, 2.0755882E+001, 1.6353550E-039, 3.8641183E-002, 3.0000000E+001, 2.1683511E+001, 2.1687446E+001, 2.0755882E+001, 1.9622060E-027, 3.8641183E-002, 3.0000000E+001
 4.1034267E+001, 4.2603768E+001, 2.9164782E+001, 2.0430258E+001, 1.9831062E-003, 2.0705685E-001, 3.8299550E+000, 2.4850173E+001, 2.1801953E+001, 2.0734157E+001, 1.3230934E-004, 4.9877578E-002, 3.0000000E+001, 2.1791360E+001, 2.1799401E+001, 2.0755882E+001, 1.1971892E-023, 3.8641183E-002, 3.0000000E+001, 2.1794916E+001, 2.1797854E+001, 2.0755882E+001, 2.6434984E-022, 3.8641183E-002, 3.0000000E+001, 2.1796274E+001, 2.1798989E+001, 2.0755882E+001, 4.0077939E-037, 3.8641183E-002, 3.0000000E+001, 2.1793649E+001, 2.1797825E+001, 2.0755882E+001, 3.0868732E-026, 3.8641183E-002, 3.0000000E+001
 4.2020391E+001, 4.1850914E+001, 3.0488641E+001, 2.0429125E+001, 1.9900026E-003, 2.0764253E-001, 3.8136829E+000, 2.5103521E+001, 2.1915277E+001, 2.0734153E+001, 1.3233513E-004, 4.9879768E-002, 3.0000000E+001, 2.1903879E+001, 2.1912584E+001, 2.0755882E+001, 3.1345744E-023, 3.8641183E-002, 3.0000000E+001, 2.1907772E+001, 2.1910922E+001, 2.0755882E+001, 6.5216027E-022, 3.8641183E-002, 3.0000000E+001, 2.1909130E+001, 2.1912190E+001, 2.0755882E+001, 2.1772436E-035, 3.8641183E-002, 3.0000000E+001, 2.1906435E+001, 2.1910858E+001, 2.0755882E+001, 3.3751469E-025, 3.8641183E-002, 3.0000000E+001
 4.3006514E+001, 4.5092512E+001, 3.2244358E+001, 2.0408048E+001, 2.1183657E-003, 2.1854379E-001, 3.5910309E+000, 2.5546528E+001, 2.2031588E+001, 2.0732759E+001, 1.4082433E-004, 5.0600715E-002, 3.0000000E+001, 2.2019392E+001, 2.2028760E+001, 2.0755882E+001, 7.5299529E-023, 3.8641183E-002, 3.0000000E+001, 2.2023594E+001, 2.2026964E+001, 2.0755882E+001, 1.3765126E-021, 3.8641183E-002, 3.0000000E+001, 2.2024950E+001, 2.2028378E+001, 2.0755882E+001, 4.3500770E-034, 3.8641183E-002, 3.0000000E+001, 2.2022181E+001, 2.2026863E+001, 2.0755882E+001, 2.0690755E-024, 3.8641183E-002, 3.0000000E+001
 4.4019782E+001, 4.6738968E+001, 3.3978769E+001, 2.0346465E+001, 2.4934155E-003, 2.5039496E-001, 3.0755342E+000, 2.5995760E+001, 2.2155628E+001, 2.0730071E+001, 1.5719635E-004, 5.1991112E-002, 3.0000000E+001, 2.2142687E+001, 2.2152705E+001, 2.0755882E+001, 1.7652579E-022, 3.8641183E-002, 3.0000000E+001, 2.2147142E+001, 2.2150746E+001, 2.0755882E+001, 2.6440730E-021, 3.8641183E-002, 3.0000000E+001, 2.2148508E+001, 2.2152325E+001, 2.0755882E+001, 7.1000849E-033, 3.8641183E-002, 3.0000000E+001, 2.2145654E+001, 2.2150607E+001, 2.0755882E+001, 7.0579967E-024, 3.8641183E-002, 3.0000000E+001
 4.5043079E+001, 4.7341963E+001, 3.4759534E+001, 2.0328319E+001, 2.6039334E-003, 2.5978072E-001, 2.9480070E+000, 2.8236789E+001, 2.2286028E+001, 2.0723928E+001, 1.9460413E-004, 5.5167975E-002, 3.0000000E+001, 2.2272287E+001, 2.2283098E+001, 2.0755882E+001, 3.6178821E-022, 3.8641183E-002, 3.0000000E+001, 2.2277064E+001, 2.2280937E+001, 2.0755882E+001, 3.7860914E-021, 3.8641183E-002, 3.0000000E+001, 2.2278480E+001, 2.2282704E+001, 2.0755882E+001, 1.8242475E-031, 3.8641183E-002, 3.0000000E+001, 2.2275524E+001, 2.2280762E+001, 2.0755882E+001, 2.0639704E-023, 3.8641183E-002, 3.0000000E+001
 4.6009214E+001, 4.9583785E+001, 3.5109796E+001, 2.0370527E+001, 2.3468761E-003, 2.3795008E-001, 3.2447247E+000, 2.9616771E+001, 2.2419735E+001, 2.0706020E+001, 3.0367022E-004, 6.4430433E-002, 2.4410532E+001, 2.2404874E+001, 2.2416946E+001, 2.0755882E+001, 7.3743027E-022, 3.8641183E-002, 3.0000000E+001, 2.2410378E+001, 2.2414552E+001, 2.0755882E+001, 7.0629175E-021, 3.8641183E-002, 3.0000000E+001, 2.2411886E+001, 2.2416520E+001, 2.0755882E+001, 3.4916558E-030, 3.8641183E-002, 3.0000000E+001, 2.2408817E+001, 2.2414346E+001, 2.0755882E+001, 5.8095132E-023, 3.8641183E-002, 3.0000000E+001
 4.7004972E+001, 5.3703255E+001, 3.5219812E+001, 2.0346597E+001, 2.4926134E-003, 2.5032684E-001, 3.0614553E+000, 2.9076425E+001, 2.2553621E+001, 2.0685718E+001, 4.2731363E-004, 7.4930873E-002, 1.7178394E+001, 2.2536837E+001, 2.2550967E+001, 2.0755882E+001, 2.3823716E-021, 3.8641183E-002, 3.0000000E+001, 2.2543771E+001, 2.2548306E+001, 2.0755882E+001, 6.2923598E-020, 3.8641183E-002, 3.0000000E+001, 2.2545430E+001, 2.2550484E+001, 2.0755882E+001, 4.8510775E-029, 3.8641183E-002, 3.0000000E+001, 2.2542228E+001, 2.2548071E+001, 2.0755882E+001, 1.5545137E-022, 3.8641183E-002, 3.0000000E+001
 4.8012722E+001, 5.1565689E+001, 3.6047747E+001, 2.0323311E+001, 2.6344283E-003, 2.6237050E-001, 2.8979013E+000, 3.0929702E+001, 2.2693691E+001, 2.0669427E+001, 5.2652743E-004, 8.3356623E-002, 1.3912764E+001, 2.2672977E+001, 2.2691039E+001, 2.0755882E+001, 2.2700607E-020, 3.8641183E-002, 3.0000000E+001, 2.2683115E+001, 2.2688060E+001, 2.0755882E+001, 5.2253033E-018, 3.8641183E-002, 3.0000000E+001, 2.2684977E+001, 2.2690472E+001, 2.0755882E+001, 7.2545767E-028, 3.8641183E-002, 3.0000000E+001, 2.2681598E+001, 2.2687806E+001, 2.0755882E+001, 3.9631917E-022, 3.8641183E-002, 3.0000000E+001
 4.9007053E+001, 5.0930496E+001, 3.6571242E+001, 2.0305235E+001, 2.7445139E-003, 2.7171954E-001, 2.7841802E+000, 3.2013848E+001, 2.2837764E+001, 2.0655588E+001, 6.1080809E-004, 9.0514174E-002, 1.1972976E+001, 2.2805475E+001, 2.2834862E+001, 2.0755882E+001, 2.1081541E-017, 3.8641183E-002, 3.0000000E+001, 2.2826064E+001, 2.2831516E+001, 2.0755882E+001, 5.5592339E-016, 3.8641183E-002, 3.0000000E+001, 2.2828231E+001, 2.2834183E+001, 2.0755882E+001, 9.5573639E-027, 3.8641183E-002, 3.0000000E+001, 2.2824629E+001, 2.2831254E+001, 2.0755882E+001, 9.5904829E-022, 3.8641183E-002, 3.0000000E+001
 5.0045544E+001, 5.8351968E+001, 3.7840001E+001, 2.0264067E+001, 2.9952383E-003, 2.9301236E-001, 2.5629974E+000, 3.0095323E+001, 2.2987849E+001, 2.0661577E+001, 5.7433684E-004, 8.7416846E-002, 1.2728495E+001, 2.2920378E+001, 2.2984543E+001, 2.0755882E+001, 3.3209672E-014, 3.8641183E-002, 3.0000000E+001, 2.2974595E+001, 2.2980782E+001, 2.0755882E+001, 2.8918363E-014, 3.8641183E-002, 3.0000000E+001, 2.2977284E+001, 2.2983725E+001, 2.0755882E+001, 9.4249390E-026, 3.8641183E-002, 3.0000000E+001, 2.2973351E+001, 2.2980517E+001, 2.0755882E+001, 2.6873295E-021, 3.8641183E-002, 3.0000000E+001
 5.1048869E+001, 5.6023350E+001, 3.7931141E+001, 2.0214906E+001, 3.2946316E-003, 3.1843838E-001, 2.3389682E+000, 3.2327136E+001, 2.3141819E+001, 2.0662842E+001, 5.6662968E-004, 8.6762315E-002, 1.2890773E+001, 2.3066305E+001, 2.3138176E+001, 2.0755882E+001, 1.9038127E-011, 3.8641184E-002, 3.0000000E+001, 2.3126390E+001, 2.3133965E+001, 2.0755882E+001, 5.5449842E-013, 3.8641183E-002, 3.0000000E+001, 2.3130246E+001, 2.3137206E+001, 2.0755882E+001, 7.1030678E-025, 3.8641183E-002, 3.0000000E+001, 2.3125194E+001, 2.3133700E+001, 2.0755882E+001, 1.9503212E-020, 3.8641183E-002, 3.0000000E+001
 5.2002028E+001, 5.9862851E+001, 3.3305829E+001, 2.0176795E+001, 3.5267344E-003, 3.3814976E-001, 2.1952295E+000, 3.4146097E+001, 2.3294562E+001, 2.0607551E+001, 9.0335977E-004, 1.1535918E-001, 8.3322523E+000, 2.3724456E+001, 2.3290887E+001, 2.0755882E+001, 3.5067715E-009, 3.8641481E-002, 3.0000000E+001, 2.3273855E+001, 2.3286224E+001, 2.0755882E+001, 4.1238902E-012, 3.8641183E-002, 3.0000000E+001, 2.3282291E+001, 2.3289782E+001, 2.0755882E+001, 4.6602290E-024, 3.8641183E-002, 3.0000000E+001, 2.3274462E+001, 2.3285967E+001, 2.0755882E+001, 4.2382933E-019, 3.8641183E-002, 3.0000000E+001
 5.3041111E+001, 6.1935855E+001, 3.4390430E+001, 2.0032287E+001, 4.4068140E-003, 4.1289068E-001, 1.7910100E+000, 3.7376859E+001, 2.3451322E+001, 2.0562610E+001, 1.1770579E-003, 1.3860305E-001, 6.2442205E+000, 2.4589310E+001, 2.3447673E+001, 2.0755862E+001, 1.2115049E-007, 3.8651472E-002, 3.0000000E+001, 2.3412581E+001, 2.3442537E+001, 2.0755882E+001, 1.6567404E-011, 3.8641184E-002, 3.0000000E+001, 2.3438369E+001, 2.3446467E+001, 2.0755882E+001, 3.7906680E-023, 3.8641183E-002, 3.0000000E+001, 2.3424905E+001, 2.3442301E+001, 2.0755882E+001, 1.1082186E-017, 3.8641183E-002, 3.0000000E+001
 5.4018624E+001, 6.3003715E+001, 4.1446730E+001, 1.9935745E+001, 4.9947730E-003, 4.6282321E-001, 1.5868606E+000, 3.7659651E+001, 2.3615278E+001, 2.0577966E+001, 1.0835405E-003, 1.3066106E-001, 6.7567121E+000, 2.4860933E+001, 2.3611458E+001, 2.0755794E+001, 5.3481725E-007, 3.8686602E-002, 3.0000000E+001, 2.3550485E+001, 2.3605846E+001, 2.0755882E+001, 5.0871284E-011, 3.8641187E-002, 3.0000000E+001, 2.3601372E+001, 2.3610209E+001, 2.0755882E+001, 2.4842878E-022, 3.8641183E-002, 3.0000000E+001, 2.3577144E+001, 2.3605638E+001, 2.0755882E+001, 1.2993634E-016, 3.8641183E-002, 3.0000000E+001
 5.5042685E+001, 6.3293633E+001, 4.4357658E+001, 1.9950664E+001, 4.9039091E-003, 4.5510658E-001, 1.6079796E+000, 3.8940971E+001, 2.3782635E+001, 2.0573563E+001, 1.1103555E-003, 1.3293833E-001, 6.5877749E+000, 2.4730023E+001, 2.3777848E+001, 2.0755705E+001, 1.0798227E-006, 3.8732887E-002, 3.0000000E+001, 2.3748776E+001, 2.3771242E+001, 2.0755882E+001, 2.2618011E-010, 3.8641202E-002, 3.0000000E+001, 2.3766814E+001, 2.3776636E+001, 2.0755882E+001, 1.5433550E-021, 3.8641183E-002, 3.0000000E+001, 2.3717375E+001, 2.3771603E+001, 2.0755882E+001, 9.5625203E-016, 3.8641183E-002, 3.0000000E+001
 5.6020197E+001, 6.7270799E+001, 4.3916942E+001, 1.9976121E+001, 4.7488771E-003, 4.4194046E-001, 1.6536828E+000, 3.9535875E+001, 2.3955798E+001, 2.0570562E+001, 1.1286295E-003, 1.3449025E-001, 6.4740554E+000, 2.4596060E+001, 2.3945639E+001, 2.0755648E+001, 1.4282656E-006, 3.8762479E-002, 3.0000000E+001, 2.4027977E+001, 2.3935512E+001, 2.0755882E+001, 1.2304236E-009, 3.8641287E-002, 3.0000000E+001, 2.3933253E+001, 2.3944530E+001, 2.0755882E+001, 5.3983398E-021, 3.8641183E-002, 3.0000000E+001, 2.3822875E+001, 2.3938728E+001, 2.0755882E+001, 4.3417045E-014, 3.8641183E-002, 3.0000000E+001
 5.7040534E+001, 7.2079400E+001, 4.1861467E+001, 1.9857955E+001, 5.4685251E-003, 5.0305670E-001, 1.4503257E+000, 4.1394623E+001, 2.4148545E+001, 2.0581435E+001, 1.0624122E-003, 1.2886673E-001, 6.8580832E+000, 2.4684621E+001, 2.4118834E+001, 2.0755639E+001, 1.4817875E-006, 3.8767024E-002, 3.0000000E+001, 2.4296621E+001, 2.4101157E+001, 2.0755881E+001, 6.3904106E-009, 3.8641726E-002, 3.0000000E+001, 2.4104269E+001, 2.4117916E+001, 2.0755882E+001, 2.1241792E-020, 3.8641183E-002, 3.0000000E+001, 2.3925589E+001, 2.4108959E+001, 2.0755882E+001, 2.0058779E-011, 3.8641185E-002, 3.0000000E+001
 5.8020255E+001, 6.9159906E+001, 4.5343630E+001, 1.9877644E+001, 5.3486184E-003, 4.9287360E-001, 1.4740600E+000, 4.0271588E+001, 2.4400037E+001, 2.0537881E+001, 1.3276633E-003, 1.5139323E-001, 5.5432331E+000, 2.5116225E+001, 2.4290449E+001, 2.0755642E+001, 1.4613378E-006, 3.8765287E-002, 3.0000000E+001, 2.4523712E+001, 2.4259921E+001, 2.0755879E+001, 2.2211175E-008, 3.8643069E-002, 3.0000000E+001, 2.4270674E+001, 2.4289825E+001, 2.0755882E+001, 1.2256446E-019, 3.8641183E-002, 3.0000000E+001, 2.4592200E+001, 2.4273199E+001, 2.0755881E+001, 8.8943877E-009, 3.8641938E-002, 3.0000000E+001
 5.9032656E+001, 7.3096876E+001, 4.9551931E+001, 1.9877374E+001, 5.3502586E-003, 4.9301289E-001, 1.4700878E+000, 3.9439471E+001, 2.4711431E+001, 2.0472562E+001, 1.7254675E-003, 1.8517684E-001, 4.2740167E+000, 2.5603201E+001, 2.4466174E+001, 2.0755641E+001, 1.4673515E-006, 3.8765798E-002, 3.0000000E+001, 2.4746397E+001, 2.4416472E+001, 2.0755874E+001, 4.7120318E-008, 3.8645184E-002, 3.0000000E+001, 2.4426187E+001, 2.4466032E+001, 2.0755882E+001, 2.0358002E-017, 3.8641183E-002, 3.0000000E+001, 2.6481089E+001, 2.4435208E+001, 2.0755808E+001, 4.4971557E-007, 3.8679375E-002, 3.0000000E+001
 6.0001761E+001, 8.0358722E+001, 4.7060269E+001, 1.9813058E+001, 5.7419573E-003, 5.2627798E-001, 1.3804753E+000, 3.9722357E+001, 2.5025342E+001, 2.0454441E+001, 1.8358290E-003, 1.9454931E-001, 4.0078395E+000, 2.5742488E+001, 2.4642408E+001, 2.0755643E+001, 1.4585704E-006, 3.8765052E-002, 3.0000000E+001, 2.4939293E+001, 2.4569053E+001, 2.0755869E+001, 7.8148104E-008, 3.8647820E-002, 3.0000000E+001, 2.4532028E+001, 2.4643012E+001, 2.0755882E+001, 1.6189943E-014, 3.8641183E-002, 3.0000000E+001, 2.7661753E+001, 2.4590402E+001, 2.0755408E+001, 2.8872408E-006, 3.8886382E-002, 3.0000000E+001
 6.1031117E+001, 8.0227525E+001, 4.7759149E+001, 1.9795606E+001, 5.8482418E-003, 5.3530422E-001, 1.3595655E+000, 4.0476544E+001, 2.5330930E+001, 2.0494215E+001, 1.5935956E-003, 1.7397759E-001, 4.5863773E+000, 2.5790043E+001, 2.4826437E+001, 2.0755656E+001, 1.3805103E-006, 3.8758423E-002, 3.0000000E+001, 2.5125536E+001, 2.4724516E+001, 2.0755863E+001, 1.1442051E-007, 3.8650900E-002, 3.0000000E+001, 2.4602773E+001, 2.4828008E+001, 2.0755882E+001, 1.1680402E-011, 3.8641184E-002, 3.0000000E+001, 2.7132580E+001, 2.4747836E+001, 2.0754395E+001, 9.0599173E-006, 3.9410598E-002, 3.0000000E+001
 6.2039565E+001, 8.6913098E+001, 4.9652835E+001, 1.9720588E+001, 6.3051130E-003, 5.7410409E-001, 1.2765774E+000, 4.2387566E+001, 2.5567167E+001, 2.0479303E+001, 1.6844116E-003, 1.8169015E-001, 4.3423771E+000, 2.5929878E+001, 2.5012450E+001, 2.0755680E+001, 1.2339600E-006, 3.8745977E-002, 3.0000000E+001, 2.5832489E+001, 2.4879136E+001, 2.0755854E+001, 1.7498549E-007, 3.8656043E-002, 3.0000000E+001, 2.5123133E+001, 2.5019186E+001, 2.0755881E+001, 1.0051090E-008, 3.8642036E-002, 3.0000000E+001, 2.6808512E+001, 2.4903797E+001, 2.0753476E+001, 1.4655519E-005, 3.9885806E-002, 3.0000000E+001
 6.3022826E+001, 8.5869456E+001, 5.3019146E+001, 1.9614990E+001, 6.9482239E-003, 6.2872040E-001, 1.1702568E+000, 4.6003020E+001, 2.5731904E+001, 2.0364293E+001, 2.3848415E-003, 2.4117430E-001, 3.1413446E+000, 2.6142913E+001, 2.5185981E+001, 2.0755710E+001, 1.0512905E-006, 3.8730464E-002, 3.0000000E+001, 2.7786139E+001, 2.5025259E+001, 2.0755792E+001, 5.4661209E-007, 3.8687604E-002, 3.0000000E+001, 2.6648992E+001, 2.5209331E+001, 2.0755796E+001, 5.2451848E-007, 3.8685728E-002, 3.0000000E+001, 2.7820249E+001, 2.5038217E+001, 2.0751764E+001, 2.5079319E-005, 4.0771049E-002, 3.0000000E+001
 6.4027606E+001, 9.6324996E+001, 5.8635086E+001, 1.9596495E+001, 7.0608582E-003, 6.3828588E-001, 1.1455848E+000, 4.9089606E+001, 2.5864527E+001, 2.0236158E+001, 3.1652068E-003, 3.0744696E-001, 2.3563345E+000, 2.6360908E+001, 2.5348606E+001, 2.0755728E+001, 9.3781848E-007, 3.8720827E-002, 3.0000000E+001, 2.8361836E+001, 2.5163557E+001, 2.0755538E+001, 2.0937338E-006, 3.8818994E-002, 3.0000000E+001, 2.7831386E+001, 2.5402066E+001, 2.0755419E+001, 2.8194731E-006, 3.8880627E-002, 3.0000000E+001, 3.1156856E+001, 2.5119046E+001, 2.0748084E+001, 4.7489689E-005, 4.2674254E-002, 3.0000000E+001
 6.5041360E+001, 8.9210172E+001, 6.1216115E+001, 1.9505307E+001, 7.6162080E-003, 6.8544907E-001, 1.0745119E+000, 5.1309026E+001, 2.6005920E+001, 2.0231357E+001, 3.1944458E-003, 3.0993009E-001, 2.3303833E+000, 2.6627939E+001, 2.5497605E+001, 2.0755718E+001, 9.9875377E-007, 3.8726002E-002, 3.0000000E+001, 2.8019443E+001, 2.5266594E+001, 2.0755197E+001, 4.1737944E-006, 3.8995643E-002, 3.0000000E+001, 2.8156443E+001, 2.5594127E+001, 2.0754887E+001, 6.0581527E-006, 3.9155673E-002, 3.0000000E+001, 3.1043194E+001, 2.5153109E+001, 2.0741119E+001, 8.9908147E-005, 4.6276649E-002, 3.0000000E+001
 6.6039859E+001, 9.4876540E+001, 6.2805066E+001, 1.9351483E+001, 8.5530208E-003, 7.6500807E-001, 9.6601522E-001, 5.1203994E+001, 2.6148448E+001, 2.0257544E+001, 3.0349602E-003, 2.9638575E-001, 2.4416909E+000, 2.7025138E+001, 2.5610614E+001, 2.0755661E+001, 1.3494876E-006, 3.8755788E-002, 3.0000000E+001, 2.7927158E+001, 2.5349668E+001, 2.0754956E+001, 5.6430448E-006, 3.9120419E-002, 3.0000000E+001, 2.8326402E+001, 2.5776498E+001, 2.0754572E+001, 7.9767868E-006, 3.9318613E-002, 3.0000000E+001, 2.9284355E+001, 2.5237168E+001, 2.0731648E+001, 1.4759125E-004, 5.1175397E-002, 3.0000000E+001
 6.7001634E+001, 9.2698552E+001, 6.5216217E+001, 1.9283411E+001, 8.9675932E-003, 8.0021571E-001, 9.2323744E-001, 5.3573874E+001, 2.6268360E+001, 2.0228907E+001, 3.2093653E-003, 3.1119713E-001, 2.3117866E+000, 2.7568798E+001, 2.5674981E+001, 2.0755524E+001, 2.1833168E-006, 3.8826601E-002, 3.0000000E+001, 2.8198032E+001, 2.5439876E+001, 2.0754846E+001, 6.3137583E-006, 3.9177380E-002, 3.0000000E+001, 2.8390728E+001, 2.5938587E+001, 2.0754397E+001, 9.0447711E-006, 3.9409312E-002, 3.0000000E+001, 2.9549558E+001, 2.5360857E+001, 2.0724644E+001, 1.9024382E-004, 5.4797675E-002, 3.0000000E+001
 6.8016183E+001, 9.1291687E+001, 6.4825131E+001, 1.9349228E+001, 8.5667547E-003, 7.6617443E-001, 9.5661790E-001, 5.3601715E+001, 2.6371434E+001, 2.0197556E+001, 3.4002973E-003, 3.2741207E-001, 2.1825542E+000, 2.8038966E+001, 2.5758670E+001, 2.0755198E+001, 4.1649741E-006, 3.8994894E-002, 3.0000000E+001, 2.8130318E+001, 2.5562752E+001, 2.0754754E+001, 6.8735211E-006, 3.9224918E-002, 3.0000000E+001, 2.8004861E+001, 2.6095824E+001, 2.0754187E+001, 1.0323699E-005, 3.9517925E-002, 3.0000000E+001, 2.9811319E+001, 2.5505441E+001, 2.0719715E+001, 2.2026527E-004, 5.7347252E-002, 2.9995483E+001
 6.9010552E+001, 9.9192978E+001, 6.0471950E+001, 1.9270159E+001, 9.0482969E-003, 8.0706949E-001, 9.1234074E-001, 5.6059171E+001, 2.6551837E+001, 2.0147286E+001, 3.7064520E-003, 3.5341231E-001, 2.0077752E+000, 2.8218682E+001, 2.5895557E+001, 2.0753907E+001, 1.2027725E-005, 3.9662640E-002, 3.0000000E+001, 2.8097062E+001, 2.5708047E+001, 2.0754599E+001, 7.8122858E-006, 3.9304643E-002, 3.0000000E+001, 2.7660826E+001, 2.6242403E+001, 2.0753503E+001, 1.4488704E-005, 3.9871639E-002, 3.0000000E+001, 3.0743801E+001, 2.5662702E+001, 2.0715023E+001, 2.4884018E-004, 5.9773981E-002, 2.8212055E+001
 7.0027680E+001, 9.4225509E+001, 6.5594522E+001, 1.9253035E+001, 9.1525844E-003, 8.1592612E-001, 9.0046868E-001, 5.9080415E+001, 2.6981710E+001, 2.0079375E+001, 4.1200413E-003, 3.8853646E-001, 1.8118242E+000, 2.8641055E+001, 2.6076401E+001, 2.0750913E+001, 3.0263879E-005, 4.1211348E-002, 3.0000000E+001, 2.8434599E+001, 2.5864766E+001, 2.0754044E+001, 1.1192291E-005, 3.9591690E-002, 3.0000000E+001, 2.7881086E+001, 2.6379131E+001, 2.0752446E+001, 2.0925172E-005, 4.0418257E-002, 3.0000000E+001, 3.1492868E+001, 2.5832345E+001, 2.0710673E+001, 2.7533010E-004, 6.2023643E-002, 2.5472358E+001
 7.1000067E+001, 9.6784887E+001, 6.8785525E+001, 1.9283645E+001, 8.9661651E-003, 8.0009443E-001, 9.0930555E-001, 6.4364666E+001, 2.7670014E+001, 1.9911786E+001, 5.1406868E-003, 4.7521497E-001, 1.4792936E+000, 2.9769123E+001, 2.6335876E+001, 2.0747458E+001, 5.1303710E-005, 4.2998160E-002, 3.0000000E+001, 2.9386718E+001, 2.6034071E+001, 2.0750733E+001, 3.1362186E-005, 4.1304622E-002, 3.0000000E+001, 2.9544253E+001, 2.6503889E+001, 2.0751396E+001, 2.7320420E-005, 4.0961375E-002, 3.0000000E+001, 3.0562091E+001, 2.6016126E+001, 2.0704207E+001, 3.1471179E-004, 6.5368140E-002, 2.2259734E+001
 7.2023708E+001, 1.0255554E+002, 6.8660361E+001, 1.9232619E+001, 9.2769249E-003, 8.2648577E-001, 8.7973820E-001, 6.4797717E+001, 2.7982468E+001, 1.9802095E+001, 5.8087224E-003, 5.3194802E-001, 1.3121989E+000, 3.0291274E+001, 2.6653620E+001, 2.0741638E+001, 8.6751403E-005, 4.6008562E-002, 3.0000000E+001, 3.0533264E+001, 2.6219890E+001, 2.0740944E+001, 9.0978912E-005, 4.6367584E-002, 3.0000000E+001, 3.0278654E+001, 2.6595094E+001, 2.0750787E+001, 3.1030212E-005, 4.1276429E-002, 3.0000000E+001, 3.0690385E+001, 2.6216793E+001, 2.0697866E+001, 3.5332580E-004, 6.8647442E-002, 1.9781243E+001
 7.3017093E+001, 9.8069412E+001, 6.8943093E+001, 1.9124619E+001, 9.9346628E-003, 8.8234428E-001, 8.2977995E-001, 6.7214141E+001, 2.8059108E+001, 1.9846957E+001, 5.5355027E-003, 5.0874479E-001, 1.3681020E+000, 3.0751977E+001, 2.7013507E+001, 2.0721677E+001, 2.0831461E-004, 5.6332340E-002, 2.8945551E+001, 3.1263326E+001, 2.6427080E+001, 2.0720490E+001, 2.1554307E-004, 5.6946219E-002, 2.8582114E+001, 2.9747618E+001, 2.6703773E+001, 2.0750641E+001, 3.1917540E-005, 4.1351786E-002, 3.0000000E+001, 3.1247638E+001, 2.6434788E+001, 2.0692130E+001, 3.8825909E-004, 7.1614159E-002, 1.7973006E+001
 7.4030785E+001, 1.1068916E+002, 7.1462230E+001, 1.9014086E+001, 1.0607824E-002, 9.3951259E-001, 7.8259250E-001, 6.8500150E+001, 2.8258301E+001, 1.9922156E+001, 5.0775288E-003, 4.6985127E-001, 1.4804660E+000, 3.2373505E+001, 2.7374313E+001, 2.0696936E+001, 3.5899019E-004, 6.9128491E-002, 1.9627590E+001, 3.2869302E+001, 2.6642983E+001, 2.0691063E+001, 3.9476016E-004, 7.2166263E-002, 1.7960631E+001, 2.9702745E+001, 2.6847578E+001, 2.0750395E+001, 3.3416726E-005, 4.1479105E-002, 3.0000000E+001, 3.1759196E+001, 2.6659642E+001, 2.0684630E+001, 4.3393515E-004, 7.5493207E-002, 1.6062853E+001
 7.5028093E+001, 1.1668703E+002, 7.7449162E+001, 1.8830676E+001, 1.1724823E-002, 1.0343740E+000, 7.2576182E-001, 7.0822704E+001, 2.8555782E+001, 1.9949840E+001, 4.9089311E-003, 4.5553308E-001, 1.5235814E+000, 3.3607549E+001, 2.7708559E+001, 2.0672717E+001, 5.0648828E-004, 8.1654795E-002, 1.3845472E+001, 3.3532468E+001, 2.6876064E+001, 2.0663811E+001, 5.6072792E-004, 8.6261106E-002, 1.2478578E+001, 3.0335228E+001, 2.7021841E+001, 2.0749202E+001, 4.0684738E-005, 4.2096342E-002, 3.0000000E+001, 3.2920541E+001, 2.6906432E+001, 2.0673596E+001, 5.0113449E-004, 8.1200123E-002, 1.3899586E+001
 7.6001557E+001, 1.2363521E+002, 8.1140415E+001, 1.8504865E+001, 1.3709067E-002, 1.2028863E+000, 6.3683233E-001, 6.8491562E+001, 2.8679307E+001, 1.9982417E+001, 4.7105314E-003, 4.3868394E-001, 1.5807879E+000, 3.4160226E+001, 2.8005910E+001, 2.0647282E+001, 6.6139377E-004, 9.4810173E-002, 1.0536716E+001, 3.3444151E+001, 2.7108318E+001, 2.0645020E+001, 6.7517043E-004, 9.5980158E-002, 1.0318419E+001, 3.1306113E+001, 2.7209403E+001, 2.0746737E+001, 5.5696701E-005, 4.3371236E-002, 3.0000000E+001, 3.3906293E+001, 2.7157540E+001, 2.0661415E+001, 5.7532255E-004, 8.7500558E-002, 1.2084556E+001
 7.7003931E+001, 1.2916757E+002, 8.1681720E+001, 1.8310669E+001, 1.4891751E-002, 1.3033259E+000, 5.9561260E-001, 6.7387843E+001, 2.8821196E+001, 2.0018646E+001, 4.4898882E-003, 4.1994578E-001, 1.6462678E+000, 3.4662492E+001, 2.8349979E+001, 2.0635006E+001, 7.3615471E-004, 1.0115926E-001, 9.4287325E+000, 3.4070160E+001, 2.7352200E+001, 2.0635343E+001, 7.3410551E-004, 1.0098523E-001, 9.4647097E+000, 3.1816541E+001, 2.7420281E+001, 2.0741013E+001, 9.0558407E-005, 4.6331872E-002, 3.0000000E+001, 3.4255488E+001, 2.7444292E+001, 2.0648397E+001, 6.5460313E-004, 9.4233476E-002, 1.0610689E+001
 7.8026795E+001, 1.3547526E+002, 8.2039963E+001, 1.8326955E+001, 1.4792567E-002, 1.2949027E+000, 5.9694773E-001, 7.2849497E+001, 2.9410026E+001, 1.9949010E+001, 4.9139836E-003, 4.5596216E-001, 1.5112979E+000, 3.5872963E+001, 2.8729988E+001, 2.0630607E+001, 7.6294664E-004, 1.0343457E-001, 9.0787012E+000, 3.4883018E+001, 2.7601715E+001, 2.0629088E+001, 7.7219761E-004, 1.0422021E-001, 8.9847966E+000, 3.3816226E+001, 2.7653911E+001, 2.0729564E+001, 1.6028429E-004, 5.2253356E-002, 3.0000000E+001, 3.4566090E+001, 2.7771827E+001, 2.0627327E+001, 7.8292221E-004, 1.0513100E-001, 8.8858875E+000
 7.9005782E+001, 1.3508433E+002, 8.3969416E+001, 1.8193010E+001, 1.5608316E-002, 1.3641803E+000, 5.6887446E-001, 7.7133626E+001, 2.9952610E+001, 1.9728299E+001, 6.2581487E-003, 5.7011563E-001, 1.2245794E+000, 3.7815190E+001, 2.9060056E+001, 2.0627099E+001, 7.8431045E-004, 1.0524889E-001, 8.8122276E+000, 3.5306114E+001, 2.7867666E+001, 2.0615953E+001, 8.5219252E-004, 1.1101379E-001, 8.1406560E+000, 3.6140934E+001, 2.7908193E+001, 2.0711711E+001, 2.6900753E-004, 6.1486697E-002, 2.5681451E+001, 3.5235954E+001, 2.8070691E+001, 2.0600736E+001, 9.4486676E-004, 1.1888417E-001, 7.3435171E+000
 8.0015201E+001, 1.4348378E+002, 8.3470810E+001, 1.8222268E+001, 1.5430130E-002, 1.3490478E+000, 5.7390547E-001, 7.8363918E+001, 3.0081263E+001, 1.9496000E+001, 7.6728910E-003, 6.9026289E-001, 9.9914754E-001, 3.7943340E+001, 2.9330136E+001, 2.0623062E+001, 8.0889503E-004, 1.0733674E-001, 8.5264020E+000, 3.5917110E+001, 2.8165597E+001, 2.0591200E+001, 1.0029398E-003, 1.2381603E-001, 6.9241830E+000, 3.4816259E+001, 2.8156631E+001, 2.0693270E+001, 3.8131633E-004, 7.1024544E-002, 1.8057719E+001, 3.6619219E+001, 2.8336853E+001, 2.0581966E+001, 1.0591755E-003, 1.2859186E-001, 6.5410629E+000
 8.1026843E+001, 1.4006813E+002, 8.6253215E+001, 1.8075099E+001, 1.6326409E-002, 1.4251645E+000, 5.4655109E-001, 7.9244101E+001, 2.9685216E+001, 1.9595098E+001, 7.0693657E-003, 6.3900839E-001, 1.0721076E+000, 3.7409559E+001, 2.9570822E+001, 2.0607603E+001, 9.0304726E-004, 1.1533264E-001, 7.6446270E+000, 3.6887385E+001, 2.8515662E+001, 2.0564916E+001, 1.1630179E-003, 1.3741070E-001, 5.9625009E+000, 3.4237450E+001, 2.8389120E+001, 2.0678479E+001, 4.7139952E-004, 7.8674875E-002, 1.4588633E+001, 3.9094632E+001, 2.8602247E+001, 2.0565536E+001, 1.1592406E-003, 1.3708990E-001, 5.9639244E+000
 8.2036319E+001, 1.5217855E+002, 8.6934130E+001, 1.8225879E+001, 1.5408138E-002, 1.3471802E+000, 5.7393547E-001, 8.6228407E+001, 3.0464173E+001, 1.9509566E+001, 7.5902702E-003, 6.8324630E-001, 1.0038428E+000, 3.7933574E+001, 2.9798635E+001, 2.0575520E+001, 1.0984360E-003, 1.3192606E-001, 6.2972540E+000, 3.7927599E+001, 2.8894514E+001, 2.0543587E+001, 1.2929100E-003, 1.4844180E-001, 5.3553656E+000, 3.4781833E+001, 2.8610639E+001, 2.0656855E+001, 6.0309046E-004, 8.9858753E-002, 1.1421983E+001, 4.2361587E+001, 2.8909803E+001, 2.0558747E+001, 1.2005830E-003, 1.4060092E-001, 5.7437175E+000
 8.3009014E+001, 1.4896161E+002, 8.9511843E+001, 1.8160486E+001, 1.5806393E-002, 1.3810021E+000, 5.6494228E-001, 8.3303284E+001, 3.0836966E+001, 1.9545562E+001, 7.3710498E-003, 6.6462896E-001, 1.0282861E+000, 3.9319953E+001, 3.0009309E+001, 2.0533244E+001, 1.3559054E-003, 1.5379170E-001, 5.1078198E+000, 3.7914825E+001, 2.9223428E+001, 2.0519470E+001, 1.4397894E-003, 1.6091557E-001, 4.8071752E+000, 3.5938265E+001, 2.8831679E+001, 2.0624122E+001, 8.0243914E-004, 1.0678848E-001, 8.5793307E+000, 4.2221775E+001, 2.9281441E+001, 2.0551554E+001, 1.2443932E-003, 1.4432151E-001, 5.5276309E+000
 8.4013429E+001, 1.4415110E+002, 9.4370676E+001, 1.8085034E+001, 1.6265903E-002, 1.4200261E+000, 5.4818670E-001, 8.6095552E+001, 3.0352776E+001, 1.9356081E+001, 8.5250171E-003, 7.6262985E-001, 9.0067892E-001, 4.2921469E+001, 3.0197263E+001, 2.0482067E+001, 1.6675771E-003, 1.8026048E-001, 4.1594061E+000, 3.8205156E+001, 2.9486510E+001, 2.0488998E+001, 1.6253703E-003, 1.7667606E-001, 4.2526244E+000, 3.7031600E+001, 2.9063820E+001, 2.0600206E+001, 9.4809271E-004, 1.1915813E-001, 7.2235904E+000, 4.1588562E+001, 2.9657703E+001, 2.0536984E+001, 1.3331258E-003, 1.5185714E-001, 5.1535463E+000
 8.5023060E+001, 1.5786625E+002, 8.9639409E+001, 1.8075114E+001, 1.6326322E-002, 1.4251571E+000, 5.4091619E-001, 8.7973452E+001, 3.0498500E+001, 1.9434220E+001, 8.0491384E-003, 7.2221576E-001, 9.4601303E-001, 4.1558510E+001, 3.0366360E+001, 2.0433294E+001, 1.9646163E-003, 2.0548659E-001, 3.5258203E+000, 3.8870877E+001, 2.9762709E+001, 2.0465390E+001, 1.7691433E-003, 1.8888600E-001, 3.8987780E+000, 3.7485960E+001, 2.9318084E+001, 2.0589762E+001, 1.0117020E-003, 1.2456016E-001, 6.7550232E+000, 4.4087799E+001, 3.0015319E+001, 2.0517677E+001, 1.4507102E-003, 1.6184302E-001, 4.7272102E+000
 8.6013003E+001, 1.5407439E+002, 9.3494300E+001, 1.7910931E+001, 1.7326223E-002, 1.5100739E+000, 5.1236344E-001, 8.8549138E+001, 3.0538965E+001, 1.9629309E+001, 6.8610185E-003, 6.2131446E-001, 1.0889713E+000, 4.1548605E+001, 3.0550847E+001, 2.0412688E+001, 2.0901117E-003, 2.1614431E-001, 3.3049250E+000, 4.0249672E+001, 3.0067721E+001, 2.0450608E+001, 1.8591716E-003, 1.9653168E-001, 3.7051122E+000, 3.8114252E+001, 2.9579736E+001, 2.0581412E+001, 1.0625534E-003, 1.2887873E-001, 6.4216140E+000, 4.2033387E+001, 3.0377909E+001, 2.0500843E+001, 1.5532326E-003, 1.7054975E-001, 4.4111642E+000
 8.7033797E+001, 1.5444972E+002, 9.1167302E+001, 1.7947272E+001, 1.7104897E-002, 1.4912777E+000, 5.1251559E-001, 9.1732385E+001, 3.0858629E+001, 1.9284274E+001, 8.9623364E-003, 7.9976928E-001, 8.6131257E-001, 4.3954799E+001, 3.0804443E+001, 2.0404391E+001, 2.1406402E-003, 2.2043545E-001, 3.2185675E+000, 4.1183052E+001, 3.0425148E+001, 2.0434476E+001, 1.9574166E-003, 2.0487515E-001, 3.5191605E+000, 3.9944235E+001, 2.9875092E+001, 2.0567590E+001, 1.1467279E-003, 1.3602727E-001, 5.9436212E+000, 4.5582132E+001, 3.0773612E+001, 2.0474633E+001, 1.7128518E-003, 1.8410544E-001, 4.0018094E+000
 8.8001339E+001, 1.5678401E+002, 9.4396420E+001, 1.7975117E+001, 1.6935316E-002, 1.4768760E+000, 5.1332135E-001, 9.4278105E+001, 3.1242654E+001, 1.9356795E+001, 8.5206703E-003, 7.6226070E-001, 8.9084581E-001, 4.5448865E+001, 3.1098955E+001, 2.0379885E+001, 2.2898865E-003, 2.3311022E-001, 3.0079829E+000, 4.1232719E+001, 3.0775990E+001, 2.0408540E+001, 2.1153726E-003, 2.1828959E-001, 3.2578957E+000, 4.1220857E+001, 3.0192927E+001, 2.0552357E+001, 1.2395011E-003, 1.4390605E-001, 5.4921269E+000, 4.7804636E+001, 3.1161404E+001, 2.0418595E+001, 2.0541358E-003, 2.1308905E-001, 3.3578539E+000
 8.9006420E+001, 1.6083210E+002, 9.8765344E+001, 1.7874599E+001, 1.7547488E-002, 1.5288649E+000, 4.9815816E-001, 1.0243460E+002, 3.1501954E+001, 1.9304054E+001, 8.8418728E-003, 7.8953888E-001, 8.5904956E-001, 4.6101497E+001, 3.1391819E+001, 2.0356260E+001, 2.4337670E-003, 2.4532930E-001, 2.8260592E+000, 4.1517705E+001, 3.1126485E+001, 2.0379383E+001, 2.2929404E-003, 2.3336958E-001, 3.0028967E+000, 4.0641855E+001, 3.0540604E+001, 2.0535340E+001, 1.3431357E-003, 1.5270723E-001, 5.0650227E+000, 4.5932546E+001, 3.1627709E+001, 2.0336455E+001, 2.5543818E-003, 2.5557253E-001, 2.7035459E+000
 9.0007051E+001, 1.6357074E+002, 1.0334774E+002, 1.7827895E+001, 1.7831922E-002, 1.5530205E+000, 4.9005766E-001, 1.0500003E+002, 3.2032933E+001, 1.9237420E+001, 9.2476864E-003, 8.2400268E-001, 8.2165108E-001, 4.6928973E+001, 3.1737908E+001, 2.0336087E+001, 2.5566220E-003, 2.5576278E-001, 2.6870577E+000, 4.2430184E+001, 3.1500587E+001, 2.0355892E+001, 2.4360039E-003, 2.4551927E-001, 2.8217788E+000, 4.1085710E+001, 3.0913817E+001, 2.0513212E+001, 1.4778997E-003, 1.6415209E-001, 4.6004877E+000, 4.7570625E+001, 3.2364649E+001, 2.0291544E+001, 2.8278956E-003, 2.7880075E-001, 2.4369260E+000
 9.1027377E+001, 1.6285807E+002, 1.1400414E+002, 1.7769460E+001, 1.8187804E-002, 1.5832439E+000, 4.8203771E-001, 1.0173609E+002, 3.2836171E+001, 1.9233345E+001, 9.2725004E-003, 8.2611001E-001, 8.1723535E-001, 4.7841084E+001, 3.2131554E+001, 2.0297422E+001, 2.7920953E-003, 2.7576040E-001, 2.4612192E+000, 4.4605459E+001, 3.1892827E+001, 2.0336883E+001, 2.5517759E-003, 2.5535123E-001, 2.6889380E+000, 4.1243423E+001, 3.1387506E+001, 2.0482677E+001, 1.6638632E-003, 1.7994508E-001, 4.0860205E+000, 5.0262573E+001, 3.3238983E+001, 2.0277289E+001, 2.9147127E-003, 2.8617370E-001, 2.3597315E+000
 9.2026598E+001, 1.6272229E+002, 1.1829733E+002, 1.7669242E+001, 1.8798150E-002, 1.6350776E+000, 4.6988265E-001, 1.0465709E+002, 3.3711867E+001, 1.9062555E+001, 1.0312640E-002, 9.1444407E-001, 7.4307821E-001, 4.9766727E+001, 3.2513352E+001, 2.0243479E+001, 3.1206182E-003, 3.0366026E-001, 2.2047063E+000, 4.5258324E+001, 3.2437014E+001, 2.0311506E+001, 2.7063245E-003, 2.6847629E-001, 2.5350588E+000, 4.1456375E+001, 3.2007138E+001, 2.0443597E+001, 1.9018655E-003, 2.0015747E-001, 3.5741741E+000, 4.8810900E+001, 3.3738254E+001, 2.0255739E+001, 3.0459532E-003, 2.9731933E-001, 2.2549034E+000
 9.3031489E+001, 1.7477043E+002, 1.1930395E+002, 1.7580106E+001, 1.9340997E-002, 1.6811790E+000, 4.6036195E-001, 1.0646927E+002, 3.4116859E+001, 1.8935388E+001, 1.1087107E-002, 9.8021585E-001, 6.9684424E-001, 5.0700037E+001, 3.2905973E+001, 2.0215969E+001, 3.2881615E-003, 3.1788891E-001, 2.0893446E+000, 4.6467631E+001, 3.3196551E+001, 2.0261042E+001, 3.0136556E-003, 2.9457645E-001, 2.2832725E+000, 4.2493005E+001, 3.2618189E+001, 2.0403182E+001, 2.1480033E-003, 2.2106076E-001, 3.1614822E+000, 4.7851028E+001, 3.3890370E+001, 2.0224000E+001, 3.2392474E-003, 3.1373487E-001, 2.1207386E+000
 9.4032295E+001, 1.6971805E+002, 1.1453936E+002, 1.7354408E+001, 2.0715541E-002, 1.7979124E+000, 4.3400636E-001, 1.1348427E+002, 3.4570488E+001, 1.8708700E+001, 1.2467676E-002, 1.0974609E+000, 6.2944242E-001, 5.0997138E+001, 3.3380256E+001, 2.0227577E+001, 3.2174666E-003, 3.1188513E-001, 2.1301621E+000, 4.7936949E+001, 3.3940921E+001, 2.0193937E+001, 3.4223376E-003, 3.2928384E-001, 2.0146819E+000, 4.4149600E+001, 3.2984374E+001, 2.0383328E+001, 2.2689168E-003, 2.3132937E-001, 2.9854378E+000, 4.8057829E+001, 3.4075618E+001, 2.0178573E+001, 3.5159069E-003, 3.3723023E-001, 1.9553358E+000
 9.5030037E+001, 1.8458244E+002, 1.1259337E+002, 1.7329585E+001, 2.0866712E-002, 1.8107506E+000, 4.2947343E-001, 1.2016953E+002, 3.4898436E+001, 1.8497441E+001, 1.3754280E-002, 1.2067260E+000, 5.7635067E-001, 5.1733168E+001, 3.3902347E+001, 2.0250978E+001, 3.0749488E-003, 2.9978178E-001, 2.2204540E+000, 4.8606060E+001, 3.4520655E+001, 2.0149483E+001, 3.6930712E-003, 3.5227595E-001, 1.8648356E+000, 4.5103084E+001, 3.3159197E+001, 2.0380465E+001, 2.2863531E-003, 2.3281015E-001, 2.9548150E+000, 4.9709637E+001, 3.4326058E+001, 2.0134741E+001, 3.7828503E-003, 3.5990045E-001, 1.8142363E+000
 9.6009436E+001, 1.7329526E+002, 1.1433030E+002, 1.7220255E+001, 2.1532550E-002, 1.8672970E+000, 4.1497089E-001, 1.1556013E+002, 3.5147379E+001, 1.8723638E+001, 1.2376700E-002, 1.0897347E+000, 6.2870628E-001, 5.2689641E+001, 3.4461342E+001, 2.0251338E+001, 3.0727599E-003, 2.9959589E-001, 2.2163262E+000, 4.9120941E+001, 3.4958593E+001, 2.0137773E+001, 3.7643895E-003, 3.5833266E-001, 1.8252606E+000, 4.5844365E+001, 3.3315821E+001, 2.0360737E+001, 2.4064983E-003, 2.4301350E-001, 2.8035171E+000, 5.1254667E+001, 3.4539316E+001, 2.0115092E+001, 3.9025169E-003, 3.7006316E-001, 1.7554945E+000
 9.7000969E+001, 1.7681967E+002, 1.1653195E+002, 1.7084944E+001, 2.2356616E-002, 1.9372810E+000, 3.9984812E-001, 1.1359670E+002, 3.5585619E+001, 1.8907673E+001, 1.1255901E-002, 9.9455068E-001, 6.7970431E-001, 5.4282488E+001, 3.5074716E+001, 2.0238276E+001, 3.1523101E-003, 3.0635171E-001, 2.1579709E+000, 5.0128773E+001, 3.5298395E+001, 2.0128880E+001, 3.8185456E-003, 3.6293188E-001, 1.7953258E+000, 4.6669868E+001, 3.3546616E+001, 2.0325591E+001, 2.6205422E-003, 2.6119122E-001, 2.5733056E+000, 5.2444416E+001, 3.4809647E+001, 2.0079695E+001, 4.1180902E-003, 3.8837076E-001, 1.6644208E+000
 9.8008441E+001, 1.8078960E+002, 1.2078289E+002, 1.6613188E+001, 2.5229688E-002, 2.1812772E+000, 3.7248228E-001, 1.1879474E+002, 3.6308349E+001, 1.8895651E+001, 1.1329117E-002, 1.0007685E+000, 6.7527393E-001, 5.7152271E+001, 3.5738014E+001, 2.0204128E+001, 3.3602728E-003, 3.2401298E-001, 2.0264011E+000, 5.2504220E+001, 3.5582265E+001, 2.0113341E+001, 3.9131835E-003, 3.7096902E-001, 1.7483655E+000, 4.7313511E+001, 3.3962596E+001, 2.0291281E+001, 2.8294990E-003, 2.7893691E-001, 2.3812778E+000, 5.8679564E+001, 3.5106391E+001, 2.0041155E+001, 4.3528066E-003, 4.0830409E-001, 1.5742345E+000
 9.9004617E+001, 1.8550900E+002, 1.2666792E+002, 1.6834558E+001, 2.3881509E-002, 2.0667828E+000, 3.8716174E-001, 1.2245268E+002, 3.6701760E+001, 1.8659341E+001, 1.2768283E-002, 1.1229900E+000, 6.0584333E-001, 5.7575733E+001, 3.6332484E+001, 2.0155517E+001, 3.6563219E-003, 3.4915500E-001, 1.8666254E+000, 5.3007277E+001, 3.5803419E+001, 2.0076351E+001, 4.1384600E-003, 3.9010067E-001, 1.6537833E+000, 4.8466777E+001, 3.4571217E+001, 2.0263579E+001, 2.9982078E-003, 2.9326454E-001, 2.2438910E+000, 5.8300946E+001, 3.5390881E+001, 2.0005035E+001, 4.5727845E-003, 4.2698577E-001, 1.4977247E+000
 1.0000988E+002, 2.0640579E+002, 1.3404204E+002, 1.6462008E+001, 2.6150404E-002, 2.2594691E+000, 3.6470376E-001, 1.1913409E+002, 3.7875880E+001, 1.8742382E+001, 1.2262547E-002, 1.0800403E+000, 6.2429311E-001, 5.7596283E+001, 3.6930584E+001, 2.0085921E+001, 4.0801772E-003, 3.8515100E-001, 1.6776705E+000, 5.4149888E+001, 3.6066308E+001, 2.0020519E+001, 4.4784815E-003, 4.1897706E-001, 1.5309271E+000, 4.9364395E+001, 3.5346006E+001, 2.0248615E+001, 3.0893416E-003, 3.0100409E-001, 2.1737484E+000, 5.4665455E+001, 3.5801995E+001, 1.9970331E+001, 4.7841353E-003, 4.4493477E-001, 1.4288895E+000
 1.0102386E+002, 1.9994099E+002, 1.3557396E+002, 1.6251005E+001, 2.7435444E-002, 2.3686014E+000, 3.4657205E-001, 1.2066552E+002, 4.0998238E+001, 1.8766785E+001, 1.2113928E-002, 1.0674188E+000, 6.2911300E-001, 5.9872984E+001, 3.7625246E+001, 1.9957350E+001, 4.8631955E-003, 4.5164897E-001, 1.4134140E+000, 5.5463209E+001, 3.6374736E+001, 1.9974432E+001, 4.7591618E-003, 4.4281389E-001, 1.4407791E+000, 4.9715752E+001, 3.6177116E+001, 2.0223527E+001, 3.2421290E-003, 3.1397960E-001, 2.0709637E+000, 5.4195432E+001, 3.6357273E+001, 1.9941623E+001, 4.9589708E-003, 4.5978270E-001, 1.3763936E+000
 1.0202174E+002, 2.1246159E+002, 1.2588451E+002, 1.6267640E+001, 2.7334136E-002, 2.3599978E+000, 3.4463291E-001, 1.2687279E+002, 4.2229902E+001, 1.8258610E+001, 1.5208796E-002, 1.3302511E+000, 5.1514797E-001, 6.0879250E+001, 3.8360013E+001, 1.9877490E+001, 5.3495521E-003, 4.9295290E-001, 1.2833023E+000, 5.6412619E+001, 3.6703044E+001, 1.9956737E+001, 4.8669265E-003, 4.5196583E-001, 1.4045843E+000, 5.0841665E+001, 3.7010034E+001, 2.0152887E+001, 3.6723381E-003, 3.5051518E-001, 1.8342860E+000, 5.5096319E+001, 3.7014343E+001, 1.9903188E+001, 5.1930491E-003, 4.7966185E-001, 1.3145555E+000
 1.0301779E+002, 2.1715979E+002, 1.2114542E+002, 1.6468274E+001, 2.6112237E-002, 2.2562278E+000, 3.5484984E-001, 1.2999095E+002, 4.0415254E+001, 1.8191798E+001, 1.5615697E-002, 1.3648072E+000, 5.0214378E-001, 6.0573890E+001, 3.9033440E+001, 1.9845899E+001, 5.5419463E-003, 5.0929201E-001, 1.2359039E+000, 5.8292747E+001, 3.6998963E+001, 1.9949124E+001, 4.9132926E-003, 4.5590348E-001, 1.3874246E+000, 5.2546248E+001, 3.7631508E+001, 2.0077993E+001, 4.1284586E-003, 3.8925131E-001, 1.6339801E+000, 5.6409557E+001, 3.7463485E+001, 1.9839346E+001, 5.5818565E-003, 5.1268139E-001, 1.2245988E+000
 1.0403272E+002, 2.1636840E+002, 1.2841142E+002, 1.6139824E+001, 2.8112556E-002, 2.4261052E+000, 3.3270692E-001, 1.2859302E+002, 4.0954799E+001, 1.7988103E+001, 1.6856233E-002, 1.4701599E+000, 4.7001659E-001, 6.0845942E+001, 3.9582795E+001, 1.9819830E+001, 5.7007094E-003, 5.2277500E-001, 1.1993911E+000, 6.0726336E+001, 3.7353876E+001, 1.9927494E+001, 5.0450226E-003, 4.6709067E-001, 1.3517702E+000, 5.3955912E+001, 3.8047829E+001, 2.0025698E+001, 4.4469437E-003, 4.1629870E-001, 1.5170496E+000, 5.7882153E+001, 3.7823395E+001, 1.9775860E+001, 5.9684959E-003, 5.4551681E-001, 1.1459457E+000
 1.0501307E+002, 2.0376877E+002, 1.3148620E+002, 1.6153693E+001, 2.8028091E-002, 2.4189321E+000, 3.2991354E-001, 1.2839168E+002, 4.2988641E+001, 1.8055896E+001, 1.6443360E-002, 1.4350966E+000, 4.7772463E-001, 6.3321364E+001, 4.0033653E+001, 1.9781627E+001, 5.9333762E-003, 5.4253426E-001, 1.1521009E+000, 6.2166568E+001, 3.7914013E+001, 1.9864190E+001, 5.4305542E-003, 4.9983201E-001, 1.2598640E+000, 5.4975319E+001, 3.8288201E+001, 1.9970674E+001, 4.7820499E-003, 4.4475767E-001, 1.4085912E+000, 5.9871988E+001, 3.8388560E+001, 1.9725687E+001, 6.2740601E-003, 5.7146691E-001, 1.0903330E+000
 1.0600042E+002, 2.0026195E+002, 1.3240550E+002, 1.6047909E+001, 2.8672334E-002, 2.4736445E+000, 3.2323781E-001, 1.2206355E+002, 4.1807743E+001, 1.7561573E+001, 1.9453870E-002, 1.6907647E+000, 4.1649854E-001, 6.5810799E+001, 4.0593410E+001, 1.9701761E+001, 6.4197737E-003, 5.8384167E-001, 1.0671616E+000, 6.0869041E+001, 3.8520236E+001, 1.9787647E+001, 5.8967097E-003, 5.3942035E-001, 1.1623073E+000, 5.5670979E+001, 3.8438571E+001, 1.9910960E+001, 5.1457125E-003, 4.7564178E-001, 1.3070761E+000, 6.1735024E+001, 3.9271577E+001, 1.9682090E+001, 6.5395709E-003, 5.9401547E-001, 1.0456371E+000
 1.0701856E+002, 2.0705668E+002, 1.3126480E+002, 1.5952510E+001, 2.9253326E-002, 2.5229853E+000, 3.1868223E-001, 1.3130169E+002, 4.0573161E+001, 1.7566910E+001, 1.9421366E-002, 1.6880043E+000, 4.1387796E-001, 6.6755828E+001, 4.1212879E+001, 1.9624623E+001, 6.8895524E-003, 6.2373771E-001, 9.9681609E-001, 6.0901881E+001, 3.8986843E+001, 1.9706663E+001, 6.3899180E-003, 5.8130616E-001, 1.0719092E+000, 5.6224010E+001, 3.8582094E+001, 1.9867476E+001, 5.4105423E-003, 4.9813250E-001, 1.2415115E+000, 6.3578900E+001, 4.0226150E+001, 1.9629412E+001, 6.8603908E-003, 6.2126116E-001, 9.9642846E-001
 1.0801046E+002, 2.2225297E+002, 1.3377280E+002, 1.5881364E+001, 2.9686616E-002, 2.5597826E+000, 3.1337300E-001, 1.3777863E+002, 4.0536005E+001, 1.7748325E+001, 1.8316520E-002, 1.5941751E+000, 4.3298487E-001, 6.7847190E+001, 4.1710602E+001, 1.9606805E+001, 6.9980667E-003, 6.3295330E-001, 9.7981527E-001, 6.1456113E+001, 3.9357422E+001, 1.9655252E+001, 6.7030173E-003, 6.0789618E-001, 1.0195060E+000, 5.7107613E+001, 3.8807868E+001, 1.9834387E+001, 5.6120552E-003, 5.1524602E-001, 1.1977914E+000, 6.5345243E+001, 4.0994975E+001, 1.9568763E+001, 7.2297515E-003, 6.5262918E-001, 9.4525103E-001
 1.0901577E+002, 2.1140837E+002, 1.3408063E+002, 1.5743395E+001, 3.0526872E-002, 2.6311415E+000, 3.0408589E-001, 1.4267900E+002, 4.0836313E+001, 1.8053562E+001, 1.6457576E-002, 1.4363039E+000, 4.7253821E-001, 6.8987517E+001, 4.1845086E+001, 1.9628689E+001, 6.8647910E-003, 6.2163484E-001, 9.9474874E-001, 6.1487183E+001, 3.9735644E+001, 1.9639112E+001, 6.8013132E-003, 6.1624398E-001, 1.0026931E+000, 5.8743719E+001, 3.9089044E+001, 1.9807330E+001, 5.7768367E-003, 5.2924012E-001, 1.1641545E+000, 6.6591348E+001, 4.1517154E+001, 1.9520901E+001, 7.5212393E-003, 6.7738383E-001, 9.0790006E-001
 1.1000855E+002, 2.2671099E+002, 1.3287740E+002, 1.5409961E+001, 3.2557542E-002, 2.8035965E+000, 2.8702236E-001, 1.4596597E+002, 4.3498221E+001, 1.7911273E+001, 1.7324140E-002, 1.5098970E+000, 4.5193952E-001, 6.9804991E+001, 4.1781127E+001, 1.9653066E+001, 6.7163335E-003, 6.0902706E-001, 1.0126220E+000, 6.2558260E+001, 4.0318708E+001, 1.9623561E+001, 6.8960240E-003, 6.2428731E-001, 9.8748034E-001, 6.0051300E+001, 3.9426026E+001, 1.9836425E+001, 5.5996489E-003, 5.1419241E-001, 1.1965211E+000, 6.5937590E+001, 4.1962553E+001, 1.9488390E+001, 7.7192346E-003, 6.9419863E-001, 8.8376508E-001
 1.1101229E+002, 2.2190035E+002, 1.3639095E+002, 1.5352797E+001, 3.2905681E-002, 2.8331623E+000, 2.8727221E-001, 1.4794553E+002, 4.4980062E+001, 1.7227235E+001, 2.1490040E-002, 1.8636869E+000, 3.7672110E-001, 7.1262295E+001, 4.2363154E+001, 1.9653365E+001, 6.7145096E-003, 6.0887217E-001, 1.0113471E+000, 6.4887656E+001, 4.1134815E+001, 1.9587535E+001, 7.1154268E-003, 6.4292013E-001, 9.5646659E-001, 6.0903383E+001, 3.9746628E+001, 1.9871017E+001, 5.3889722E-003, 4.9630065E-001, 1.2382690E+000, 6.6382307E+001, 4.2334177E+001, 1.9447103E+001, 7.9706818E-003, 7.1555283E-001, 8.5467736E-001
 1.1200394E+002, 2.2567046E+002, 1.4275369E+002, 1.5415500E+001, 3.2523805E-002, 2.8007314E+000, 2.8932899E-001, 1.4843185E+002, 4.5250905E+001, 1.7219351E+001, 2.1538059E-002, 1.8677648E+000, 3.7408211E-001, 7.1441267E+001, 4.3809670E+001, 1.9545957E+001, 7.3686448E-003, 6.6442472E-001, 9.2744490E-001, 6.6527202E+001, 4.2062043E+001, 1.9544317E+001, 7.3786296E-003, 6.6527268E-001, 9.2151078E-001, 6.1663289E+001, 4.0006823E+001, 1.9874044E+001, 5.3705424E-003, 4.9473550E-001, 1.2387086E+000, 6.7807746E+001, 4.2704778E+001, 1.9400018E+001, 8.2574340E-003, 7.3990531E-001, 8.2391893E-001
 1.1300082E+002, 2.2423869E+002, 1.4939514E+002, 1.5321309E+001, 3.3097448E-002, 2.8494481E+000, 2.8532794E-001, 1.5288312E+002, 4.7042203E+001, 1.7673436E+001, 1.8772607E-002, 1.6329083E+000, 4.1866184E-001, 7.3034933E+001, 4.5334949E+001, 1.9309948E+001, 8.8059774E-003, 7.8649046E-001, 7.8191526E-001, 6.5926599E+001, 4.2988496E+001, 1.9507375E+001, 7.6036155E-003, 6.8437965E-001, 8.9343101E-001, 6.2268357E+001, 4.0309618E+001, 1.9845163E+001, 5.5464286E-003, 5.0967267E-001, 1.1971274E+000, 6.8393155E+001, 4.3213331E+001, 1.9348701E+001, 8.5699658E-003, 7.6644713E-001, 7.9267303E-001
 1.1400356E+002, 2.4407039E+002, 1.6296854E+002, 1.4934172E+001, 3.5455174E-002, 3.0496785E+000, 2.7313370E-001, 1.5050570E+002, 4.7628402E+001, 1.7857495E+001, 1.7651657E-002, 1.5377115E+000, 4.3747109E-001, 7.3434640E+001, 4.6495955E+001, 1.9247670E+001, 9.1852618E-003, 8.1870126E-001, 7.4645895E-001, 6.6693620E+001, 4.3814790E+001, 1.9475444E+001, 7.7980822E-003, 7.0089477E-001, 8.6999589E-001, 6.3726165E+001, 4.0808619E+001, 1.9781439E+001, 5.9345194E-003, 5.4263135E-001, 1.1198260E+000, 6.9242442E+001, 4.3817305E+001, 1.9300061E+001, 8.8661936E-003, 7.9160433E-001, 7.6629787E-001
 1.1503086E+002, 2.5142127E+002, 1.6136510E+002, 1.5203548E+001, 3.3814629E-002, 2.9103548E+000, 2.8195442E-001, 1.4312483E+002, 4.5365829E+001, 1.7524401E+001, 1.9680251E-002, 1.7099902E+000, 3.9823283E-001, 7.4319041E+001, 4.7111933E+001, 1.9323249E+001, 8.7249739E-003, 7.7961122E-001, 7.7900418E-001, 6.8249482E+001, 4.4434889E+001, 1.9447108E+001, 7.9706508E-003, 7.1555019E-001, 8.4945779E-001, 6.4630998E+001, 4.2198647E+001, 1.9705992E+001, 6.3940066E-003, 5.8165339E-001, 1.0409668E+000, 7.0099577E+001, 4.4662313E+001, 1.9246019E+001, 9.1953151E-003, 8.1955503E-001, 7.3898632E-001
 1.1602825E+002, 2.5806897E+002, 1.4731020E+002, 1.5306764E+001, 3.3186028E-002, 2.8569708E+000, 2.8549404E-001, 1.5058129E+002, 4.6500222E+001, 1.7473325E+001, 1.9991311E-002, 1.7364070E+000, 3.9090403E-001, 7.5725586E+001, 4.7556434E+001, 1.9325675E+001, 8.7101947E-003, 7.7835610E-001, 7.7672184E-001, 6.9022095E+001, 4.4667847E+001, 1.9413651E+001, 8.1744074E-003, 7.3285426E-001, 8.2772330E-001, 6.7357507E+001, 4.3677686E+001, 1.9636670E+001, 6.8161848E-003, 6.1750695E-001, 9.7760236E-001, 7.1037777E+001, 4.5626412E+001, 1.9175201E+001, 9.6266088E-003, 8.5618274E-001, 7.0590082E-001
 1.1702564E+002, 2.5253828E+002, 1.5247042E+002, 1.4883893E+001, 3.5761379E-002, 3.0756830E+000, 2.6943637E-001, 1.5657862E+002, 4.7959157E+001, 1.7650363E+001, 1.8913126E-002, 1.6448419E+000, 4.0749669E-001, 7.6466763E+001, 4.7949622E+001, 1.9254185E+001, 9.1455832E-003, 8.1533154E-001, 7.4100847E-001, 6.9404058E+001, 4.4726639E+001, 1.9363440E+001, 8.4802031E-003, 7.5882402E-001, 7.9971521E-001, 6.8307901E+001, 4.3988088E+001, 1.9615655E+001, 6.9441704E-003, 6.2837615E-001, 9.5823792E-001, 7.3779081E+001, 4.6923628E+001, 1.9083279E+001, 1.0186432E-002, 9.0372582E-001, 6.6947438E-001
 1.1803120E+002, 2.4159120E+002, 1.6136832E+002, 1.4800430E+001, 3.6269681E-002, 3.1188507E+000, 2.6522415E-001, 1.5687879E+002, 4.6505361E+001, 1.7622251E+001, 1.9084329E-002, 1.6593814E+000, 4.0309080E-001, 7.8763682E+001, 4.8074811E+001, 1.9174125E+001, 9.6331616E-003, 8.5673924E-001, 7.0592235E-001, 6.9844809E+001, 4.4924109E+001, 1.9330599E+001, 8.6802080E-003, 7.7580947E-001, 7.8092184E-001, 6.7860385E+001, 4.3437074E+001, 1.9584364E+001, 7.1347409E-003, 6.4456039E-001, 9.3103702E-001, 7.7361745E+001, 4.8392648E+001, 1.9013755E+001, 1.0609844E-002, 9.3968414E-001, 6.4332691E-001
 1.1901600E+002, 2.7191068E+002, 1.6123210E+002, 1.4710816E+001, 3.6815447E-002, 3.1651999E+000, 2.6346136E-001, 1.6071572E+002, 4.7564848E+001, 1.7345317E+001, 2.0770906E-002, 1.8026142E+000, 3.7457609E-001, 8.0141690E+001, 4.8324540E+001, 1.9164497E+001, 9.6918010E-003, 8.6171920E-001, 7.0088451E-001, 7.1414000E+001, 4.5304436E+001, 1.9290435E+001, 8.9248121E-003, 7.9658252E-001, 7.5865875E-001, 6.8167588E+001, 4.2984246E+001, 1.9526760E+001, 7.4855576E-003, 6.7435356E-001, 8.8748357E-001, 7.7298730E+001, 4.9364773E+001, 1.8958705E+001, 1.0945106E-002, 9.6815632E-001, 6.2303558E-001
 1.2002447E+002, 2.6760846E+002, 1.5979823E+002, 1.4478956E+001, 3.8227513E-002, 3.2851199E+000, 2.5465233E-001, 1.5794118E+002, 5.0776313E+001, 1.6949871E+001, 2.3179233E-002, 2.0071419E+000, 3.4197253E-001, 8.0581800E+001, 4.8887581E+001, 1.9183276E+001, 9.5774285E-003, 8.5200609E-001, 7.0664991E-001, 7.2822351E+001, 4.5826909E+001, 1.9243728E+001, 9.2092706E-003, 8.2074021E-001, 7.3406745E-001, 6.8195588E+001, 4.3180265E+001, 1.9477028E+001, 7.7884351E-003, 7.0007549E-001, 8.5258770E-001, 7.5826407E+001, 4.9711999E+001, 1.8914450E+001, 1.1214623E-002, 9.9104517E-001, 6.0724908E-001
 1.2102607E+002, 2.7825959E+002, 1.7111909E+002, 1.4728937E+001, 3.6705092E-002, 3.1558279E+000, 2.6143250E-001, 1.6253813E+002, 5.3476242E+001, 1.6462868E+001, 2.6145165E-002, 2.2590242E+000, 3.0877740E-001, 8.3425979E+001, 4.9870785E+001, 1.9171798E+001, 9.6473364E-003, 8.5794303E-001, 7.0070010E-001, 7.4462066E+001, 4.6489781E+001, 1.9173584E+001, 9.6364578E-003, 8.5701916E-001, 7.0102506E-001, 6.7839948E+001, 4.4111636E+001, 1.9449806E+001, 7.9542173E-003, 7.1415457E-001, 8.3335330E-001, 7.4988913E+001, 4.9626469E+001, 1.8837285E+001, 1.1684571E-002, 1.0309556E+000, 5.8227766E-001
 1.2201762E+002, 2.7038303E+002, 1.7141379E+002, 1.4503557E+001, 3.8077691E-002, 3.2723962E+000, 2.5098004E-001, 1.5904055E+002, 5.4121397E+001, 1.6965579E+001, 2.3083569E-002, 1.9990176E+000, 3.3801729E-001, 8.4915030E+001, 5.1192603E+001, 1.9148062E+001, 9.7918894E-003, 8.7021922E-001, 6.8952085E-001, 7.5477664E+001, 4.7226395E+001, 1.9098978E+001, 1.0090821E-002, 8.9560606E-001, 6.6900040E-001, 6.8231245E+001, 4.5850600E+001, 1.9411530E+001, 8.1873266E-003, 7.3395143E-001, 8.0825234E-001, 7.7168051E+001, 4.9543609E+001, 1.8739403E+001, 1.2280688E-002, 1.0815809E+000, 5.5438318E-001
 1.2301182E+002, 2.7307036E+002, 1.7382495E+002, 1.4157586E+001, 4.0184713E-002, 3.4513354E+000, 2.4137064E-001, 1.6051510E+002, 5.4240966E+001, 1.6324190E+001, 2.6989733E-002, 2.3307493E+000, 2.9748809E-001, 8.4268884E+001, 5.2376965E+001, 1.9157956E+001, 9.7316336E-003, 8.6510199E-001, 6.9180919E-001, 7.6777606E+001, 4.7963338E+001, 1.9057413E+001, 1.0343958E-002, 9.1710377E-001, 6.5304083E-001, 7.2534840E+001, 4.8018163E+001, 1.9323692E+001, 8.7222770E-003, 7.7938219E-001, 7.6147492E-001, 8.3083157E+001, 4.9861039E+001, 1.8723977E+001, 1.2374636E-002, 1.0895594E+000, 5.4859095E-001
 1.2402532E+002, 2.7181180E+002, 1.7769206E+002, 1.4109184E+001, 4.0479485E-002, 3.4763690E+000, 2.3985164E-001, 1.6767434E+002, 5.4240703E+001, 1.6460678E+001, 2.6158501E-002, 2.2601567E+000, 3.0435152E-001, 8.4893592E+001, 5.3102886E+001, 1.9012107E+001, 1.0619876E-002, 9.4053612E-001, 6.4110160E-001, 7.7220866E+001, 4.8729595E+001, 1.9016435E+001, 1.0593518E-002, 9.3829771E-001, 6.3789633E-001, 7.3883008E+001, 4.9821182E+001, 1.9178392E+001, 9.6071731E-003, 8.5453216E-001, 6.9504909E-001, 7.9463363E+001, 5.0813154E+001, 1.8726525E+001, 1.2359118E-002, 1.0882416E+000, 5.4706577E-001
 1.2501181E+002, 2.7623382E+002, 1.7063312E+002, 1.4031204E+001, 4.0954399E-002, 3.5167012E+000, 2.4062489E-001, 1.7249326E+002, 5.5388511E+001, 1.6126808E+001, 2.8191823E-002, 2.4328371E+000, 2.8657887E-001, 8.8334879E+001, 5.3320406E+001, 1.8630962E+001, 1.2941112E-002, 1.1376675E+000, 5.2996939E-001, 7.7479114E+001, 4.9476528E+001, 1.8957516E+001, 1.0952344E-002, 9.6877108E-001, 6.1749025E-001, 7.3875050E+001, 5.0722955E+001, 1.9108236E+001, 1.0034438E-002, 8.9081772E-001, 6.6495138E-001, 7.8293989E+001, 5.1980166E+001, 1.8726786E+001, 1.2357529E-002, 1.0881067E+000, 5.4487780E-001
 1.2601872E+002, 2.8543215E+002, 1.6811322E+002, 1.3680243E+001, 4.3091806E-002, 3.6982209E+000, 2.3164586E-001, 1.7714440E+002, 5.4219183E+001, 1.6136178E+001, 2.8134760E-002, 2.4279910E+000, 2.8538880E-001, 9.1261877E+001, 5.3115780E+001, 1.8624561E+001, 1.2980096E-002, 1.1409782E+000, 5.2541948E-001, 7.7626357E+001, 5.0376767E+001, 1.8903852E+001, 1.1279169E-002, 9.9652672E-001, 5.9909330E-001, 7.4282976E+001, 5.0518132E+001, 1.9090611E+001, 1.0141777E-002, 8.9993348E-001, 6.5564166E-001, 7.8181910E+001, 5.2531822E+001, 1.8703390E+001, 1.2500016E-002, 1.1002074E+000, 5.3698159E-001
 1.2700284E+002, 2.7901633E+002, 1.7829535E+002, 1.3747878E+001, 4.2679894E-002, 3.6632392E+000, 2.2838349E-001, 1.7351908E+002, 5.2857299E+001, 1.6296244E+001, 2.7159933E-002, 2.3452035E+000, 2.9274019E-001, 9.3092918E+001, 5.3011034E+001, 1.8637557E+001, 1.2900951E-002, 1.1342569E+000, 5.2751278E-001, 7.9675169E+001, 5.1589643E+001, 1.8831443E+001, 1.1720149E-002, 1.0339770E+000, 5.7593313E-001, 7.4208953E+001, 4.9843448E+001, 1.9085936E+001, 1.0170250E-002, 9.0235159E-001, 6.5085258E-001, 7.9065611E+001, 5.2578855E+001, 1.8636001E+001, 1.2910427E-002, 1.1350616E+000, 5.2029935E-001
 1.2801640E+002, 2.7371277E+002, 1.7388992E+002, 1.3380428E+001, 4.4917726E-002, 3.8532875E+000, 2.1858081E-001, 1.7330148E+002, 5.2966399E+001, 1.5606583E+001, 3.1360077E-002, 2.7019016E+000, 2.6147924E-001, 9.0120465E+001, 5.3256805E+001, 1.8548956E+001, 1.3440543E-002, 1.1800818E+000, 5.0773476E-001, 8.0018889E+001, 5.2740875E+001, 1.8746096E+001, 1.2239926E-002, 1.0781192E+000, 5.5242656E-001, 7.5053082E+001, 4.9429582E+001, 1.9088960E+001, 1.0151828E-002, 9.0078706E-001, 6.4956170E-001, 8.1189222E+001, 5.2744469E+001, 1.8549912E+001, 1.3434723E-002, 1.1795876E+000, 5.0080396E-001
 1.2903804E+002, 2.7120041E+002, 1.7901696E+002, 1.3274199E+001, 4.5564684E-002, 3.9082305E+000, 2.1383315E-001, 1.7677674E+002, 5.2252442E+001, 1.5811775E+001, 3.0110427E-002, 2.5957748E+000, 2.6771995E-001, 9.1453113E+001, 5.3967966E+001, 1.8425034E+001, 1.4195252E-002, 1.2441756E+000, 4.8133379E-001, 8.1214458E+001, 5.3546824E+001, 1.8650361E+001, 1.2822968E-002, 1.1276341E+000, 5.2724361E-001, 7.6263822E+001, 4.9682782E+001, 1.9069915E+001, 1.0267819E-002, 9.1063767E-001, 6.4148201E-001, 8.2324029E+001, 5.3327423E+001, 1.8483784E+001, 1.3837450E-002, 1.2137892E+000, 4.8596717E-001
 1.3003199E+002, 2.7933319E+002, 1.8108848E+002, 1.2949977E+001, 4.7539243E-002, 4.0759203E+000, 2.0533737E-001, 1.8133182E+002, 5.2949783E+001, 1.6700694E+001, 2.4696765E-002, 2.1360186E+000, 3.1156175E-001, 9.4022443E+001, 5.4989366E+001, 1.8326932E+001, 1.4792707E-002, 1.2949146E+000, 4.6156114E-001, 8.2718815E+001, 5.4242958E+001, 1.8577207E+001, 1.3268488E-002, 1.1654700E+000, 5.0770748E-001, 7.7726909E+001, 5.0578285E+001, 1.8983095E+001, 1.0796565E-002, 9.5554148E-001, 6.1270041E-001, 8.6747605E+001, 5.4095933E+001, 1.8407775E+001, 1.4300358E-002, 1.2531018E+000, 4.7006985E-001
 1.3103077E+002, 2.8324364E+002, 1.7223494E+002, 1.2797994E+001, 4.8464848E-002, 4.1545274E+000, 2.0204895E-001, 1.7168777E+002, 5.2992182E+001, 1.6894790E+001, 2.3514686E-002, 2.0356303E+000, 3.2136999E-001, 9.2953842E+001, 5.5876983E+001, 1.8251868E+001, 1.5249857E-002, 1.3337381E+000, 4.4724924E-001, 8.3690110E+001, 5.4804302E+001, 1.8535420E+001, 1.3522982E-002, 1.1870829E+000, 4.9648453E-001, 8.0731170E+001, 5.1830788E+001, 1.8859832E+001, 1.1547259E-002, 1.0192943E+000, 5.7563399E-001, 8.5899907E+001, 5.4971021E+001, 1.8250658E+001, 1.5257230E-002, 1.3343643E+000, 4.4160335E-001
 1.3200350E+002, 3.0624399E+002, 1.6945406E+002, 1.2733158E+001, 4.8859701E-002, 4.1880604E+000, 2.0062386E-001, 1.7812286E+002, 5.1890829E+001, 1.6730301E+001, 2.4516454E-002, 2.1207056E+000, 3.0867925E-001, 9.2275053E+001, 5.6643243E+001, 1.8127231E+001, 1.6008918E-002, 1.3982016E+000, 4.2564045E-001, 8.2816523E+001, 5.5117614E+001, 1.8527429E+001, 1.3571645E-002, 1.1912157E+000, 4.9376235E-001, 8.3098878E+001, 5.3079059E+001, 1.8751758E+001, 1.2205444E-002, 1.0751908E+000, 5.4513271E-001, 8.3066251E+001, 5.5714361E+001, 1.8109539E+001, 1.6116664E-002, 1.4073519E+000, 4.1924913E-001
 1.3300034E+002, 2.9114715E+002, 1.7235621E+002, 1.2645977E+001, 4.9390659E-002, 4.2331521E+000, 2.0173074E-001, 1.7507774E+002, 5.1494682E+001, 1.5328750E+001, 3.3052129E-002, 2.8455994E+000, 2.4728579E-001, 9.2256115E+001, 5.7466756E+001, 1.8130984E+001, 1.5986060E-002, 1.3962603E+000, 4.2388307E-001, 8.3040734E+001, 5.5540248E+001, 1.8503008E+001, 1.3720377E-002, 1.2038468E+000, 4.8829044E-001, 8.2461441E+001, 5.4051469E+001, 1.8678652E+001, 1.2650674E-002, 1.1130020E+000, 5.2572050E-001, 8.8415459E+001, 5.5644755E+001, 1.8071911E+001, 1.6345826E-002, 1.4268135E+000, 4.1244362E-001
 1.3401172E+002, 3.0422444E+002, 1.8382358E+002, 1.2506452E+001, 5.0240385E-002, 4.3053153E+000, 2.0064840E-001, 1.8387167E+002, 5.3045179E+001, 1.3979792E+001, 4.1267504E-002, 3.5432917E+000, 2.0629770E-001, 9.3208086E+001, 5.8721541E+001, 1.8291347E+001, 1.5009426E-002, 1.3133195E+000, 4.4779967E-001, 8.4363683E+001, 5.6324734E+001, 1.8421248E+001, 1.4218310E-002, 1.2461338E+000, 4.7179995E-001, 8.2658783E+001, 5.4819706E+001, 1.8623924E+001, 1.2983980E-002, 1.1413081E+000, 5.1195686E-001, 8.6200331E+001, 5.5491829E+001, 1.8054395E+001, 1.6452500E-002, 1.4358728E+000, 4.0812746E-001
 1.3501286E+002, 3.1519101E+002, 1.8514896E+002, 1.2553964E+001, 4.9951023E-002, 4.2807412E+000, 1.9860293E-001, 1.7749164E+002, 5.3532291E+001, 1.4874708E+001, 3.5817320E-002, 3.0804337E+000, 2.2911732E-001, 9.5640494E+001, 6.0336334E+001, 1.8286502E+001, 1.5038932E-002, 1.3158253E+000, 4.4606500E-001, 8.6031167E+001, 5.7243829E+001, 1.8264733E+001, 1.5171508E-002, 1.3270843E+000, 4.4362227E-001, 8.2749466E+001, 5.5673758E+001, 1.8592012E+001, 1.3178328E-002, 1.1578131E+000, 5.0352792E-001, 8.3485012E+001, 5.6356685E+001, 1.8012619E+001, 1.6706922E-002, 1.4574797E+000, 4.0087146E-001
 1.3603258E+002, 3.2147492E+002, 1.8945671E+002, 1.2051697E+001, 5.3009910E-002, 4.5405177E+000, 1.8880310E-001, 1.8121816E+002, 5.5668491E+001, 1.5429296E+001, 3.2439787E-002, 2.7935962E+000, 2.4597197E-001, 9.7029778E+001, 6.1943727E+001, 1.8080789E+001, 1.6291758E-002, 1.4222218E+000, 4.1510505E-001, 8.6633667E+001, 5.7888743E+001, 1.8179181E+001, 1.5692535E-002, 1.3713327E+000, 4.2913768E-001, 8.4357640E+001, 5.6775895E+001, 1.8583748E+001, 1.3228657E-002, 1.1620873E+000, 4.9955737E-001, 8.5084947E+001, 5.8156887E+001, 1.7922705E+001, 1.7254516E-002, 1.5039842E+000, 3.8779588E-001
 1.3701444E+002, 3.2185242E+002, 1.9334088E+002, 1.1705040E+001, 5.5121086E-002, 4.7198097E+000, 1.8404278E-001, 1.8801471E+002, 5.7997933E+001, 1.5677358E+001, 3.0929052E-002, 2.6652967E+000, 2.5395741E-001, 9.7628589E+001, 6.2674995E+001, 1.7972854E+001, 1.6949102E-002, 1.4780469E+000, 4.0103178E-001, 8.8193035E+001, 5.8254633E+001, 1.8132783E+001, 1.5975106E-002, 1.3953301E+000, 4.2118790E-001, 8.4480640E+001, 5.7907649E+001, 1.8552334E+001, 1.3419972E-002, 1.1783348E+000, 4.9069766E-001, 8.6145503E+001, 5.9878623E+001, 1.7807053E+001, 1.7958855E-002, 1.5638003E+000, 3.7281409E-001
 1.3803985E+002, 3.3187767E+002, 1.9718998E+002, 1.1555962E+001, 5.6028979E-002, 4.7969127E+000, 1.8375507E-001, 1.9564474E+002, 5.7286406E+001, 1.6054109E+001, 2.8634574E-002, 2.4704377E+000, 2.6711458E-001, 9.7744898E+001, 6.2575467E+001, 1.7825942E+001, 1.7843815E-002, 1.5540305E+000, 3.8091270E-001, 8.9054560E+001, 5.8622424E+001, 1.8080722E+001, 1.6292165E-002, 1.4222564E+000, 4.1288003E-001, 8.4918719E+001, 5.8708292E+001, 1.8353117E+001, 1.4633239E-002, 1.2813717E+000, 4.5024582E-001, 8.7382529E+001, 6.1168848E+001, 1.7681391E+001, 1.8724158E-002, 1.6287938E+000, 3.5890799E-001
 1.3902849E+002, 3.2763615E+002, 1.9570989E+002, 1.1564502E+001, 5.5976969E-002, 4.7924958E+000, 1.8257813E-001, 1.8938989E+002, 5.9393935E+001, 1.5439315E+001, 3.2378773E-002, 2.7884145E+000, 2.4181965E-001, 9.7822918E+001, 6.2062734E+001, 1.7710236E+001, 1.8548488E-002, 1.6138750E+000, 3.6532261E-001, 9.1564123E+001, 5.9064267E+001, 1.7992402E+001, 1.6830048E-002, 1.4679361E+000, 3.9956474E-001, 8.6497865E+001, 5.9054849E+001, 1.8210352E+001, 1.5502695E-002, 1.3552105E+000, 4.2454447E-001, 8.9390349E+001, 6.2050594E+001, 1.7572976E+001, 1.9384422E-002, 1.6848669E+000, 3.4772432E-001
 1.4002382E+002, 3.1279663E+002, 1.8090003E+002, 1.1468096E+001, 5.6564138E-002, 4.8423612E+000, 1.8115196E-001, 1.8333444E+002, 6.0564283E+001, 1.5162021E+001, 3.4067534E-002, 2.9318329E+000, 2.3221009E-001, 1.0024052E+002, 6.1550132E+001, 1.7774537E+001, 1.8156886E-002, 1.5806181E+000, 3.7273215E-001, 9.2994352E+001, 5.9278039E+001, 1.7928765E+001, 1.7217608E-002, 1.5008498E+000, 3.9026407E-001, 8.6087720E+001, 5.9134723E+001, 1.8169946E+001, 1.5748777E-002, 1.3761090E+000, 4.1768603E-001, 9.0737422E+001, 6.2084113E+001, 1.7467742E+001, 2.0025318E-002, 1.7392951E+000, 3.3661261E-001
 1.4101781E+002, 3.1782302E+002, 1.9456511E+002, 1.1222694E+001, 5.8058672E-002, 4.9692848E+000, 1.7470517E-001, 1.9286273E+002, 6.1557384E+001, 1.4340258E+001, 3.9072203E-002, 3.3568553E+000, 2.0699329E-001, 1.0120195E+002, 6.2148764E+001, 1.7824619E+001, 1.7851875E-002, 1.5547150E+000, 3.7747088E-001, 9.2234588E+001, 5.9576618E+001, 1.7886653E+001, 1.7474077E-002, 1.5226304E+000, 3.8338829E-001, 8.5318073E+001, 5.9633414E+001, 1.8140319E+001, 1.5929213E-002, 1.3914326E+000, 4.1291407E-001, 9.1321995E+001, 6.1929854E+001, 1.7376055E+001, 2.0583703E-002, 1.7867160E+000, 3.2590186E-001
 1.4203176E+002, 3.1212995E+002, 1.9290341E+002, 1.1708133E+001, 5.5102272E-002, 4.7182120E+000, 1.8074575E-001, 1.9593673E+002, 6.0920399E+001, 1.4610294E+001, 3.7427317E-002, 3.2171629E+000, 2.1276238E-001, 1.0107749E+002, 6.4610768E+001, 1.7715621E+001, 1.8515689E-002, 1.6110896E+000, 3.6440757E-001, 9.2838234E+001, 6.0149175E+001, 1.7812372E+001, 1.7926464E-002, 1.5610495E+000, 3.7248292E-001, 8.6344388E+001, 6.0604806E+001, 1.8082184E+001, 1.6283265E-002, 1.4215005E+000, 4.0424767E-001, 9.2569533E+001, 6.1644611E+001, 1.7388990E+001, 2.0504926E-002, 1.7800259E+000, 3.2484894E-001
 1.4301098E+002, 3.2111460E+002, 1.9225872E+002, 1.1590306E+001, 5.5819816E-002, 4.7791495E+000, 1.8046437E-001, 1.9383538E+002, 5.9435655E+001, 1.4736453E+001, 3.6659141E-002, 3.1519255E+000, 2.1637628E-001, 1.0293199E+002, 6.6749111E+001, 1.7320481E+001, 2.0922160E-002, 1.8154595E+000, 3.2580912E-001, 9.1061510E+001, 6.0888363E+001, 1.7683854E+001, 1.8709160E-002, 1.6275201E+000, 3.5641884E-001, 8.8549107E+001, 6.1226702E+001, 1.8004092E+001, 1.6758854E-002, 1.4618900E+000, 3.9299057E-001, 9.1361369E+001, 6.2063204E+001, 1.7383061E+001, 2.0541035E-002, 1.7830924E+000, 3.2378767E-001
 1.4402317E+002, 3.2864744E+002, 1.8741367E+002, 1.0753075E+001, 6.0918529E-002, 5.2121586E+000, 1.6531724E-001, 2.0132466E+002, 5.9614666E+001, 1.4595273E+001, 3.7519107E-002, 3.2249584E+000, 2.1196886E-001, 1.0383488E+002, 6.7492151E+001, 1.7125498E+001, 2.2109636E-002, 1.9163062E+000, 3.0682234E-001, 9.2545917E+001, 6.1756756E+001, 1.7587329E+001, 1.9297012E-002, 1.6774435E+000, 3.4672271E-001, 8.8579175E+001, 6.1123169E+001, 1.7931174E+001, 1.7202940E-002, 1.4996041E+000, 3.8266499E-001, 9.8300726E+001, 6.3145608E+001, 1.7325511E+001, 2.0891523E-002, 1.8128577E+000, 3.1916024E-001
 1.4500772E+002, 3.1884078E+002, 1.8688811E+002, 1.0544486E+001, 6.2188787E-002, 5.3200355E+000, 1.6326741E-001, 1.9723608E+002, 6.0847927E+001, 1.4790190E+001, 3.6332011E-002, 3.1241440E+000, 2.1612925E-001, 1.0342346E+002, 6.7717461E+001, 1.7196336E+001, 2.1678225E-002, 1.8796685E+000, 3.1087732E-001, 9.3862795E+001, 6.2512329E+001, 1.7469468E+001, 2.0014806E-002, 1.7384023E+000, 3.3583993E-001, 8.8015615E+001, 6.1003872E+001, 1.7867090E+001, 1.7593218E-002, 1.5327485E+000, 3.7412687E-001, 9.6040502E+001, 6.4073567E+001, 1.7150407E+001, 2.1957936E-002, 1.9034230E+000, 3.0558498E-001
 1.4600299E+002, 3.0942618E+002, 1.7704520E+002, 1.0575924E+001, 6.1996777E-002, 5.3037288E+000, 1.6581851E-001, 1.9256171E+002, 6.0752552E+001, 1.4921078E+001, 3.5534757E-002, 3.0564370E+000, 2.2069597E-001, 1.0456377E+002, 6.8227330E+001, 1.7122146E+001, 2.2130055E-002, 1.9180402E+000, 3.0422766E-001, 9.4305305E+001, 6.3104453E+001, 1.7364309E+001, 2.0655239E-002, 1.7927912E+000, 3.2505453E-001, 8.9504482E+001, 6.1518489E+001, 1.7798990E+001, 1.8007963E-002, 1.5679708E+000, 3.6550235E-001, 1.0103329E+002, 6.4439389E+001, 1.6952447E+001, 2.3163549E-002, 2.0058099E+000, 2.8994598E-001
 1.4703716E+002, 3.1540154E+002, 1.8033042E+002, 1.0511121E+001, 6.2388735E-002, 5.3370151E+000, 1.6150423E-001, 2.0863957E+002, 6.2127510E+001, 1.4970251E+001, 3.5235172E-002, 3.0309947E+000, 2.2219541E-001, 1.0605860E+002, 6.8597543E+001, 1.7155404E+001, 2.1927508E-002, 1.9008389E+000, 3.0571753E-001, 9.6331678E+001, 6.3394747E+001, 1.7306695E+001, 2.1006116E-002, 1.8225895E+000, 3.1851420E-001, 9.1334730E+001, 6.2456147E+001, 1.7736151E+001, 1.8390662E-002, 1.6004716E+000, 3.5793617E-001, 1.1003612E+002, 6.4578966E+001, 1.6857987E+001, 2.3738823E-002, 2.0546652E+000, 2.8216620E-001
 1.4802206E+002, 3.3090519E+002, 1.8596788E+002, 1.0743350E+001, 6.0977093E-002, 5.2171319E+000, 1.6621634E-001, 2.0709638E+002, 6.2327820E+001, 1.3898027E+001, 4.1762133E-002, 3.5852971E+000, 1.9695868E-001, 1.0706684E+002, 6.8847899E+001, 1.7277480E+001, 2.1184041E-002, 1.8376999E+000, 3.1494488E-001, 9.7650093E+001, 6.3380681E+001, 1.7236795E+001, 2.1431818E-002, 1.8587423E+000, 3.1247943E-001, 9.1611119E+001, 6.3188410E+001, 1.7675221E+001, 1.8761736E-002, 1.6319851E+000, 3.5083874E-001, 1.0162005E+002, 6.5584319E+001, 1.6797497E+001, 2.4107216E-002, 2.0859510E+000, 2.7775175E-001
 1.4903419E+002, 3.1932400E+002, 1.9817763E+002, 1.0543408E+001, 6.2193386E-002, 5.3204254E+000, 1.6387770E-001, 2.0435511E+002, 6.3119484E+001, 1.3940373E+001, 4.1506018E-002, 3.5635470E+000, 1.9510995E-001, 1.1149917E+002, 6.9971167E+001, 1.7228389E+001, 2.1483014E-002, 1.8630901E+000, 3.1105087E-001, 9.7130839E+001, 6.3422822E+001, 1.7155150E+001, 2.1929053E-002, 1.9009701E+000, 3.0572441E-001, 9.1659352E+001, 6.3401929E+001, 1.7616139E+001, 1.9121551E-002, 1.6625424E+000, 3.4430791E-001, 9.9966609E+001, 6.7407875E+001, 1.6605943E+001, 2.5273813E-002, 2.1850245E+000, 2.6620282E-001
 1.5000357E+002, 3.3088360E+002, 2.0606546E+002, 1.0264145E+001, 6.3862584E-002, 5.4621728E+000, 1.6014275E-001, 2.1274458E+002, 6.5912474E+001, 1.3928793E+001, 4.1577652E-002, 3.5696309E+000, 1.9612011E-001, 1.1270705E+002, 7.1599398E+001, 1.7212734E+001, 2.1578354E-002, 1.8711869E+000, 3.0946516E-001, 9.7332707E+001, 6.3890459E+001, 1.7114483E+001, 2.2176720E-002, 1.9220032E+000, 3.0154230E-001, 9.6859108E+001, 6.3620352E+001, 1.7564739E+001, 1.9434585E-002, 1.6891270E+000, 3.3864780E-001, 9.9712497E+001, 6.9357798E+001, 1.6328655E+001, 2.6962544E-002, 2.3284403E+000, 2.5002960E-001
 1.5103213E+002, 3.2510035E+002, 2.0454575E+002, 9.9943727E+000, 6.5409108E-002, 5.5934821E+000, 1.5885558E-001, 2.1057582E+002, 6.7099747E+001, 1.4609322E+001, 3.7433294E-002, 3.2176706E+000, 2.1029233E-001, 1.0915892E+002, 7.1914641E+001, 1.7251835E+001, 2.1340222E-002, 1.8509635E+000, 3.1242765E-001, 9.8196119E+001, 6.5001176E+001, 1.7048137E+001, 2.2580779E-002, 1.9563181E+000, 2.9594558E-001, 9.8375970E+001, 6.4254573E+001, 1.7549919E+001, 1.9524844E-002, 1.6967922E+000, 3.3633683E-001, 1.0232596E+002, 7.0617326E+001, 1.6240774E+001, 2.7497750E-002, 2.3738928E+000, 2.4495102E-001
 1.5202941E+002, 3.0928384E+002, 2.0617635E+002, 9.9864005E+000, 6.5450391E-002, 5.5969858E+000, 1.5771477E-001, 2.0752797E+002, 6.6565540E+001, 1.4617506E+001, 3.7382460E-002, 3.2133532E+000, 2.0833596E-001, 1.1354663E+002, 7.0737940E+001, 1.7037476E+001, 2.2645705E-002, 1.9618319E+000, 2.9718263E-001, 9.9617977E+001, 6.6472878E+001, 1.6972310E+001, 2.3042579E-002, 1.9955365E+000, 2.8910112E-001, 9.5019896E+001, 6.5107853E+001, 1.7485297E+001, 1.9918404E-002, 1.7302154E+000, 3.2899704E-001, 1.0273477E+002, 7.0782512E+001, 1.6221347E+001, 2.7616065E-002, 2.3839406E+000, 2.4420376E-001
 1.5302739E+002, 3.0636030E+002, 1.9965747E+002, 9.8665797E+000, 6.6077453E-002, 5.6502078E+000, 1.5668973E-001, 2.0647505E+002, 6.6504656E+001, 1.2809367E+001, 4.8393338E-002, 4.1484538E+000, 1.7110482E-001, 1.2041694E+002, 7.0736750E+001, 1.6616705E+001, 2.5208272E-002, 2.1794584E+000, 2.6962742E-001, 9.9573975E+001, 6.7755038E+001, 1.6914092E+001, 2.3397136E-002, 2.0256473E+000, 2.8417716E-001, 9.5708574E+001, 6.5795351E+001, 1.7353472E+001, 2.0721238E-002, 1.7983962E+000, 3.1564589E-001, 1.0357390E+002, 6.9866542E+001, 1.6177527E+001, 2.7882937E-002, 2.4066049E+000, 2.4188145E-001
 1.5403163E+002, 3.3527292E+002, 2.0011946E+002, 9.7883639E+000, 6.6473847E-002, 5.6838472E+000, 1.5625788E-001, 2.0833237E+002, 6.7597427E+001, 1.3625354E+001, 4.3425375E-002, 3.7265490E+000, 1.8500089E-001, 1.1340744E+002, 7.1305648E+001, 1.6257933E+001, 2.7393252E-002, 2.3650182E+000, 2.4873214E-001, 9.9415748E+001, 6.8539259E+001, 1.6842093E+001, 2.3835619E-002, 2.0628856E+000, 2.7894002E-001, 9.6385815E+001, 6.6086096E+001, 1.7189179E+001, 2.1721809E-002, 1.8833699E+000, 3.0070504E-001, 1.0726450E+002, 6.7500911E+001, 1.6067592E+001, 2.8552457E-002, 2.4634640E+000, 2.3621873E-001
 1.5502284E+002, 3.1266895E+002, 2.0766594E+002, 9.8072254E+000, 6.6393234E-002, 5.6770116E+000, 1.5630503E-001, 2.1253949E+002, 6.6901541E+001, 1.3794941E+001, 4.2389533E-002, 3.6385791E+000, 1.8934057E-001, 1.1467532E+002, 7.1481363E+001, 1.5937916E+001, 2.9342205E-002, 2.5305334E+000, 2.3227282E-001, 9.8949382E+001, 6.8799970E+001, 1.6717232E+001, 2.4596047E-002, 2.1274651E+000, 2.7038933E-001, 9.5904411E+001, 6.6144664E+001, 1.7060864E+001, 2.2503272E-002, 1.9497357E+000, 2.9021784E-001, 1.0803968E+002, 6.6470198E+001, 1.5846317E+001, 2.9900058E-002, 2.5779092E+000, 2.2525851E-001
 1.5603658E+002, 3.0346080E+002, 2.1216641E+002, 9.8244999E+000, 6.6307589E-002, 5.6697442E+000, 1.5548959E-001, 2.1240335E+002, 6.8274091E+001, 1.1890370E+001, 5.3966971E-002, 4.6217885E+000, 1.5903489E-001, 1.2089220E+002, 7.2062537E+001, 1.6000322E+001, 2.8962142E-002, 2.4982565E+000, 2.3458999E-001, 1.0181796E+002, 6.8726169E+001, 1.6567435E+001, 2.5508332E-002, 2.2049411E+000, 2.6130582E-001, 1.0078487E+002, 6.6347635E+001, 1.6933461E+001, 2.3279172E-002, 2.0156292E+000, 2.8040491E-001, 1.0786918E+002, 6.7581917E+001, 1.5758707E+001, 3.0433617E-002, 2.6232218E+000, 2.2055105E-001
 1.5702779E+002, 3.2476780E+002, 2.1281284E+002, 9.8447476E+000, 6.6175473E-002, 5.6585215E+000, 1.5527701E-001, 2.2549610E+002, 6.8957157E+001, 1.2474337E+001, 5.0417713E-002, 4.3203693E+000, 1.6661214E-001, 1.1827019E+002, 7.3044977E+001, 1.6222755E+001, 2.7607494E-002, 2.3832128E+000, 2.4387679E-001, 1.0285996E+002, 6.8515346E+001, 1.6459406E+001, 2.6166250E-002, 2.2608149E+000, 2.5523430E-001, 1.0592467E+002, 6.6969471E+001, 1.6826547E+001, 2.3930301E-002, 2.0709265E+000, 2.7225983E-001, 1.0555977E+002, 6.9248427E+001, 1.5726752E+001, 3.0628233E-002, 2.6397496E+000, 2.1854802E-001
 1.5801900E+002, 3.0553014E+002, 2.1927649E+002, 1.0021792E+001, 6.5124290E-002, 5.5692578E+000, 1.5478621E-001, 2.2716330E+002, 6.9810385E+001, 1.1587170E+001, 5.5799507E-002, 4.7774127E+000, 1.5675777E-001, 1.1589351E+002, 7.3617005E+001, 1.6188891E+001, 2.7813726E-002, 2.4007271E+000, 2.4169700E-001, 1.0365553E+002, 6.8512242E+001, 1.6357644E+001, 2.6785993E-002, 2.3134467E+000, 2.5044136E-001, 1.0027523E+002, 6.7768272E+001, 1.6778351E+001, 2.4223822E-002, 2.0958538E+000, 2.6884716E-001, 1.0537379E+002, 7.0957150E+001, 1.5632733E+001, 3.1200822E-002, 2.6883768E+000, 2.1482998E-001
 1.5901021E+002, 3.0105222E+002, 2.0781290E+002, 1.0123482E+001, 6.4566602E-002, 5.5219150E+000, 1.5402657E-001, 2.1176586E+002, 7.2049243E+001, 1.1851744E+001, 5.4213209E-002, 4.6427036E+000, 1.5805894E-001, 1.2045004E+002, 7.4418873E+001, 1.5983937E+001, 2.9061930E-002, 2.5067310E+000, 2.3305298E-001, 1.0559515E+002, 6.8861699E+001, 1.6269006E+001, 2.7325813E-002, 2.3592910E+000, 2.4628543E-001, 9.9507616E+001, 6.8116764E+001, 1.6719046E+001, 2.4584995E-002, 2.1265265E+000, 2.6527358E-001, 1.0734310E+002, 7.1711697E+001, 1.5501724E+001, 3.1998690E-002, 2.7561359E+000, 2.1012352E-001
 1.6002620E+002, 3.1334282E+002, 2.2545819E+002, 9.9388919E+000, 6.5573861E-002, 5.6074208E+000, 1.5325023E-001, 2.2406937E+002, 7.2230355E+001, 1.1240915E+001, 5.7899136E-002, 4.9557212E+000, 1.5204241E-001, 1.1829412E+002, 7.6359096E+001, 1.5730650E+001, 3.0604489E-002, 2.6377332E+000, 2.2325368E-001, 1.0621087E+002, 6.9099018E+001, 1.6175001E+001, 2.7898323E-002, 2.4079115E+000, 2.4124920E-001, 1.0582816E+002, 6.8506418E+001, 1.6590364E+001, 2.5368690E-002, 2.1930819E+000, 2.5794110E-001, 1.0850247E+002, 7.1322585E+001, 1.5357475E+001, 3.2877189E-002, 2.8307426E+000, 2.0467047E-001
 1.6103336E+002, 3.0528208E+002, 2.3715603E+002, 9.8765616E+000, 6.5858859E-002, 5.6315954E+000, 1.5320430E-001, 2.3619809E+002, 7.0822068E+001, 1.2188667E+001, 5.2150724E-002, 4.4675435E+000, 1.6254176E-001, 1.1842430E+002, 7.8374854E+001, 1.5525227E+001, 3.1855552E-002, 2.7439799E+000, 2.1497511E-001, 1.0620233E+002, 6.9706890E+001, 1.6059596E+001, 2.8601154E-002, 2.4675995E+000, 2.3392921E-001, 1.0586875E+002, 6.9243564E+001, 1.6439881E+001, 2.6285161E-002, 2.2709134E+000, 2.4915570E-001, 1.0888178E+002, 6.9926699E+001, 1.5178492E+001, 3.3967228E-002, 2.9233143E+000, 1.9773550E-001
 1.6200469E+002, 3.0484187E+002, 2.1598266E+002, 9.9496150E+000, 6.5433301E-002, 5.5954607E+000, 1.5293819E-001, 2.2335454E+002, 6.9318141E+001, 1.3161200E+001, 4.6251341E-002, 3.9665445E+000, 1.7855281E-001, 1.1981078E+002, 7.9095529E+001, 1.5555739E+001, 3.1669730E-002, 2.7281990E+000, 2.1546742E-001, 1.0708159E+002, 7.1480242E+001, 1.6000245E+001, 2.8962614E-002, 2.4982966E+000, 2.2980363E-001, 1.0436588E+002, 7.0122353E+001, 1.6337887E+001, 2.6906320E-002, 2.3236654E+000, 2.4324541E-001, 1.1500054E+002, 6.9153678E+001, 1.5053770E+001, 3.4726804E-002, 2.9878215E+000, 1.9291592E-001
 1.6304169E+002, 3.0200349E+002, 2.2648130E+002, 1.0041868E+001, 6.4937785E-002, 5.5533992E+000, 1.5263818E-001, 2.2404179E+002, 7.0641652E+001, 1.2202828E+001, 5.2074337E-002, 4.4610593E+000, 1.6350158E-001, 1.2055843E+002, 7.8529264E+001, 1.5548699E+001, 3.1712602E-002, 2.7318399E+000, 2.1501803E-001, 1.0970347E+002, 7.3737845E+001, 1.5906684E+001, 2.9532414E-002, 2.5466870E+000, 2.2601583E-001, 1.0358145E+002, 7.0460111E+001, 1.6261253E+001, 2.7373030E-002, 2.3633008E+000, 2.3941432E-001, 1.1484601E+002, 7.0877906E+001, 1.4945378E+001, 3.5386926E-002, 3.0438825E+000, 1.8987097E-001
 1.6401601E+002, 2.9738751E+002, 2.3656213E+002, 1.0087517E+001, 6.4697301E-002, 5.5329875E+000, 1.5181849E-001, 2.2918544E+002, 7.0668386E+001, 1.1450683E+001, 5.6614487E-002, 4.8466201E+000, 1.5349427E-001, 1.2068982E+002, 7.7554662E+001, 1.5464490E+001, 3.2225451E-002, 2.7753936E+000, 2.1183752E-001, 1.1133232E+002, 7.4949905E+001, 1.5836162E+001, 2.9961904E-002, 2.5831615E+000, 2.2355321E-001, 1.0226169E+002, 7.0568636E+001, 1.6211734E+001, 2.7674612E-002, 2.3889128E+000, 2.3622115E-001, 1.0930458E+002, 7.3872473E+001, 1.4894605E+001, 3.5696142E-002, 3.0701427E+000, 1.8780340E-001
 1.6503672E+002, 2.9439089E+002, 2.5838160E+002, 1.0086454E+001, 6.4697075E-002, 5.5329663E+000, 1.5105899E-001, 2.3549124E+002, 7.2166324E+001, 1.1738571E+001, 5.4878971E-002, 4.6992365E+000, 1.5721401E-001, 1.2191945E+002, 7.7058547E+001, 1.5515972E+001, 3.1911917E-002, 2.7487667E+000, 2.1264507E-001, 1.1185295E+002, 7.5173508E+001, 1.5757554E+001, 3.0440643E-002, 2.6238185E+000, 2.2073786E-001, 1.0480852E+002, 7.0955711E+001, 1.6138304E+001, 2.8121813E-002, 2.4268914E+000, 2.3146985E-001, 1.1141975E+002, 7.4600424E+001, 1.4881585E+001, 3.5775437E-002, 3.0768768E+000, 1.8649963E-001
 1.6601104E+002, 3.1197799E+002, 2.6423576E+002, 9.9961353E+000, 6.5184704E-002, 5.5743593E+000, 1.5068975E-001, 2.2210511E+002, 7.3163585E+001, 1.2734027E+001, 4.8848887E-002, 4.1871403E+000, 1.6939731E-001, 1.2387354E+002, 7.7487699E+001, 1.5457567E+001, 3.2267611E-002, 2.7789741E+000, 2.0931428E-001, 1.1505390E+002, 7.4934501E+001, 1.5580116E+001, 3.1521268E-002, 2.7155908E+000, 2.1414728E-001, 1.0478946E+002, 7.1710264E+001, 1.6104595E+001, 2.8327107E-002, 2.4443260E+000, 2.2915310E-001, 1.1192250E+002, 7.3123783E+001, 1.4814265E+001, 3.6185429E-002, 3.1116955E+000, 1.8366629E-001
 1.6702712E+002, 3.1017957E+002, 2.6723681E+002, 9.9185847E+000, 6.5616099E-002, 5.6109830E+000, 1.5036879E-001, 2.1974387E+002, 7.5510710E+001, 1.3041317E+001, 4.6972692E-002, 4.0278027E+000, 1.7341525E-001, 1.2465866E+002, 7.8454196E+001, 1.5324322E+001, 3.3079097E-002, 2.8478896E+000, 2.0397494E-001, 1.1526686E+002, 7.4921720E+001, 1.5372926E+001, 3.2783091E-002, 2.8227513E+000, 2.0660436E-001, 1.0533759E+002, 7.2567616E+001, 1.6008700E+001, 2.8911122E-002, 2.4939236E+000, 2.2499374E-001, 1.0694802E+002, 7.1280407E+001, 1.4722469E+001, 3.6744479E-002, 3.1591729E+000, 1.8026840E-001
 1.6802995E+002, 2.9340346E+002, 2.6902052E+002, 9.9408970E+000, 6.5295092E-002, 5.5836648E+000, 1.5043573E-001, 2.3399044E+002, 7.7971775E+001, 1.2578106E+001, 4.9795377E-002, 4.2675202E+000, 1.6519206E-001, 1.2418515E+002, 7.9824551E+001, 1.5353040E+001, 3.2904198E-002, 2.8330363E+000, 2.0446113E-001, 1.1758340E+002, 7.5935776E+001, 1.5313870E+001, 3.3142751E-002, 2.8532955E+000, 2.0385521E-001, 1.0563144E+002, 7.3106524E+001, 1.5723637E+001, 3.0647201E-002, 2.6413604E+000, 2.1359742E-001, 1.0885799E+002, 7.2235132E+001, 1.4666106E+001, 3.7087740E-002, 3.1883244E+000, 1.7795060E-001
 1.6903031E+002, 2.8756658E+002, 2.7299428E+002, 1.0043861E+001, 6.4762762E-002, 5.5384856E+000, 1.5032490E-001, 2.3490017E+002, 7.9139260E+001, 1.1263601E+001, 5.7727698E-002, 4.9411517E+000, 1.4959694E-001, 1.2411295E+002, 8.1142691E+001, 1.5251600E+001, 3.3521985E-002, 2.8855020E+000, 2.0159538E-001, 1.1826759E+002, 7.7724009E+001, 1.5284167E+001, 3.3323646E-002, 2.8686581E+000, 2.0273152E-001, 1.0673162E+002, 7.3053892E+001, 1.5598997E+001, 3.1406277E-002, 2.7058251E+000, 2.0889201E-001, 1.0947619E+002, 7.5312863E+001, 1.4591019E+001, 3.7545034E-002, 3.2271602E+000, 1.7547877E-001
 1.7003990E+002, 2.8963192E+002, 2.7675031E+002, 1.0143600E+001, 6.4324283E-002, 5.5012993E+000, 1.5018455E-001, 2.3532743E+002, 7.7616255E+001, 1.1509940E+001, 5.6239037E-002, 4.8147305E+000, 1.5146353E-001, 1.2666460E+002, 8.1579930E+001, 1.4922128E+001, 3.5528521E-002, 3.0559075E+000, 1.9230493E-001, 1.1927915E+002, 7.9159160E+001, 1.5120170E+001, 3.4322414E-002, 2.9534786E+000, 1.9755628E-001, 1.0785072E+002, 7.2602095E+001, 1.5641251E+001, 3.1148944E-002, 2.6839711E+000, 2.1006313E-001, 1.1026960E+002, 7.7907339E+001, 1.4498469E+001, 3.8108675E-002, 3.2750276E+000, 1.7333809E-001
 1.7101797E+002, 2.8883370E+002, 2.7204553E+002, 1.0195870E+001, 6.4108453E-002, 5.4830013E+000, 1.5113383E-001, 2.3240009E+002, 7.7280592E+001, 1.1789975E+001, 5.4560567E-002, 4.6721943E+000, 1.5293658E-001, 1.2745401E+002, 8.1008791E+001, 1.4846478E+001, 3.5989247E-002, 3.0950347E+000, 1.8954860E-001, 1.1916693E+002, 7.9409893E+001, 1.5006633E+001, 3.5013873E-002, 3.0122009E+000, 1.9357750E-001, 1.0737194E+002, 7.2889979E+001, 1.5571267E+001, 3.1575162E-002, 2.7201677E+000, 2.0723468E-001, 1.1167321E+002, 7.8770026E+001, 1.4351984E+001, 3.9000795E-002, 3.3507910E+000, 1.7037500E-001
 1.7201450E+002, 2.8917629E+002, 2.7424352E+002, 1.0033897E+001, 6.4786715E-002, 5.5405086E+000, 1.5105126E-001, 2.2808441E+002, 7.9385004E+001, 1.1308581E+001, 5.7486558E-002, 4.9206828E+000, 1.4872655E-001, 1.2345740E+002, 8.0540293E+001, 1.4810502E+001, 3.6208346E-002, 3.1136418E+000, 1.8740824E-001, 1.2016135E+002, 7.8829210E+001, 1.5026828E+001, 3.4890884E-002, 3.0017561E+000, 1.9411182E-001, 1.0703233E+002, 7.4505309E+001, 1.5494371E+001, 3.2043467E-002, 2.7599386E+000, 2.0449641E-001, 1.2101805E+002, 7.8346195E+001, 1.4204243E+001, 3.9900564E-002, 3.4272040E+000, 1.6749598E-001
 1.7303158E+002, 2.8191266E+002, 2.6847425E+002, 9.9445904E+000, 6.5146712E-002, 5.5710252E+000, 1.4907591E-001, 2.3100943E+002, 7.9448447E+001, 1.1422953E+001, 5.6782780E-002, 4.8609122E+000, 1.5003971E-001, 1.2406999E+002, 8.1337479E+001, 1.4323433E+001, 3.9174675E-002, 3.3655578E+000, 1.7423363E-001, 1.2049201E+002, 7.8225317E+001, 1.5015537E+001, 3.4959648E-002, 3.0075958E+000, 1.9396181E-001, 1.0576853E+002, 7.6395675E+001, 1.5423507E+001, 3.2475046E-002, 2.7965905E+000, 2.0198134E-001, 1.2061417E+002, 7.7396376E+001, 1.4103883E+001, 4.0511769E-002, 3.4791108E+000, 1.6501448E-001
 1.7404734E+002, 2.7367291E+002, 2.8328027E+002, 1.0008652E+001, 6.4882190E-002, 5.5485990E+000, 1.4781808E-001, 2.2552354E+002, 7.6130832E+001, 1.0789143E+001, 6.0578196E-002, 5.1832188E+000, 1.4250358E-001, 1.2497530E+002, 8.2575452E+001, 1.4365179E+001, 3.8920437E-002, 3.3439666E+000, 1.7456404E-001, 1.2057058E+002, 7.8095954E+001, 1.4935884E+001, 3.5444748E-002, 3.0487931E+000, 1.9157681E-001, 1.0586775E+002, 7.6945772E+001, 1.5357740E+001, 3.2875578E-002, 2.8306058E+000, 1.9975553E-001, 1.2075068E+002, 7.6727799E+001, 1.4059473E+001, 4.0782238E-002, 3.5020803E+000, 1.6341777E-001
 1.7502436E+002, 2.7215166E+002, 2.6926660E+002, 9.9866353E+000, 6.4963768E-002, 5.5555110E+000, 1.4874467E-001, 2.2547373E+002, 7.3845534E+001, 1.1868428E+001, 5.4094056E-002, 4.6325792E+000, 1.5411007E-001, 1.2550304E+002, 8.3087372E+001, 1.4536854E+001, 3.7874909E-002, 3.2551749E+000, 1.7909095E-001, 1.1930421E+002, 7.8292043E+001, 1.4841629E+001, 3.6018776E-002, 3.0975425E+000, 1.8879108E-001, 1.0842044E+002, 7.6461572E+001, 1.5284173E+001, 3.3323611E-002, 2.8686551E+000, 1.9741580E-001, 1.1675795E+002, 7.6321425E+001, 1.3918915E+001, 4.1638259E-002, 3.5747781E+000, 1.6075381E-001
 1.7603039E+002, 2.6874599E+002, 2.6051373E+002, 1.0064031E+001, 6.4555200E-002, 5.5208324E+000, 1.4644750E-001, 2.2354193E+002, 7.4415155E+001, 1.3248417E+001, 4.5719863E-002, 3.9214085E+000, 1.7443283E-001, 1.2513907E+002, 8.3545913E+001, 1.4616453E+001, 3.7390133E-002, 3.2140052E+000, 1.8224026E-001, 1.1792343E+002, 7.8646390E+001, 1.4765909E+001, 3.6479923E-002, 3.1367055E+000, 1.8635777E-001, 1.0842096E+002, 7.5776406E+001, 1.5261703E+001, 3.3460454E-002, 2.8802765E+000, 1.9673752E-001, 1.1592386E+002, 7.5837527E+001, 1.3750054E+001, 4.2666646E-002, 3.6621141E+000, 1.5773324E-001
 1.7703938E+002, 2.6738551E+002, 2.6131286E+002, 1.0119760E+001, 6.4290504E-002, 5.4983759E+000, 1.4392567E-001, 2.2224939E+002, 7.6067233E+001, 1.2801850E+001, 4.8429485E-002, 4.1515206E+000, 1.6454397E-001, 1.2491078E+002, 8.3740009E+001, 1.4492357E+001, 3.8145898E-002, 3.2781887E+000, 1.7972725E-001, 1.1737311E+002, 7.8914892E+001, 1.4716162E+001, 3.6782892E-002, 3.1624352E+000, 1.8417890E-001, 1.0898809E+002, 7.5403645E+001, 1.5248646E+001, 3.3539974E-002, 2.8870298E+000, 1.9621152E-001, 1.1542007E+002, 7.5887067E+001, 1.3648960E+001, 4.3282328E-002, 3.7144010E+000, 1.5516154E-001
 1.7800537E+002, 2.6607879E+002, 2.6778556E+002, 1.0107363E+001, 6.4350906E-002, 5.5035010E+000, 1.4360901E-001, 2.2147423E+002, 7.6466251E+001, 1.1659170E+001, 5.5370123E-002, 4.7409499E+000, 1.4967620E-001, 1.2341990E+002, 8.3184728E+001, 1.4239378E+001, 3.9686585E-002, 3.4090318E+000, 1.7271459E-001, 1.1650787E+002, 7.8969627E+001, 1.4685348E+001, 3.6970552E-002, 3.1783722E+000, 1.8248256E-001, 1.1238959E+002, 7.5276588E+001, 1.5189712E+001, 3.3898892E-002, 2.9175109E+000, 1.9421191E-001, 1.1433994E+002, 7.6936730E+001, 1.3634642E+001, 4.3369528E-002, 3.7218065E+000, 1.5429943E-001
 1.7900825E+002, 2.6292536E+002, 2.5425701E+002, 1.0106441E+001, 6.4338288E-002, 5.5024238E+000, 1.4435480E-001, 2.2911679E+002, 7.6310426E+001, 1.0781690E+001, 6.0477711E-002, 5.1746405E+000, 1.4555114E-001, 1.2397509E+002, 8.1813253E+001, 1.4127145E+001, 4.0370101E-002, 3.4670795E+000, 1.6910850E-001, 1.1780039E+002, 7.8800702E+001, 1.4603427E+001, 3.7469466E-002, 3.2207426E+000, 1.8039919E-001, 1.1045328E+002, 7.5177768E+001, 1.5131849E+001, 3.4251287E-002, 2.9474382E+000, 1.9225375E-001, 1.1326852E+002, 7.8596870E+001, 1.3642863E+001, 4.3319455E-002, 3.7175540E+000, 1.5395091E-001
 1.8003431E+002, 2.5814982E+002, 2.4950591E+002, 1.0022173E+001, 6.4762480E-002, 5.5384211E+000, 1.4392151E-001, 2.3576072E+002, 7.6282478E+001, 1.0751577E+001, 6.0693233E-002, 5.1929536E+000, 1.4698484E-001, 1.2476967E+002, 8.0730221E+001, 1.4232415E+001, 3.9728990E-002, 3.4126331E+000, 1.7094936E-001, 1.1912061E+002, 7.8560414E+001, 1.4506917E+001, 3.8057226E-002, 3.2706582E+000, 1.7813683E-001, 1.0762421E+002, 7.4771943E+001, 1.5104371E+001, 3.4418633E-002, 2.9616500E+000, 1.9128617E-001, 1.1230213E+002, 8.0248954E+001, 1.3587646E+001, 4.3655739E-002, 3.7461130E+000, 1.5285608E-001
 1.8103902E+002, 2.5497262E+002, 2.5026882E+002, 1.0131771E+001, 6.4190161E-002, 5.4898460E+000, 1.4291963E-001, 2.3287986E+002, 7.8166833E+001, 1.0629377E+001, 6.1306835E-002, 5.2450240E+000, 1.4360834E-001, 1.2440791E+002, 8.1973230E+001, 1.4335110E+001, 3.9103560E-002, 3.3595183E+000, 1.7299191E-001, 1.1758222E+002, 7.8832150E+001, 1.4452800E+001, 3.8386811E-002, 3.2986483E+000, 1.7646119E-001, 1.0727738E+002, 7.4460289E+001, 1.5073994E+001, 3.4603637E-002, 2.9773616E+000, 1.9020289E-001, 1.1294496E+002, 8.1344409E+001, 1.3484277E+001, 4.4285273E-002, 3.7995762E+000, 1.5123769E-001
 1.8200442E+002, 2.4573663E+002, 2.4425119E+002, 1.0150911E+001, 6.3970138E-002, 5.4711288E+000, 1.4266139E-001, 2.2853084E+002, 8.1659745E+001, 1.0375076E+001, 6.2657832E-002, 5.3596972E+000, 1.3966197E-001, 1.2431529E+002, 8.4335441E+001, 1.4428269E+001, 3.8536207E-002, 3.3113357E+000, 1.7517231E-001, 1.1720877E+002, 7.9996830E+001, 1.4403121E+001, 3.8689361E-002, 3.3243424E+000, 1.7526464E-001, 1.0768152E+002, 7.4872172E+001, 1.5020182E+001, 3.4931357E-002, 3.0051932E+000, 1.8841646E-001, 1.1185734E+002, 8.1322630E+001, 1.3445231E+001, 4.4523071E-002, 3.8197713E+000, 1.5009205E-001
 1.8300821E+002, 2.4566890E+002, 2.4592018E+002, 1.0003780E+001, 6.4502566E-002, 5.5162342E+000, 1.4530051E-001, 2.3371214E+002, 8.3330227E+001, 1.0615172E+001, 6.1508358E-002, 5.2621735E+000, 1.4448127E-001, 1.2341353E+002, 8.4817001E+001, 1.4461023E+001, 3.8336732E-002, 3.2943953E+000, 1.7611109E-001, 1.1774487E+002, 8.1177865E+001, 1.4317107E+001, 3.9213198E-002, 3.3688294E+000, 1.7350994E-001, 1.0800622E+002, 7.6413985E+001, 1.4831993E+001, 3.6077458E-002, 3.1025261E+000, 1.8243264E-001, 1.1122989E+002, 8.0326764E+001, 1.3439363E+001, 4.4558808E-002, 3.8228063E+000, 1.4988234E-001
 1.8401445E+002, 2.4931685E+002, 2.4417968E+002, 9.9776590E+000, 6.4552432E-002, 5.5204357E+000, 1.4322224E-001, 2.2228806E+002, 8.1448565E+001, 1.0813902E+001, 6.0342988E-002, 5.1632180E+000, 1.4272825E-001, 1.2422044E+002, 8.4028331E+001, 1.4225767E+001, 3.9769477E-002, 3.4160715E+000, 1.7028601E-001, 1.1887101E+002, 8.1623261E+001, 1.4216054E+001, 3.9828632E-002, 3.4210952E+000, 1.7112902E-001, 1.0801990E+002, 7.7632376E+001, 1.4573402E+001, 3.7652325E-002, 3.2362719E+000, 1.7470724E-001, 1.1245040E+002, 7.8822941E+001, 1.3332566E+001, 4.5209220E-002, 3.8780426E+000, 1.4854112E-001
 1.8501184E+002, 2.4207869E+002, 2.4265691E+002, 1.0136159E+001, 6.3884275E-002, 5.4637832E+000, 1.4239907E-001, 2.1640975E+002, 7.9722715E+001, 1.1333925E+001, 5.7354055E-002, 4.9094367E+000, 1.4691332E-001, 1.2371183E+002, 8.3465010E+001, 1.3918324E+001, 4.1641857E-002, 3.5750837E+000, 1.6318798E-001, 1.1855668E+002, 8.1360211E+001, 1.4092091E+001, 4.0583584E-002, 3.4852096E+000, 1.6847634E-001, 1.0642879E+002, 7.7876619E+001, 1.4528094E+001, 3.7928258E-002, 3.2597056E+000, 1.7384688E-001, 1.1342245E+002, 7.7969934E+001, 1.3158606E+001, 4.6268661E-002, 3.9680159E+000, 1.4585456E-001
 1.8602749E+002, 2.3681344E+002, 2.5418624E+002, 1.0151949E+001, 6.3797240E-002, 5.4563945E+000, 1.4035332E-001, 2.0853603E+002, 8.0305124E+001, 1.2599712E+001, 4.9664357E-002, 4.2563935E+000, 1.5787279E-001, 1.2213374E+002, 8.3035353E+001, 1.3820305E+001, 4.2238809E-002, 3.6257799E+000, 1.6152313E-001, 1.1843863E+002, 8.0770865E+001, 1.4011963E+001, 4.1071576E-002, 3.5266524E+000, 1.6655916E-001, 1.0788629E+002, 7.8248247E+001, 1.4532174E+001, 3.7903407E-002, 3.2575951E+000, 1.7439924E-001, 1.1517928E+002, 7.8115734E+001, 1.3042618E+001, 4.6975046E-002, 4.0280058E+000, 1.4387379E-001
 1.8703975E+002, 2.3505365E+002, 2.3517319E+002, 1.0069489E+001, 6.4138595E-002, 5.4853350E+000, 1.3942146E-001, 2.0100829E+002, 8.1384459E+001, 1.2284269E+001, 5.1587802E-002, 4.4197432E+000, 1.5511759E-001, 1.2202093E+002, 8.2545495E+001, 1.3751289E+001, 4.2659128E-002, 3.6614756E+000, 1.5980335E-001, 1.1887370E+002, 7.9994321E+001, 1.3952137E+001, 4.1435931E-002, 3.5575953E+000, 1.6533283E-001, 1.0948819E+002, 7.8709094E+001, 1.4524737E+001, 3.7948698E-002, 3.2614415E+000, 1.7447109E-001, 1.1061561E+002, 7.8367362E+001, 1.2977330E+001, 4.7372663E-002, 4.0617734E+000, 1.4269311E-001
 1.8802384E+002, 2.3202214E+002, 2.3134964E+002, 1.0060146E+001, 6.4167015E-002, 5.4877399E+000, 1.4024736E-001, 2.0487111E+002, 8.0087660E+001, 1.2440772E+001, 5.0636464E-002, 4.3389511E+000, 1.5567729E-001, 1.2202853E+002, 8.2426209E+001, 1.3638897E+001, 4.3343610E-002, 3.7196053E+000, 1.5661643E-001, 1.1776213E+002, 7.9241410E+001, 1.3873754E+001, 4.1913295E-002, 3.5981356E+000, 1.6372984E-001, 1.0925672E+002, 7.8606057E+001, 1.4454878E+001, 3.8374154E-002, 3.2975734E+000, 1.7299797E-001, 1.0926533E+002, 7.8072548E+001, 1.2939290E+001, 4.7604332E-002, 4.0814480E+000, 1.4153872E-001
 1.8903027E+002, 2.2508464E+002, 2.2344272E+002, 1.0092993E+001, 6.4019418E-002, 5.4752212E+000, 1.4026046E-001, 1.9741201E+002, 8.0050962E+001, 1.1556481E+001, 5.5974501E-002, 4.7922704E+000, 1.4512180E-001, 1.2219643E+002, 8.2971001E+001, 1.3530948E+001, 4.4001040E-002, 3.7754378E+000, 1.5434939E-001, 1.1653109E+002, 7.8918379E+001, 1.3787630E+001, 4.2437800E-002, 3.6426793E+000, 1.6238517E-001, 1.1067391E+002, 7.7652793E+001, 1.4245619E+001, 3.9648578E-002, 3.4058040E+000, 1.6772497E-001, 1.1152601E+002, 7.8130156E+001, 1.2866997E+001, 4.8044612E-002, 4.1188388E+000, 1.3995872E-001
 1.9001065E+002, 2.2985712E+002, 2.1564341E+002, 1.0122164E+001, 6.3537269E-002, 5.4341816E+000, 1.4101374E-001, 2.0167613E+002, 8.1447371E+001, 1.1090243E+001, 5.8734728E-002, 5.0266590E+000, 1.4126159E-001, 1.2241745E+002, 8.4128728E+001, 1.3305609E+001, 4.5373392E-002, 3.8919850E+000, 1.5051070E-001, 1.1611439E+002, 7.9086752E+001, 1.3709782E+001, 4.2911913E-002, 3.6829434E+000, 1.6092919E-001, 1.1215147E+002, 7.6110809E+001, 1.4109140E+001, 4.0479756E-002, 3.4763920E+000, 1.6427934E-001, 1.1716253E+002, 7.8191055E+001, 1.2807292E+001, 4.8408225E-002, 4.1497187E+000, 1.3922371E-001
 1.9101490E+002, 2.2804709E+002, 2.0725090E+002, 1.0074779E+001, 6.3087325E-002, 5.3957442E+000, 1.4215466E-001, 2.0281370E+002, 8.3317493E+001, 1.1281171E+001, 5.7587711E-002, 4.9292532E+000, 1.4408565E-001, 1.2185338E+002, 8.4613932E+001, 1.3291953E+001, 4.5456556E-002, 3.8990477E+000, 1.4978891E-001, 1.1551520E+002, 7.9756810E+001, 1.3690177E+001, 4.3031308E-002, 3.6930831E+000, 1.6006175E-001, 1.1146677E+002, 7.4912344E+001, 1.3959960E+001, 4.1388284E-002, 3.5535490E+000, 1.6180195E-001, 1.1621787E+002, 7.8018153E+001, 1.2791791E+001, 4.8502625E-002, 4.1577357E+000, 1.3921705E-001
 1.9201895E+002, 2.2507085E+002, 1.9734882E+002, 1.0038442E+001, 6.2959528E-002, 5.3847843E+000, 1.4124565E-001, 2.0228257E+002, 8.5186645E+001, 1.0913307E+001, 5.9534292E-002, 5.0944772E+000, 1.3901660E-001, 1.1916807E+002, 8.3643215E+001, 1.3315939E+001, 4.5310477E-002, 3.8866419E+000, 1.4989767E-001, 1.1566964E+002, 8.0593694E+001, 1.3716879E+001, 4.2868689E-002, 3.6792726E+000, 1.5997365E-001, 1.1163069E+002, 7.4726516E+001, 1.3765210E+001, 4.2574346E-002, 3.6542754E+000, 1.5820645E-001, 1.1103683E+002, 7.8220791E+001, 1.2778802E+001, 4.8581734E-002, 4.1644540E+000, 1.3876352E-001
 1.9304152E+002, 2.2138473E+002, 1.9996302E+002, 1.0012415E+001, 6.2681659E-002, 5.3610528E+000, 1.4053901E-001, 2.0263156E+002, 8.5129903E+001, 1.0640263E+001, 6.1082280E-002, 5.2259052E+000, 1.3599711E-001, 1.2019655E+002, 8.3375914E+001, 1.3352841E+001, 4.5085740E-002, 3.8675561E+000, 1.5071511E-001, 1.1709987E+002, 8.1010726E+001, 1.3664132E+001, 4.3189929E-002, 3.7065540E+000, 1.5853304E-001, 1.1118160E+002, 7.5690776E+001, 1.3592873E+001, 4.3623906E-002, 3.7434095E+000, 1.5456728E-001, 1.1081545E+002, 7.9332237E+001, 1.2747765E+001, 4.8770753E-002, 4.1805065E+000, 1.3799445E-001
 1.9401654E+002, 2.1520515E+002, 2.1217730E+002, 9.9878955E+000, 6.2391630E-002, 5.3362877E+000, 1.4028785E-001, 2.0150103E+002, 8.3070489E+001, 1.0600528E+001, 6.1328291E-002, 5.2467990E+000, 1.3862397E-001, 1.2141411E+002, 8.4139819E+001, 1.3445278E+001, 4.4522784E-002, 3.8197469E+000, 1.5274632E-001, 1.1579312E+002, 8.1054472E+001, 1.3611260E+001, 4.3511925E-002, 3.7338996E+000, 1.5679271E-001, 1.1027774E+002, 7.7393527E+001, 1.3541514E+001, 4.3936690E-002, 3.7699728E+000, 1.5316967E-001, 1.1468356E+002, 7.9623634E+001, 1.2729246E+001, 4.8883536E-002, 4.1900847E+000, 1.3772912E-001
 1.9503252E+002, 2.0728281E+002, 1.9903446E+002, 9.9253986E+000, 6.2046608E-002, 5.3067648E+000, 1.4209192E-001, 2.0833371E+002, 8.0440802E+001, 1.0750371E+001, 6.0536385E-002, 5.1795831E+000, 1.4173351E-001, 1.1906033E+002, 8.5316580E+001, 1.3467103E+001, 4.4389868E-002, 3.8084590E+000, 1.5292370E-001, 1.1587818E+002, 8.1215671E+001, 1.3531367E+001, 4.3998486E-002, 3.7752209E+000, 1.5500604E-001, 1.0957949E+002, 7.8748737E+001, 1.3564909E+001, 4.3794212E-002, 3.7578728E+000, 1.5318585E-001, 1.1940680E+002, 7.8202574E+001, 1.2695439E+001, 4.9089425E-002, 4.2075698E+000, 1.3765361E-001
 1.9603270E+002, 2.0940537E+002, 2.1537177E+002, 9.9085772E+000, 6.1893678E-002, 5.2936992E+000, 1.4066566E-001, 2.0583685E+002, 7.7658569E+001, 1.0909047E+001, 5.9771878E-002, 5.1147189E+000, 1.4358547E-001, 1.1730332E+002, 8.6276443E+001, 1.3407093E+001, 4.4755334E-002, 3.8394963E+000, 1.5155974E-001, 1.1757171E+002, 8.1803663E+001, 1.3472008E+001, 4.4359996E-002, 3.8059221E+000, 1.5405468E-001, 1.0824141E+002, 7.8956255E+001, 1.3548157E+001, 4.3896232E-002, 3.7665369E+000, 1.5268502E-001, 1.1602396E+002, 7.6802168E+001, 1.2627069E+001, 4.9505808E-002, 4.2429312E+000, 1.3682706E-001
 1.9704625E+002, 2.1252818E+002, 1.9939290E+002, 9.9473013E+000, 6.2146147E-002, 5.3152894E+000, 1.3898958E-001, 2.0016998E+002, 7.5522060E+001, 1.0985779E+001, 5.9246300E-002, 5.0700663E+000, 1.4253329E-001, 1.1834594E+002, 8.6240486E+001, 1.3322953E+001, 4.5267763E-002, 3.8830144E+000, 1.5032014E-001, 1.1701058E+002, 8.2509984E+001, 1.3466992E+001, 4.4390545E-002, 3.8085165E+000, 1.5362306E-001, 1.0752348E+002, 7.8194881E+001, 1.3435421E+001, 4.4582817E-002, 3.8248452E+000, 1.5005363E-001, 1.1440205E+002, 7.6990174E+001, 1.2548129E+001, 4.9986568E-002, 4.2837598E+000, 1.3569270E-001
 1.9800343E+002, 2.1048317E+002, 1.9756215E+002, 1.0038579E+001, 6.2493540E-002, 5.3450680E+000, 1.3810490E-001, 1.9735076E+002, 7.5552942E+001, 1.1517861E+001, 5.6235470E-002, 4.8144412E+000, 1.4526853E-001, 1.1893024E+002, 8.4797480E+001, 1.3171933E+001, 4.6187501E-002, 3.9611234E+000, 1.4799442E-001, 1.2197107E+002, 8.2802544E+001, 1.3469302E+001, 4.4376475E-002, 3.8073216E+000, 1.5349996E-001, 1.0931981E+002, 7.7106878E+001, 1.3476139E+001, 4.4334834E-002, 3.8037853E+000, 1.5064835E-001, 1.1754913E+002, 7.7413467E+001, 1.2491020E+001, 5.0334373E-002, 4.3132972E+000, 1.3459047E-001
 1.9901242E+002, 2.1181962E+002, 1.9893584E+002, 1.0108239E+001, 6.2623060E-002, 5.3562367E+000, 1.3644737E-001, 1.9530055E+002, 7.7419162E+001, 1.1811848E+001, 5.4464797E-002, 4.6640725E+000, 1.4469658E-001, 1.1673258E+002, 8.3315240E+001, 1.3032252E+001, 4.7038183E-002, 4.0333676E+000, 1.4567224E-001, 1.1610578E+002, 8.2393058E+001, 1.3434553E+001, 4.4588099E-002, 3.8252938E+000, 1.5292518E-001, 1.1158076E+002, 7.6467017E+001, 1.3511804E+001, 4.4117628E-002, 3.7853390E+000, 1.5137137E-001, 1.1488453E+002, 7.7344064E+001, 1.2440663E+001, 5.0641053E-002, 4.3393421E+000, 1.3352168E-001
 2.0000265E+002, 2.1295772E+002, 1.9206142E+002, 1.0071895E+001, 6.2445734E-002, 5.3410555E+000, 1.3725637E-001, 1.8701490E+002, 7.8809042E+001, 1.1278624E+001, 5.7612145E-002, 4.9313310E+000, 1.4093585E-001, 1.2051572E+002, 8.3688596E+001, 1.3005409E+001, 4.7201660E-002, 4.0472510E+000, 1.4509981E-001, 1.1709909E+002, 8.1630637E+001, 1.3362816E+001, 4.5024990E-002, 3.8623968E+000, 1.5200855E-001, 1.1472083E+002, 7.6250587E+001, 1.3485217E+001, 4.4279550E-002, 3.7990903E+000, 1.5089061E-001, 1.1531261E+002, 7.6997147E+001, 1.2401758E+001, 5.0877989E-002, 4.3594639E+000, 1.3249025E-001
 2.0100103E+002, 2.0741655E+002, 1.9229947E+002, 1.0092412E+001, 6.2346234E-002, 5.3326132E+000, 1.3754702E-001, 1.8998778E+002, 7.9206167E+001, 1.0841918E+001, 5.9915266E-002, 5.1268150E+000, 1.3673237E-001, 1.2188581E+002, 8.4810725E+001, 1.3044620E+001, 4.6962854E-002, 4.0269704E+000, 1.4543481E-001, 1.1905848E+002, 8.0852642E+001, 1.3277590E+001, 4.5544033E-002, 3.9064767E+000, 1.5066058E-001, 1.1539963E+002, 7.6265650E+001, 1.3413918E+001, 4.4713770E-002, 3.8359665E+000, 1.4972267E-001, 1.1435248E+002, 7.6980942E+001, 1.2362634E+001, 5.1116263E-002, 4.3796994E+000, 1.3167247E-001
 2.0203155E+002, 2.0477551E+002, 2.0898401E+002, 1.0037017E+001, 6.2001260E-002, 5.3031076E+000, 1.3725643E-001, 1.9441489E+002, 7.7768052E+001, 1.0819130E+001, 6.0181327E-002, 5.1494492E+000, 1.3923409E-001, 1.1973929E+002, 8.4788042E+001, 1.3027255E+001, 4.7068610E-002, 4.0359517E+000, 1.4510947E-001, 1.1976924E+002, 8.0112201E+001, 1.3185777E+001, 4.6103185E-002, 3.9539628E+000, 1.4947382E-001, 1.1376188E+002, 7.6341767E+001, 1.3278971E+001, 4.5535622E-002, 3.9057624E+000, 1.4791840E-001, 1.0876165E+002, 7.7510572E+001, 1.2315330E+001, 5.1404354E-002, 4.4041656E+000, 1.3124539E-001
 2.0304743E+002, 2.0225774E+002, 1.9202432E+002, 1.0067251E+001, 6.1897786E-002, 5.2943447E+000, 1.3797146E-001, 1.9078090E+002, 7.9014100E+001, 1.1067364E+001, 5.8934663E-002, 5.0436570E+000, 1.4080632E-001, 1.1956614E+002, 8.3926873E+001, 1.2795199E+001, 4.8481869E-002, 4.1559730E+000, 1.4093337E-001, 1.2092309E+002, 7.9808401E+001, 1.3084109E+001, 4.6722359E-002, 4.0065463E+000, 1.4775440E-001, 1.1275785E+002, 7.6600729E+001, 1.3246992E+001, 4.5730376E-002, 3.9223020E+000, 1.4747976E-001, 1.1093469E+002, 7.8471145E+001, 1.2253166E+001, 5.1782939E-002, 4.4363170E+000, 1.3085444E-001
 2.0403129E+002, 2.0121887E+002, 1.9071732E+002, 1.0048858E+001, 6.1959031E-002, 5.2995304E+000, 1.3783386E-001, 1.8319810E+002, 8.0418532E+001, 1.1523198E+001, 5.6213556E-002, 4.8125833E+000, 1.4087962E-001, 1.1972254E+002, 8.4267244E+001, 1.2719667E+001, 4.8941877E-002, 4.1950392E+000, 1.3933213E-001, 1.2291424E+002, 8.0586962E+001, 1.2987385E+001, 4.7311427E-002, 4.0565730E+000, 1.4597491E-001, 1.1675881E+002, 7.6821814E+001, 1.3249552E+001, 4.5714788E-002, 3.9209781E+000, 1.4697832E-001, 1.1214556E+002, 7.9297214E+001, 1.2161011E+001, 5.2344183E-002, 4.4839807E+000, 1.3013299E-001
 2.0504441E+002, 1.9693989E+002, 1.8632481E+002, 1.0119285E+001, 6.2202058E-002, 5.3203749E+000, 1.3696175E-001, 1.8350408E+002, 7.8212500E+001, 1.1120707E+001, 5.8434689E-002, 5.0011431E+000, 1.4030129E-001, 1.1673220E+002, 8.5060116E+001, 1.2756753E+001, 4.8716014E-002, 4.1758578E+000, 1.4025215E-001, 1.2196182E+002, 8.1943723E+001, 1.2881874E+001, 4.7954005E-002, 4.1111440E+000, 1.4491801E-001, 1.1646704E+002, 7.6799257E+001, 1.3263771E+001, 4.5628192E-002, 3.9136239E+000, 1.4728506E-001, 1.1390005E+002, 7.9821540E+001, 1.2042077E+001, 5.3068509E-002, 4.5454942E+000, 1.2884735E-001
 2.0603241E+002, 1.9685821E+002, 1.7676147E+002, 1.0118877E+001, 6.2167693E-002, 5.3174452E+000, 1.3700704E-001, 1.9508366E+002, 7.8770883E+001, 1.1002558E+001, 5.8969501E-002, 5.0465057E+000, 1.3721551E-001, 1.1922377E+002, 8.5290299E+001, 1.2736203E+001, 4.8841165E-002, 4.1864863E+000, 1.4036746E-001, 1.2305797E+002, 8.2636101E+001, 1.2614925E+001, 4.9579772E-002, 4.2492126E+000, 1.4112728E-001, 1.1546662E+002, 7.6700315E+001, 1.3203305E+001, 4.5996442E-002, 3.9448976E+000, 1.4714805E-001, 1.1399198E+002, 8.0172116E+001, 1.1961940E+001, 5.3556556E-002, 4.5869417E+000, 1.2755664E-001
 2.0702888E+002, 1.9666130E+002, 1.7366689E+002, 1.0152509E+001, 6.2258732E-002, 5.3252672E+000, 1.3626855E-001, 1.8417430E+002, 8.2317707E+001, 1.0822912E+001, 6.0064077E-002, 5.1394629E+000, 1.3639025E-001, 1.1995791E+002, 8.5743023E+001, 1.2792266E+001, 4.8499736E-002, 4.1574904E+000, 1.4031598E-001, 1.2391611E+002, 8.2848692E+001, 1.2436111E+001, 5.0668775E-002, 4.3416964E+000, 1.3819589E-001, 1.1402048E+002, 7.6781552E+001, 1.2965485E+001, 4.7444803E-002, 4.0679000E+000, 1.4358030E-001, 1.1426710E+002, 8.0370239E+001, 1.1926720E+001, 5.3771050E-002, 4.6051577E+000, 1.2651578E-001
 2.0805613E+002, 1.9353597E+002, 1.7296652E+002, 1.0101125E+001, 6.1886145E-002, 5.2934156E+000, 1.3574666E-001, 1.8618372E+002, 8.6037181E+001, 1.0895122E+001, 5.9660288E-002, 5.1051820E+000, 1.3781336E-001, 1.1668744E+002, 8.5917958E+001, 1.2789516E+001, 4.8516480E-002, 4.1589123E+000, 1.3927371E-001, 1.2298109E+002, 8.2992015E+001, 1.2447565E+001, 5.0599021E-002, 4.3357725E+000, 1.3820592E-001, 1.1535958E+002, 7.7041297E+001, 1.2871516E+001, 4.8017089E-002, 4.1165015E+000, 1.4220703E-001, 1.1510913E+002, 8.0324133E+001, 1.1960413E+001, 5.3565833E-002, 4.5877295E+000, 1.2664237E-001
 2.0904592E+002, 1.9281490E+002, 1.7633811E+002, 1.0036547E+001, 6.1526902E-002, 5.2626768E+000, 1.3483148E-001, 1.8330274E+002, 8.7283476E+001, 1.0907944E+001, 5.9576978E-002, 5.0981053E+000, 1.3706502E-001, 1.1577810E+002, 8.5487003E+001, 1.2694241E+001, 4.9096723E-002, 4.2081896E+000, 1.3792569E-001, 1.2235711E+002, 8.2752302E+001, 1.2457284E+001, 5.0539831E-002, 4.3307458E+000, 1.3840834E-001, 1.1478495E+002, 7.7331688E+001, 1.2866615E+001, 4.8046937E-002, 4.1190363E+000, 1.4209592E-001, 1.1501270E+002, 8.0143585E+001, 1.1867223E+001, 5.4131352E-002, 4.6357558E+000, 1.2629694E-001
 2.1000596E+002, 1.8794548E+002, 1.7659462E+002, 1.0105992E+001, 6.1903878E-002, 5.2949361E+000, 1.3317096E-001, 1.8384042E+002, 8.5938961E+001, 1.1076251E+001, 5.8793816E-002, 5.0316691E+000, 1.3762305E-001, 1.1595365E+002, 8.4607872E+001, 1.2607823E+001, 4.9623022E-002, 4.2528856E+000, 1.3671010E-001, 1.2415191E+002, 8.1921836E+001, 1.2301917E+001, 5.1486038E-002, 4.4111026E+000, 1.3654564E-001, 1.1353528E+002, 7.7584014E+001, 1.2898201E+001, 4.7854570E-002, 4.1026995E+000, 1.4221658E-001, 1.1969911E+002, 8.0133540E+001, 1.1790766E+001, 5.4590925E-002, 4.6747833E+000, 1.2603376E-001
 2.1102029E+002, 1.8895919E+002, 1.7499497E+002, 1.0129958E+001, 6.2134199E-002, 5.3146112E+000, 1.3104974E-001, 1.8482247E+002, 8.3381776E+001, 1.1176366E+001, 5.8106958E-002, 4.9733140E+000, 1.3564760E-001, 1.1623991E+002, 8.4233361E+001, 1.2519941E+001, 5.0158239E-002, 4.2983390E+000, 1.3560676E-001, 1.2295262E+002, 8.0839465E+001, 1.2110789E+001, 5.2650041E-002, 4.5099557E+000, 1.3398784E-001, 1.1383734E+002, 7.7666551E+001, 1.2883017E+001, 4.7947042E-002, 4.1105527E+000, 1.4150558E-001, 1.1592663E+002, 8.0130345E+001, 1.1769315E+001, 5.4715986E-002, 4.6854023E+000, 1.2586639E-001
 2.1203670E+002, 1.8451352E+002, 1.7194229E+002, 1.0104157E+001, 6.1826561E-002, 5.2883429E+000, 1.3289642E-001, 1.8066966E+002, 8.1779496E+001, 1.1203459E+001, 5.7779909E-002, 4.9454898E+000, 1.3477432E-001, 1.1801730E+002, 8.4484413E+001, 1.2460339E+001, 5.0521225E-002, 4.3291657E+000, 1.3507595E-001, 1.2154242E+002, 8.0488049E+001, 1.2124016E+001, 5.2569484E-002, 4.5031144E+000, 1.3398970E-001, 1.1310338E+002, 7.7452672E+001, 1.2799514E+001, 4.8455590E-002, 4.1537412E+000, 1.3978094E-001, 1.1388118E+002, 8.0015410E+001, 1.1743164E+001, 5.4869048E-002, 4.6983993E+000, 1.2516434E-001
 2.1300272E+002, 1.8281753E+002, 1.7291235E+002, 1.0003244E+001, 6.1201896E-002, 5.2349143E+000, 1.3460288E-001, 1.7682259E+002, 8.0965151E+001, 1.1242967E+001, 5.7555543E-002, 4.9264404E+000, 1.3476398E-001, 1.1866038E+002, 8.4289494E+001, 1.2431493E+001, 5.0696903E-002, 4.3440852E+000, 1.3482265E-001, 1.2261806E+002, 8.1077310E+001, 1.2190883E+001, 5.2162256E-002, 4.4685306E+000, 1.3421833E-001, 1.1143620E+002, 7.6778462E+001, 1.2772776E+001, 4.8618431E-002, 4.1675705E+000, 1.3948035E-001, 1.1603636E+002, 8.0149861E+001, 1.1717295E+001, 5.5020017E-002, 4.7112183E+000, 1.2434980E-001
 2.1401174E+002, 1.8352728E+002, 1.6996349E+002, 9.9514446E+000, 6.0999904E-002, 5.2176019E+000, 1.3413032E-001, 1.7116280E+002, 8.0480584E+001, 1.1107097E+001, 5.8281713E-002, 4.9880796E+000, 1.3475272E-001, 1.1829712E+002, 8.3879504E+001, 1.2438210E+001, 5.0655994E-002, 4.3406110E+000, 1.3507271E-001, 1.2204447E+002, 8.2068856E+001, 1.2212290E+001, 5.2031884E-002, 4.4574586E+000, 1.3414965E-001, 1.1158611E+002, 7.6591322E+001, 1.2728726E+001, 4.8886704E-002, 4.1903537E+000, 1.3938115E-001, 1.1377674E+002, 8.0849355E+001, 1.1714720E+001, 5.5033154E-002, 4.7123332E+000, 1.2380096E-001
 2.1504687E+002, 1.8568824E+002, 1.6260797E+002, 1.0018714E+001, 6.1455670E-002, 5.2565724E+000, 1.3294439E-001, 1.6881774E+002, 8.0298061E+001, 1.1185609E+001, 5.7927158E-002, 4.9580066E+000, 1.3489239E-001, 1.1812713E+002, 8.3897943E+001, 1.2451282E+001, 5.0576385E-002, 4.3338502E+000, 1.3572806E-001, 1.2213073E+002, 8.2964614E+001, 1.2178282E+001, 5.2238995E-002, 4.4750476E+000, 1.3424775E-001, 1.1399996E+002, 7.7698443E+001, 1.2665129E+001, 4.9274018E-002, 4.2232463E+000, 1.3885700E-001, 1.1137475E+002, 8.1223366E+001, 1.1753906E+001, 5.4802089E-002, 4.6927123E+000, 1.2358653E-001
 2.1604099E+002, 1.7894013E+002, 1.6813044E+002, 1.0033688E+001, 6.1304156E-002, 5.2436866E+000, 1.3302450E-001, 1.6776105E+002, 7.8950443E+001, 1.1128168E+001, 5.8219245E-002, 4.9827946E+000, 1.3402288E-001, 1.1796584E+002, 8.3461652E+001, 1.2499123E+001, 5.0285025E-002, 4.3091064E+000, 1.3636907E-001, 1.2272563E+002, 8.3385056E+001, 1.2154232E+001, 5.2385463E-002, 4.4874865E+000, 1.3406982E-001, 1.1400693E+002, 7.9275079E+001, 1.2598839E+001, 4.9677733E-002, 4.2575319E+000, 1.3770385E-001, 1.0856303E+002, 8.0472623E+001, 1.1760552E+001, 5.4762770E-002, 4.6893735E+000, 1.2339133E-001
 2.1701743E+002, 1.7708611E+002, 1.6267508E+002, 1.0026145E+001, 6.1140894E-002, 5.2297576E+000, 1.3273056E-001, 1.6538121E+002, 7.7496977E+001, 1.1123185E+001, 5.8273202E-002, 4.9873841E+000, 1.3319906E-001, 1.1941212E+002, 8.3113142E+001, 1.2448131E+001, 5.0595572E-002, 4.3354796E+000, 1.3526204E-001, 1.2448710E+002, 8.3462138E+001, 1.2132403E+001, 5.2518403E-002, 4.4987764E+000, 1.3384777E-001, 1.1289250E+002, 8.0402365E+001, 1.2448240E+001, 5.0594912E-002, 4.3354235E+000, 1.3505900E-001, 1.1287647E+002, 7.9207481E+001, 1.1721124E+001, 5.4994958E-002, 4.7090896E+000, 1.2299432E-001
 2.1802032E+002, 1.7297882E+002, 1.6130640E+002, 1.0085047E+001, 6.1622155E-002, 5.2708856E+000, 1.3046289E-001, 1.6609347E+002, 8.0098748E+001, 1.1232011E+001, 5.7649622E-002, 4.9344384E+000, 1.3295741E-001, 1.2207957E+002, 8.3775624E+001, 1.2280147E+001, 5.1618622E-002, 4.4223623E+000, 1.3203212E-001, 1.2465920E+002, 8.3830139E+001, 1.2093830E+001, 5.2753319E-002, 4.5187267E+000, 1.3318815E-001, 1.1440163E+002, 8.0742851E+001, 1.2357771E+001, 5.1145882E-002, 4.3822148E+000, 1.3352732E-001, 1.1010064E+002, 7.7855266E+001, 1.1692715E+001, 5.5159471E-002, 4.7230584E+000, 1.2256399E-001
 2.1902853E+002, 1.7017519E+002, 1.5983232E+002, 1.0060943E+001, 6.1395710E-002, 5.2515406E+000, 1.3120858E-001, 1.6983683E+002, 8.3980271E+001, 1.1262943E+001, 5.7444453E-002, 4.9170093E+000, 1.3332723E-001, 1.2074097E+002, 8.5079216E+001, 1.2203627E+001, 5.2084644E-002, 4.4619393E+000, 1.3071398E-001, 1.2303046E+002, 8.4474391E+001, 1.1996581E+001, 5.3345574E-002, 4.5690240E+000, 1.3159877E-001, 1.1526199E+002, 8.0404763E+001, 1.2324919E+001, 5.1345951E-002, 4.3992057E+000, 1.3328108E-001, 1.0809220E+002, 7.6984853E+001, 1.1681890E+001, 5.5223701E-002, 4.7285126E+000, 1.2226026E-001
 2.2003096E+002, 1.7581687E+002, 1.5855058E+002, 1.0062493E+001, 6.1309638E-002, 5.2442075E+000, 1.3104687E-001, 1.6501556E+002, 8.4810455E+001, 1.1160012E+001, 5.8017499E-002, 4.9656588E+000, 1.3332579E-001, 1.1868296E+002, 8.5955596E+001, 1.2204909E+001, 5.2076836E-002, 4.4612762E+000, 1.3129198E-001, 1.2202180E+002, 8.4683847E+001, 1.1804184E+001, 5.4512394E-002, 4.6681149E+000, 1.2957910E-001, 1.1361524E+002, 7.9849674E+001, 1.2215131E+001, 5.2014581E-002, 4.4559892E+000, 1.3184284E-001, 1.0401135E+002, 7.7528631E+001, 1.1672108E+001, 5.5282199E-002, 4.7334802E+000, 1.2199573E-001
 2.2101224E+002, 1.7417077E+002, 1.5702846E+002, 1.0090842E+001, 6.1217258E-002, 5.2363867E+000, 1.3170698E-001, 1.6435334E+002, 8.1747572E+001, 1.1138819E+001, 5.8173122E-002, 4.9788832E+000, 1.3394794E-001, 1.1728343E+002, 8.5941147E+001, 1.2185881E+001, 5.2192717E-002, 4.4711175E+000, 1.3146432E-001, 1.2308765E+002, 8.4316314E+001, 1.1704684E+001, 5.5100751E-002, 4.7180759E+000, 1.2879348E-001, 1.1426379E+002, 7.9219616E+001, 1.2153712E+001, 5.2388633E-002, 4.4877556E+000, 1.3103289E-001, 1.0568652E+002, 7.9069373E+001, 1.1659861E+001, 5.5353935E-002, 4.7395715E+000, 1.2171698E-001
 2.2203507E+002, 1.6964868E+002, 1.5218933E+002, 1.0066104E+001, 6.1117872E-002, 5.2278698E+000, 1.3093348E-001, 1.6044611E+002, 8.2677678E+001, 1.1289044E+001, 5.7443577E-002, 4.9169832E+000, 1.3430093E-001, 1.1504721E+002, 8.5400889E+001, 1.2161740E+001, 5.2339742E-002, 4.4836036E+000, 1.3121356E-001, 1.2295831E+002, 8.3886655E+001, 1.1675750E+001, 5.5270164E-002, 4.7324612E+000, 1.2823800E-001, 1.1839152E+002, 7.8820169E+001, 1.2124567E+001, 5.2566109E-002, 4.5028278E+000, 1.3068684E-001, 1.1104536E+002, 8.0706883E+001, 1.1648107E+001, 5.5419244E-002, 4.7451160E+000, 1.2153752E-001
 2.2302099E+002, 1.6726375E+002, 1.4966404E+002, 1.0092492E+001, 6.1131991E-002, 5.2291224E+000, 1.3058366E-001, 1.6412790E+002, 8.4283922E+001, 1.1311759E+001, 5.7348895E-002, 4.9089557E+000, 1.3477120E-001, 1.1511869E+002, 8.4353646E+001, 1.2071469E+001, 5.2889472E-002, 4.5302895E+000, 1.3021876E-001, 1.2111817E+002, 8.3830551E+001, 1.1648542E+001, 5.5424991E-002, 4.7456066E+000, 1.2754185E-001, 1.1900527E+002, 7.9063702E+001, 1.1907298E+001, 5.3886042E-002, 4.6149224E+000, 1.2720168E-001, 1.0696169E+002, 8.1729818E+001, 1.1636547E+001, 5.5477655E-002, 4.7500729E+000, 1.2155392E-001
 2.2403203E+002, 1.6780824E+002, 1.5044408E+002, 1.0102037E+001, 6.1102765E-002, 5.2266491E+000, 1.3088257E-001, 1.6477459E+002, 8.3310768E+001, 1.1257563E+001, 5.7634485E-002, 4.9331959E+000, 1.3414406E-001, 1.1602392E+002, 8.3448342E+001, 1.1975273E+001, 5.3475150E-002, 4.5800282E+000, 1.2909599E-001, 1.1901777E+002, 8.3917362E+001, 1.1606625E+001, 5.5661687E-002, 4.7657024E+000, 1.2696691E-001, 1.2533808E+002, 7.9877895E+001, 1.1817269E+001, 5.4428459E-002, 4.6609854E+000, 1.2584676E-001, 1.0160467E+002, 8.1812456E+001, 1.1618135E+001, 5.5575274E-002, 4.7583587E+000, 1.2156940E-001
 2.2500037E+002, 1.7158779E+002, 1.4893876E+002, 1.0051769E+001, 6.0900002E-002, 5.2092739E+000, 1.3235199E-001, 1.5619924E+002, 8.2541813E+001, 1.1270218E+001, 5.7523915E-002, 4.9237954E+000, 1.3199787E-001, 1.1414555E+002, 8.3533201E+001, 1.2062796E+001, 5.2942280E-002, 4.5347742E+000, 1.3007716E-001, 1.1741342E+002, 8.3908283E+001, 1.1578587E+001, 5.5827126E-002, 4.7797507E+000, 1.2693341E-001, 1.1831540E+002, 8.0669085E+001, 1.1772934E+001, 5.4692538E-002, 4.6834106E+000, 1.2585917E-001, 1.0025974E+002, 8.1440275E+001, 1.1594444E+001, 5.5700536E-002, 4.7689909E+000, 1.2133659E-001
 2.2604146E+002, 1.6937042E+002, 1.4770943E+002, 1.0016341E+001, 6.0644530E-002, 5.1874339E+000, 1.3199408E-001, 1.5165201E+002, 8.3925844E+001, 1.1316296E+001, 5.7206647E-002, 4.8968401E+000, 1.3089513E-001, 1.1072870E+002, 8.4716514E+001, 1.2117748E+001, 5.2607643E-002, 4.5063551E+000, 1.3012116E-001, 1.1616279E+002, 8.3731758E+001, 1.1602579E+001, 5.5688001E-002, 4.7679376E+000, 1.2713223E-001, 1.1419060E+002, 8.0784040E+001, 1.1772113E+001, 5.4695094E-002, 4.6836269E+000, 1.2591103E-001, 9.9690560E+001, 8.0965167E+001, 1.1577460E+001, 5.5789516E-002, 4.7765431E+000, 1.2100467E-001
 2.2703931E+002, 1.7241017E+002, 1.4476276E+002, 1.0010509E+001, 6.0545803E-002, 5.1790084E+000, 1.3138101E-001, 1.4510875E+002, 8.8196364E+001, 1.1304728E+001, 5.7198912E-002, 4.8961593E+000, 1.3108463E-001, 1.1007511E+002, 8.4872127E+001, 1.2055080E+001, 5.2989181E-002, 4.5387572E+000, 1.2950582E-001, 1.1484535E+002, 8.2930291E+001, 1.1687615E+001, 5.5193551E-002, 4.7259535E+000, 1.2667440E-001, 1.1449599E+002, 7.9608515E+001, 1.1783675E+001, 5.4624693E-002, 4.6776481E+000, 1.2631913E-001, 9.8568613E+001, 8.1083953E+001, 1.1603964E+001, 5.5637147E-002, 4.7636059E+000, 1.2171214E-001
 2.2800150E+002, 1.7917160E+002, 1.4316851E+002, 9.9987017E+000, 6.0498117E-002, 5.1749220E+000, 1.3206457E-001, 1.4311303E+002, 8.9997288E+001, 1.1250692E+001, 5.7358964E-002, 4.9097001E+000, 1.3172615E-001, 1.1114080E+002, 8.3014171E+001, 1.1996819E+001, 5.3343984E-002, 4.5688889E+000, 1.2927249E-001, 1.1360856E+002, 8.1460063E+001, 1.1687005E+001, 5.5197072E-002, 4.7262525E+000, 1.2607009E-001, 1.1354381E+002, 7.8104471E+001, 1.1789773E+001, 5.4588501E-002, 4.6745747E+000, 1.2638123E-001, 9.7733924E+001, 8.1458499E+001, 1.1641691E+001, 5.5423567E-002, 4.7454725E+000, 1.2254771E-001
 2.2905748E+002, 1.7286792E+002, 1.4300046E+002, 9.9791074E+000, 6.0441222E-002, 5.1700364E+000, 1.3061705E-001, 1.4832060E+002, 8.9601757E+001, 1.1231168E+001, 5.7451688E-002, 4.9175668E+000, 1.3179279E-001, 1.1047707E+002, 8.1640091E+001, 1.1965361E+001, 5.3535604E-002, 4.5851623E+000, 1.2870428E-001, 1.1301874E+002, 8.0576220E+001, 1.1642101E+001, 5.5449700E-002, 4.7477006E+000, 1.2588770E-001, 1.1053222E+002, 7.7232718E+001, 1.1796918E+001, 5.4544285E-002, 4.6708195E+000, 1.2627308E-001, 9.7029102E+001, 7.9874008E+001, 1.1630754E+001, 5.5471962E-002, 4.7495768E+000, 1.2239379E-001
 2.3003206E+002, 1.6634613E+002, 1.4406299E+002, 1.0000962E+001, 6.0491894E-002, 5.1743959E+000, 1.3032478E-001, 1.5113022E+002, 8.9358903E+001, 1.1277747E+001, 5.7224103E-002, 4.8982562E+000, 1.3214424E-001, 1.0924339E+002, 8.1867823E+001, 1.1938296E+001, 5.3700205E-002, 4.5991411E+000, 1.2776587E-001, 1.1128854E+002, 8.1584287E+001, 1.1660509E+001, 5.5320426E-002, 4.7367168E+000, 1.2629291E-001, 1.0858854E+002, 7.7422592E+001, 1.1768458E+001, 5.4709287E-002, 4.6848298E+000, 1.2594923E-001, 9.6722744E+001, 7.9270024E+001, 1.1570848E+001, 5.5799474E-002, 4.7773795E+000, 1.2146160E-001
 2.3105684E+002, 1.7111438E+002, 1.4758567E+002, 1.0017159E+001, 6.0404980E-002, 5.1670183E+000, 1.3289627E-001, 1.4508720E+002, 8.6746487E+001, 1.1293874E+001, 5.7118979E-002, 4.8893264E+000, 1.3149971E-001, 1.0743190E+002, 8.2735272E+001, 1.1955271E+001, 5.3596934E-002, 4.5903707E+000, 1.2781691E-001, 1.1009340E+002, 8.3332968E+001, 1.1677474E+001, 5.5213639E-002, 4.7276468E+000, 1.2633219E-001, 1.0638594E+002, 7.8220713E+001, 1.1756467E+001, 5.4780364E-002, 4.6908654E+000, 1.2537321E-001, 9.8174191E+001, 8.1448073E+001, 1.1556997E+001, 5.5873798E-002, 4.7836884E+000, 1.2130149E-001
 2.3204978E+002, 1.6790045E+002, 1.5054591E+002, 9.9983074E+000, 6.0619184E-002, 5.1852400E+000, 1.3077474E-001, 1.4131004E+002, 8.7379862E+001, 1.1340179E+001, 5.6891981E-002, 4.8700654E+000, 1.3140971E-001, 1.0592410E+002, 8.3511658E+001, 1.1973071E+001, 5.3488619E-002, 4.5811721E+000, 1.2830206E-001, 1.0951992E+002, 8.4586632E+001, 1.1729411E+001, 5.4912030E-002, 4.7020371E+000, 1.2645761E-001, 1.0400332E+002, 7.9484661E+001, 1.1766091E+001, 5.4720363E-002, 4.6857694E+000, 1.2514381E-001, 9.7214563E+001, 8.2384676E+001, 1.1543824E+001, 5.5946425E-002, 4.7898539E+000, 1.2116542E-001
 2.3301235E+002, 1.6087812E+002, 1.4442636E+002, 1.0005358E+001, 6.0683355E-002, 5.1907224E+000, 1.3003352E-001, 1.4322289E+002, 8.8484988E+001, 1.1363742E+001, 5.6778297E-002, 4.8604199E+000, 1.3115615E-001, 1.0645212E+002, 8.3732954E+001, 1.1955596E+001, 5.3593754E-002, 4.5901004E+000, 1.2814601E-001, 1.0777851E+002, 8.5028123E+001, 1.1801774E+001, 5.4498925E-002, 4.6669625E+000, 1.2699196E-001, 1.0257446E+002, 8.0967951E+001, 1.1758679E+001, 5.4762007E-002, 4.6893049E+000, 1.2514293E-001, 9.5675672E+001, 8.0477846E+001, 1.1557054E+001, 5.5875933E-002, 4.7838705E+000, 1.2140250E-001
 2.3403677E+002, 1.5865166E+002, 1.4208330E+002, 1.0018250E+001, 6.0728451E-002, 5.1945900E+000, 1.2882310E-001, 1.4108920E+002, 8.3359529E+001, 1.1330004E+001, 5.6929343E-002, 4.8732309E+000, 1.3008462E-001, 1.0652452E+002, 8.3439143E+001, 1.1904888E+001, 5.3889312E-002, 4.6151966E+000, 1.2717796E-001, 1.0491171E+002, 8.4675430E+001, 1.1868796E+001, 5.4106581E-002, 4.6336474E+000, 1.2751809E-001, 1.0126443E+002, 8.1600036E+001, 1.1763099E+001, 5.4731738E-002, 4.6867333E+000, 1.2543067E-001, 9.4877034E+001, 8.0160576E+001, 1.1538774E+001, 5.5973066E-002, 4.7921152E+000, 1.2122122E-001
 2.3501316E+002, 1.5438299E+002, 1.4435449E+002, 1.0035366E+001, 6.0787809E-002, 5.1996810E+000, 1.2801807E-001, 1.4076513E+002, 7.9398477E+001, 1.1300046E+001, 5.7046282E-002, 4.8831418E+000, 1.2840747E-001, 1.0345033E+002, 8.2900977E+001, 1.1876742E+001, 5.4052644E-002, 4.6290651E+000, 1.2635788E-001, 1.0183905E+002, 8.3894758E+001, 1.1881315E+001, 5.4031319E-002, 4.6272561E+000, 1.2720838E-001, 1.0026765E+002, 8.0924630E+001, 1.1778658E+001, 5.4640861E-002, 4.6790167E+000, 1.2572317E-001, 9.4773044E+001, 7.9179609E+001, 1.1539238E+001, 5.5973309E-002, 4.7921368E+000, 1.2136743E-001
 2.3603365E+002, 1.5221319E+002, 1.3666235E+002, 1.0048305E+001, 6.0848254E-002, 5.2048569E+000, 1.2706041E-001, 1.3817337E+002, 7.8510524E+001, 1.1291396E+001, 5.7082147E-002, 4.8861826E+000, 1.2765590E-001, 1.0100111E+002, 8.2258994E+001, 1.1810212E+001, 5.4450610E-002, 4.6628603E+000, 1.2554113E-001, 9.9834269E+001, 8.3165186E+001, 1.1848059E+001, 5.4228117E-002, 4.6439675E+000, 1.2666165E-001, 9.9233703E+001, 7.8573427E+001, 1.1840632E+001, 5.4275800E-002, 4.6480177E+000, 1.2630597E-001, 9.5161189E+001, 8.2277742E+001, 1.1699122E+001, 5.5072155E-002, 4.7156283E+000, 1.2475508E-001
 2.3702654E+002, 1.4976984E+002, 1.3477069E+002, 1.0056469E+001, 6.0851186E-002, 5.2051220E+000, 1.2653835E-001, 1.3877151E+002, 8.2377792E+001, 1.1294810E+001, 5.7033336E-002, 4.8820287E+000, 1.2762875E-001, 1.0145558E+002, 8.1896525E+001, 1.1735695E+001, 5.4888177E-002, 4.7000158E+000, 1.2481789E-001, 9.9111172E+001, 8.3243533E+001, 1.1727063E+001, 5.4939808E-002, 4.7044003E+000, 1.2494333E-001, 9.8392082E+001, 7.6663385E+001, 1.1904630E+001, 5.3893606E-002, 4.6155621E+000, 1.2663503E-001, 9.6378355E+001, 8.3976088E+001, 1.1880004E+001, 5.4029369E-002, 4.6270874E+000, 1.2689767E-001
 2.3805418E+002, 1.4845529E+002, 1.3720298E+002, 1.0007852E+001, 6.0553799E-002, 5.1796850E+000, 1.2742757E-001, 1.4025888E+002, 8.2696672E+001, 1.1258886E+001, 5.7107441E-002, 4.8882779E+000, 1.2773006E-001, 1.0218454E+002, 8.1825920E+001, 1.1717034E+001, 5.4989540E-002, 4.7086203E+000, 1.2472769E-001, 9.8541867E+001, 8.4213212E+001, 1.1660329E+001, 5.5313614E-002, 4.7361358E+000, 1.2395612E-001, 9.9274351E+001, 7.6660761E+001, 1.1844536E+001, 5.4251926E-002, 4.6459902E+000, 1.2567944E-001, 9.6101750E+001, 8.2179410E+001, 1.1908912E+001, 5.3844443E-002, 4.6113798E+000, 1.2594621E-001
 2.3902547E+002, 1.4858102E+002, 1.3588710E+002, 9.9476519E+000, 6.0167445E-002, 5.1466436E+000, 1.2926920E-001, 1.3817577E+002, 8.3905363E+001, 1.1166010E+001, 5.7366975E-002, 4.9102253E+000, 1.2774119E-001, 9.9757584E+001, 8.1745008E+001, 1.1727980E+001, 5.4921750E-002, 4.7028628E+000, 1.2487223E-001, 9.7661000E+001, 8.6230038E+001, 1.1661913E+001, 5.5282666E-002, 4.7335011E+000, 1.2387510E-001, 1.0029489E+002, 7.7253930E+001, 1.1769353E+001, 5.4687455E-002, 4.6829707E+000, 1.2476691E-001, 9.4554702E+001, 8.1843284E+001, 1.1911911E+001, 5.3815556E-002, 4.6089233E+000, 1.2575655E-001
 2.4000163E+002, 1.5155613E+002, 1.3528224E+002, 9.9310745E+000, 5.9974177E-002, 5.1301403E+000, 1.3078291E-001, 1.4253306E+002, 8.5723635E+001, 1.1088540E+001, 5.7639812E-002, 4.9333352E+000, 1.2746178E-001, 9.8816247E+001, 8.1931673E+001, 1.1752257E+001, 5.4774640E-002, 4.6903697E+000, 1.2495692E-001, 9.6746651E+001, 9.3670936E+001, 1.1673966E+001, 5.5209087E-002, 4.7272522E+000, 1.2385217E-001, 9.8948005E+001, 7.7886850E+001, 1.1724830E+001, 5.4935466E-002, 4.7040260E+000, 1.2408073E-001, 9.4186653E+001, 8.6782300E+001, 1.1925813E+001, 5.3735646E-002, 4.6021384E+000, 1.2586834E-001
 2.4104922E+002, 1.5155922E+002, 1.3140881E+002, 9.9163802E+000, 5.9950040E-002, 5.1280558E+000, 1.3010918E-001, 1.3472712E+002, 8.5136851E+001, 1.1083200E+001, 5.7635176E-002, 4.9329301E+000, 1.2740920E-001, 9.8115550E+001, 8.1596802E+001, 1.1840285E+001, 5.4246568E-002, 4.6455256E+000, 1.2575692E-001, 9.6376297E+001, 9.8252789E+001, 1.1709367E+001, 5.4994822E-002, 4.7090562E+000, 1.2463253E-001, 9.7255696E+001, 7.8600957E+001, 1.1712844E+001, 5.5007234E-002, 4.7101205E+000, 1.2350750E-001, 9.3864616E+001, 8.6753919E+001, 1.1899766E+001, 5.3887638E-002, 4.6150444E+000, 1.2563370E-001
 2.4203133E+002, 1.4977484E+002, 1.2649323E+002, 9.9177952E+000, 5.9949557E-002, 5.1280172E+000, 1.2976652E-001, 1.3398512E+002, 8.4303323E+001, 1.1101188E+001, 5.7510587E-002, 4.9223448E+000, 1.2789546E-001, 9.5836333E+001, 8.0655658E+001, 1.1857263E+001, 5.4147874E-002, 4.6371454E+000, 1.2566099E-001, 9.7890919E+001, 8.5383154E+001, 1.1732530E+001, 5.4867712E-002, 4.6982656E+000, 1.2556042E-001, 9.6430337E+001, 7.9034983E+001, 1.1718781E+001, 5.4974329E-002, 4.7073270E+000, 1.2341933E-001, 9.2688913E+001, 8.6638387E+001, 1.1942814E+001, 5.3647086E-002, 4.5946221E+000, 1.2735461E-001
 2.4301345E+002, 1.4850649E+002, 1.2523397E+002, 9.9282403E+000, 6.0017659E-002, 5.1338411E+000, 1.2914869E-001, 1.3278574E+002, 8.4337152E+001, 1.1096642E+001, 5.7447591E-002, 4.9169671E+000, 1.2869172E-001, 9.5153662E+001, 8.0170074E+001, 1.1844396E+001, 5.4227193E-002, 4.6438819E+000, 1.2524090E-001, 9.9671767E+001, 8.6220049E+001, 1.1718648E+001, 5.4937416E-002, 4.7041807E+000, 1.2857501E-001, 9.5388350E+001, 7.8670793E+001, 1.1763586E+001, 5.4719621E-002, 4.6857015E+000, 1.2405344E-001, 9.4343354E+001, 8.5227968E+001, 1.2132933E+001, 5.2511586E-002, 4.4981964E+000, 1.2984123E-001
 2.4402984E+002, 1.4624236E+002, 1.2576415E+002, 9.9536830E+000, 6.0187801E-002, 5.1483898E+000, 1.2765416E-001, 1.2997107E+002, 8.6036696E+001, 1.1094588E+001, 5.7310968E-002, 4.9053188E+000, 1.2898859E-001, 9.5704927E+001, 8.0500295E+001, 1.1884238E+001, 5.3992534E-002, 4.6239559E+000, 1.2548086E-001, 1.0221206E+002, 8.8351845E+001, 1.1645239E+001, 5.5342355E-002, 4.7385573E+000, 1.2592493E-001, 9.4376661E+001, 7.7126002E+001, 1.1865439E+001, 5.4116634E-002, 4.6344980E+000, 1.2547117E-001, 9.4102989E+001, 8.6197822E+001, 1.2090744E+001, 5.2769710E-002, 4.5201179E+000, 1.2901468E-001
 2.4502177E+002, 1.4346808E+002, 1.2406068E+002, 9.9747964E+000, 6.0316052E-002, 5.1593600E+000, 1.2606897E-001, 1.2560960E+002, 9.0487120E+001, 1.1033896E+001, 5.7175923E-002, 4.8936958E+000, 1.3037366E-001, 9.6763138E+001, 8.0929596E+001, 1.1920648E+001, 5.3772646E-002, 4.6052824E+000, 1.2587799E-001, 1.0181412E+002, 8.8484504E+001, 1.1644707E+001, 5.5335850E-002, 4.7380019E+000, 1.2528966E-001, 9.6614559E+001, 7.6316753E+001, 1.1881776E+001, 5.3993306E-002, 4.6240171E+000, 1.2580074E-001, 9.4465021E+001, 9.0994472E+001, 1.2132906E+001, 5.2514154E-002, 4.4984152E+000, 1.3000462E-001
 2.4605586E+002, 1.4131073E+002, 1.2141076E+002, 9.9511894E+000, 6.0168267E-002, 5.1467203E+000, 1.2629293E-001, 1.2410999E+002, 9.6872001E+001, 1.1012164E+001, 5.7243272E-002, 4.8993955E+000, 1.2971402E-001, 9.6513528E+001, 8.1520444E+001, 1.1884601E+001, 5.3973495E-002, 4.6223338E+000, 1.2555376E-001, 1.0348963E+002, 8.9400523E+001, 1.1672634E+001, 5.5139373E-002, 4.7213080E+000, 1.2528831E-001, 9.7112093E+001, 7.7185031E+001, 1.1823421E+001, 5.4335002E-002, 4.6530315E+000, 1.2489094E-001, 9.3395037E+001, 9.3855784E+001, 1.2232316E+001, 5.1909536E-002, 4.4470681E+000, 1.3121783E-001
 2.4702613E+002, 1.3983523E+002, 1.1741371E+002, 9.9526605E+000, 6.0156435E-002, 5.1457145E+000, 1.2570074E-001, 1.2307038E+002, 1.0702480E+002, 1.1099175E+001, 5.7129200E-002, 4.8898351E+000, 1.2905740E-001, 9.5358971E+001, 8.3988262E+001, 1.1784169E+001, 5.4552406E-002, 4.6714880E+000, 1.2404219E-001, 1.0212033E+002, 9.5608588E+001, 1.1683940E+001, 5.5046356E-002, 4.7134011E+000, 1.2548298E-001, 9.7366239E+001, 7.9167698E+001, 1.1771424E+001, 5.4622202E-002, 4.6774129E+000, 1.2420333E-001, 9.3499271E+001, 9.4282567E+001, 1.2079547E+001, 5.2833869E-002, 4.5255654E+000, 1.2877832E-001
 2.4801875E+002, 1.3767092E+002, 1.1339552E+002, 9.9630794E+000, 6.0164093E-002, 5.1463866E+000, 1.2494758E-001, 1.2069136E+002, 9.9303105E+001, 1.1261669E+001, 5.6651437E-002, 4.8494175E+000, 1.2905730E-001, 9.5315505E+001, 8.3980804E+001, 1.1730931E+001, 5.4862253E-002, 4.6977974E+000, 1.2309194E-001, 1.0019102E+002, 1.0491165E+002, 1.1715157E+001, 5.4856533E-002, 4.6972805E+000, 1.2682953E-001, 9.7757988E+001, 8.1910451E+001, 1.1784132E+001, 5.4475749E-002, 4.6649543E+000, 1.2531426E-001, 9.5703407E+001, 9.4469344E+001, 1.1947486E+001, 5.3614667E-002, 4.5918676E+000, 1.2749855E-001
 2.4902537E+002, 1.3541605E+002, 1.1264881E+002, 9.9586547E+000, 6.0088210E-002, 5.1399108E+000, 1.2466072E-001, 1.1980188E+002, 9.4558105E+001, 1.1270205E+001, 5.6508092E-002, 4.8372159E+000, 1.2836949E-001, 9.5528890E+001, 8.2329129E+001, 1.1783654E+001, 5.4567028E-002, 4.6727332E+000, 1.2392836E-001, 1.0156134E+002, 1.0708505E+002, 1.1718074E+001, 5.4804764E-002, 4.6928736E+000, 1.2765988E-001, 9.9657164E+001, 8.3040779E+001, 1.1742204E+001, 5.4636262E-002, 4.6785569E+000, 1.2525239E-001, 9.5682217E+001, 9.1063276E+001, 1.1952028E+001, 5.3587179E-002, 4.5895333E+000, 1.2748544E-001
 2.5002360E+002, 1.3276979E+002, 1.1403390E+002, 9.9565304E+000, 6.0029552E-002, 5.1349074E+000, 1.2443721E-001, 1.1999378E+002, 9.4141901E+001, 1.1109380E+001, 5.6921848E-002, 4.8721813E+000, 1.2787946E-001, 9.4303540E+001, 8.2512190E+001, 1.1763751E+001, 5.4687010E-002, 4.6829223E+000, 1.2372095E-001, 1.0239235E+002, 1.0425112E+002, 1.1714583E+001, 5.4798018E-002, 4.6922921E+000, 1.2736731E-001, 9.7714049E+001, 8.4976014E+001, 1.1711980E+001, 5.4754241E-002, 4.6885561E+000, 1.2545710E-001, 9.6830594E+001, 8.6900751E+001, 1.1966199E+001, 5.3501708E-002, 4.5822749E+000, 1.2735636E-001
 2.5102122E+002, 1.3057373E+002, 1.1615852E+002, 9.9494826E+000, 5.9909347E-002, 5.1246491E+000, 1.2443421E-001, 1.1985021E+002, 1.0046025E+002, 1.1100481E+001, 5.6946084E-002, 4.8742304E+000, 1.2782730E-001, 9.3704974E+001, 8.3979369E+001, 1.1700570E+001, 5.5040281E-002, 4.7129143E+000, 1.2272698E-001, 1.0268294E+002, 1.0396154E+002, 1.1700293E+001, 5.4849398E-002, 4.6966447E+000, 1.2676622E-001, 9.5951106E+001, 9.1481832E+001, 1.1718898E+001, 5.4707907E-002, 4.6846199E+000, 1.2535318E-001, 9.6221086E+001, 8.3855597E+001, 1.1977093E+001, 5.3432870E-002, 4.5764280E+000, 1.2719608E-001
 2.5205393E+002, 1.2891072E+002, 1.1757777E+002, 9.9529419E+000, 5.9908617E-002, 5.1245933E+000, 1.2430607E-001, 1.2052461E+002, 1.2639908E+002, 1.1370035E+001, 5.6315075E-002, 4.8209507E+000, 1.3108999E-001, 9.3441491E+001, 8.4092253E+001, 1.1702919E+001, 5.5021454E-002, 4.7113141E+000, 1.2324270E-001, 1.0149452E+002, 1.0573869E+002, 1.1728264E+001, 5.4730793E-002, 4.6865879E+000, 1.2686203E-001, 9.5804246E+001, 9.3359695E+001, 1.1739897E+001, 5.4615786E-002, 4.6768074E+000, 1.2515569E-001, 9.4179079E+001, 8.5529471E+001, 1.1960365E+001, 5.3518257E-002, 4.5836745E+000, 1.2647056E-001
 2.5301140E+002, 1.2743015E+002, 1.1311638E+002, 9.9565130E+000, 5.9944866E-002, 5.1276895E+000, 1.2390052E-001, 1.2778300E+002, 1.4371180E+002, 1.1538300E+001, 5.5965130E-002, 4.7914379E+000, 1.3533477E-001, 9.4916466E+001, 8.4288528E+001, 1.1819134E+001, 5.4364904E-002, 4.6555721E+000, 1.2777824E-001, 1.0056033E+002, 1.0376045E+002, 1.1735038E+001, 5.4702798E-002, 4.6842145E+000, 1.2667542E-001, 9.9614671E+001, 8.7423419E+001, 1.1747723E+001, 5.4577285E-002, 4.6735405E+000, 1.2505459E-001, 9.2790320E+001, 8.5926663E+001, 1.1920085E+001, 5.3736895E-002, 4.6022343E+000, 1.2526124E-001
 2.5403412E+002, 1.2597871E+002, 1.0897408E+002, 9.9446455E+000, 5.9967553E-002, 5.1296010E+000, 1.2297698E-001, 1.3425561E+002, 1.1663772E+002, 1.1415934E+001, 5.6712361E-002, 4.8548972E+000, 1.3768646E-001, 1.0056015E+002, 8.4904530E+001, 1.1862407E+001, 5.4106303E-002, 4.6336118E+000, 1.2822819E-001, 1.0828621E+002, 1.0240095E+002, 1.1711463E+001, 5.4814010E-002, 4.6936493E+000, 1.2629023E-001, 9.8439413E+001, 8.6713015E+001, 1.1753148E+001, 5.4550703E-002, 4.6712850E+000, 1.2513072E-001, 9.1951069E+001, 8.6043823E+001, 1.1896127E+001, 5.3861628E-002, 4.6128207E+000, 1.2461962E-001
 2.5505627E+002, 1.2407079E+002, 1.0745909E+002, 9.9411161E+000, 5.9940857E-002, 5.1273192E+000, 1.2111139E-001, 1.6076378E+002, 1.0132329E+002, 1.1298252E+001, 5.7382415E-002, 4.9117875E+000, 1.4189614E-001, 1.0064096E+002, 8.3914654E+001, 1.1801822E+001, 5.4428919E-002, 4.6609959E+000, 1.2654474E-001, 1.1116419E+002, 1.0011824E+002, 1.1715558E+001, 5.4818817E-002, 4.6940667E+000, 1.2632666E-001, 9.7397524E+001, 9.3101736E+001, 1.1782401E+001, 5.4461037E-002, 4.6636972E+000, 1.2628833E-001, 9.0872298E+001, 8.5387705E+001, 1.1887396E+001, 5.3903750E-002, 4.6163946E+000, 1.2433331E-001
 2.5600027E+002, 1.2156747E+002, 1.0897869E+002, 9.9281679E+000, 5.9686327E-002, 5.1056012E+000, 1.2100427E-001, 1.4459766E+002, 1.0329693E+002, 1.1363717E+001, 5.7006316E-002, 4.8798540E+000, 1.3903760E-001, 9.9090046E+001, 8.2650718E+001, 1.1762345E+001, 5.4612420E-002, 4.6765623E+000, 1.2584670E-001, 1.0534608E+002, 9.9305282E+001, 1.1719602E+001, 5.4805211E-002, 4.6929145E+000, 1.2625987E-001, 9.8951642E+001, 9.6737996E+001, 1.1812978E+001, 5.4355386E-002, 4.6547494E+000, 1.2824175E-001, 9.1083601E+001, 8.4268667E+001, 1.1889349E+001, 5.3892365E-002, 4.6154279E+000, 1.2411335E-001
 2.5703071E+002, 1.2035011E+002, 1.1223880E+002, 9.8842193E+000, 5.9406150E-002, 5.0816396E+000, 1.2227301E-001, 1.4521142E+002, 1.0324680E+002, 1.1365270E+001, 5.6356911E-002, 4.8245076E+000, 1.3636089E-001, 9.9828639E+001, 8.3011187E+001, 1.1796531E+001, 5.4470926E-002, 4.6645663E+000, 1.2626702E-001, 1.0702282E+002, 9.7948151E+001, 1.1707168E+001, 5.4867129E-002, 4.6981687E+000, 1.2614055E-001, 1.0076480E+002, 1.0019991E+002, 1.1785292E+001, 5.4507630E-002, 4.6676737E+000, 1.2827711E-001, 9.2515556E+001, 8.3584044E+001, 1.1866920E+001, 5.3992572E-002, 4.6239268E+000, 1.2399106E-001
 2.5804509E+002, 1.1966241E+002, 1.1009943E+002, 9.8879052E+000, 5.9383762E-002, 5.0797384E+000, 1.2175374E-001, 1.4833388E+002, 1.1430812E+002, 1.1351013E+001, 5.6101291E-002, 4.8026943E+000, 1.3440273E-001, 1.0296690E+002, 8.4406536E+001, 1.1872964E+001, 5.4054513E-002, 4.6292174E+000, 1.2782893E-001, 1.0624346E+002, 9.3077064E+001, 1.1704058E+001, 5.4908190E-002, 4.7016625E+000, 1.2623245E-001, 1.0299911E+002, 1.0140343E+002, 1.1761137E+001, 5.4600658E-002, 4.6755576E+000, 1.2776541E-001, 9.3641940E+001, 8.2613519E+001, 1.1767809E+001, 5.4466471E-002, 4.6641331E+000, 1.2417690E-001
 2.5904868E+002, 1.1749070E+002, 1.0611166E+002, 9.9022947E+000, 5.9322378E-002, 5.0745333E+000, 1.2132761E-001, 1.4200583E+002, 1.0933697E+002, 1.1462376E+001, 5.5933837E-002, 4.7886294E+000, 1.3345191E-001, 1.0818732E+002, 8.4448449E+001, 1.2090613E+001, 5.2767594E-002, 4.5199374E+000, 1.3202581E-001, 1.1103461E+002, 9.3232165E+001, 1.1707805E+001, 5.4905153E-002, 4.7014107E+000, 1.2633109E-001, 1.0489640E+002, 1.0542204E+002, 1.1816511E+001, 5.4371966E-002, 4.6561691E+000, 1.2945226E-001, 9.7857412E+001, 8.2649807E+001, 1.1751637E+001, 5.4558391E-002, 4.6719375E+000, 1.2357283E-001
 2.6000000E+002, 1.1573570E+002, 1.0276658E+002, 9.9057133E+000, 5.9331210E-002, 5.0752925E+000, 1.2118458E-001, 1.4115198E+002, 9.3687380E+001, 1.1556110E+001, 5.5679767E-002, 4.7671493E+000, 1.3300080E-001, 1.0519555E+002, 8.5534601E+001, 1.2486934E+001, 5.0359224E-002, 4.3154077E+000, 1.3741838E-001, 1.1072796E+002, 9.3193666E+001, 1.1713083E+001, 5.4895808E-002, 4.7006241E+000, 1.2692794E-001, 1.0903815E+002, 9.7097265E+001, 1.1921693E+001, 5.3795917E-002, 4.6072677E+000, 1.3137054E-001, 9.5361932E+001, 8.2606357E+001, 1.1779761E+001, 5.4413858E-002, 4.6596712E+000, 1.2282686E-001
