time_s,room_id,room_name,hrr_kw,temp_upper_c,temp_lower_c,temp_at_0_9m_c,smoke_kg,visibility_m,smoke_layer_m,hot_layer_m,layer_150c_m,overpressure_pa,o2,co_ppm,co_upper_ppm,co2_ppm,fed,svv_worst_pct,flashover_triggered,flashover_time_s,fuel_remaining_MJ,ventilation_response_factor,pyrolysis_kw,burned_hrr_kw,unburned_generation_kw,retained_unburned_MJ,flame_hrr_target_kw,smolder_hrr_target_kw,pool_release_hrr_target_kw,o2_hrr_factor,fire_smoldering,backdraft_triggered
0.1,0,Salon,0.00,20.00,20.00,20.00,0.0000,30.00,2.400,2.400,2.400,0.000,0.20900,0,0,0,0.0000,100.0,0,-1.0,6000.00,0.0000,0.00,0.00,0.00,0.0000,0.00,0.00,0.00,1.0000,0,0
0.1,1,Pasillo,0.00,20.00,20.00,20.00,0.0000,30.00,2.400,2.400,2.400,0.000,0.20900,0,0,0,0.0000,100.0,0,-1.0,800.00,0.0000,0.00,0.00,0.00,0.0000,0.00,0.00,0.00,1.0000,0,0
0.1,2,Dormitorio1,0.00,20.00,20.00,20.00,0.0000,30.00,2.400,2.400,2.400,0.000,0.20900,0,0,0,0.0000,100.0,0,-1.0,3500.00,0.0000,0.00,0.00,0.00,0.0000,0.00,0.00,0.00,1.0000,0,0
0.1,3,Dormitorio2,0.00,20.00,20.00,20.00,0.0000,30.00,2.400,2.400,2.400,0.000,0.20900,0,0,0,0.0000,100.0,0,-1.0,2500.00,0.0000,0.00,0.00,0.00,0.0000,0.00,0.00,0.00,1.0000,0,0
0.1,4,Cocina,0.00,20.00,20.00,20.00,0.0000,30.00,2.400,2.400,2.400,0.000,0.20900,0,0,0,0.0000,100.0,0,-1.0,3500.00,0.0000,0.00,0.00,0.00,0.0000,0.00,0.00,0.00,1.0000,0,0
0.1,5,Bano,0.00,20.00,20.00,20.00,0.0000,30.00,2.400,2.400,2.400,0.000,0.20900,0,0,0,0.0000,100.0,0,-1.0,400.00,0.0000,0.00,0.00,0.00,0.0000,0.00,0.00,0.00,1.0000,0,0
1.0,0,Salon,0.00,20.00,20.00,20.00,0.0000,30.00,2.400,2.400,2.400,0.000,0.20900,0,0,0,0.0000,100.0,0,-1.0,6000.00,0.0000,0.05,0.00,0.00,0.0000,0.05,0.00,0.00,1.0000,0,0
1.0,1,Pasillo,0.00,20.00,20.00,20.00,0.0000,30.00,2.400,2.400,2.400,0.000,0.20900,0,0,0,0.0000,100.0,0,-1.0,800.00,0.0000,0.00,0.00,0.00,0.0000,0.00,0.00,0.00,1.0000,0,0
1.0,2,Dormitorio1,0.00,20.00,20.00,20.00,0.0000,30.00,2.400,2.400,2.400,0.000,0.20900,0,0,0,0.0000,100.0,0,-1.0,3500.00,0.0000,0.00,0.00,0.00,0.0000,0.00,0.00,0.00,1.0000,0,0
1.0,3,Dormitorio2,0.00,20.00,20.00,20.00,0.0000,30.00,2.400,2.400,2.400,0.000,0.20900,0,0,0,0.0000,100.0,0,-1.0,2500.00,0.0000,0.00,0.00,0.00,0.0000,0.00,0.00,0.00,1.0000,0,0
1.0,4,Cocina,0.00,20.00,20.00,20.00,0.0000,30.00,2.400,2.400,2.400,0.000,0.20900,0,0,0,0.0000,100.0,0,-1.0,3500.00,0.0000,0.00,0.00,0.00,0.0000,0.00,0.00,0.00,1.0000,0,0
1.0,5,Bano,0.00,20.00,20.00,20.00,0.0000,30.00,2.400,2.400,2.400,0.000,0.20900,0,0,0,0.0000,100.0,0,-1.0,400.00,0.0000,0.00,0.00,0.00,0.0000,0.00,0.00,0.00,1.0000,0,0
2.1,0,Salon,0.01,20.00,20.00,20.00,0.0000,30.00,2.400,2.399,2.400,0.000,0.20900,0,0,0,0.0000,100.0,0,-1.0,6000.00,0.0000,0.20,0.01,0.00,0.0000,0.20,0.00,0.00,1.0000,0,0
2.1,1,Pasillo,0.00,20.00,20.00,20.00,0.0000,30.00,2.400,2.400,2.400,0.000,0.20900,0,0,0,0.0000,100.0,0,-1.0,800.00,0.0000,0.00,0.00,0.00,0.0000,0.00,0.00,0.00,1.0000,0,0
2.1,2,Dormitorio1,0.00,20.00,20.00,20.00,0.0000,30.00,2.400,2.400,2.400,0.000,0.20900,0,0,0,0.0000,100.0,0,-1.0,3500.00,0.0000,0.00,0.00,0.00,0.0000,0.00,0.00,0.00,1.0000,0,0
2.1,3,Dormitorio2,0.00,20.00,20.00,20.00,0.0000,30.00,2.400,2.400,2.400,0.000,0.20900,0,0,0,0.0000,100.0,0,-1.0,2500.00,0.0000,0.00,0.00,0.00,0.0000,0.00,0.00,0.00,1.0000,0,0
2.1,4,Cocina,0.00,20.00,20.00,20.00,0.0000,30.00,2.400,2.400,2.400,0.000,0.20900,0,0,0,0.0000,100.0,0,-1.0,3500.00,0.0000,0.00,0.00,0.00,0.0000,0.00,0.00,0.00,1.0000,0,0
2.1,5,Bano,0.00,20.00,20.00,20.00,0.0000,30.00,2.400,2.400,2.400,0.000,0.20900,0,0,0,0.0000,100.0,0,-1.0,400.00,0.0000,0.00,0.00,0.00,0.0000,0.00,0.00,0.00,1.0000,0,0
3.0,0,Salon,0.04,20.00,20.00,20.00,0.0000,30.00,2.400,2.399,2.400,0.000,0.20900,0,0,0,0.0000,100.0,0,-1.0,6000.00,0.0000,0.42,0.04,0.00,0.0000,0.42,0.00,0.00,1.0000,0,0
3.0,1,Pasillo,0.00,20.00,20.00,20.00,0.0000,30.00,2.400,2.400,2.400,0.000,0.20900,0,0,0,0.0000,100.0,0,-1.0,800.00,0.0000,0.00,0.00,0.00,0.0000,0.00,0.00,0.00,1.0000,0,0
3.0,2,Dormitorio1,0.00,20.00,20.00,20.00,0.0000,30.00,2.400,2.400,2.400,0.000,0.20900,0,0,0,0.0000,100.0,0,-1.0,3500.00,0.0000,0.00,0.00,0.00,0.0000,0.00,0.00,0.00,1.0000,0,0
3.0,3,Dormitorio2,0.00,20.00,20.00,20.00,0.0000,30.00,2.400,2.400,2.400,0.000,0.20900,0,0,0,0.0000,100.0,0,-1.0,2500.00,0.0000,0.00,0.00,0.00,0.0000,0.00,0.00,0.00,1.0000,0,0
3.0,4,Cocina,0.00,20.00,20.00,20.00,0.0000,30.00,2.400,2.400,2.400,0.000,0.20900,0,0,0,0.0000,100.0,0,-1.0,3500.00,0.0000,0.00,0.00,0.00,0.0000,0.00,0.00,0.00,1.0000,0,0
3.0,5,Bano,0.00,20.00,20.00,20.00,0.0000,30.00,2.400,2.400,2.400,0.000,0.20900,0,0,0,0.0000,100.0,0,-1.0,400.00,0.0000,0.00,0.00,0.00,0.0000,0.00,0.00,0.00,1.0000,0,0
4.0,0,Salon,0.09,20.00,20.00,20.00,0.0000,30.00,2.400,2.397,2.400,0.000,0.20900,0,0,1,0.0000,100.0,0,-1.0,6000.00,0.0000,0.75,0.09,0.00,0.0000,0.75,0.00,0.00,1.0000,0,0
4.0,1,Pasillo,0.00,20.00,20.00,20.00,0.0000,30.00,2.400,2.400,2.400,0.000,0.20900,0,0,0,0.0000,100.0,0,-1.0,800.00,0.0000,0.00,0.00,0.00,0.0000,0.00,0.00,0.00,1.0000,0,0
4.0,2,Dormitorio1,0.00,20.00,20.00,20.00,0.0000,30.00,2.400,2.400,2.400,0.000,0.20900,0,0,0,0.0000,100.0,0,-1.0,3500.00,0.0000,0.00,0.00,0.00,0.0000,0.00,0.00,0.00,1.0000,0,0
4.0,3,Dormitorio2,0.00,20.00,20.00,20.00,0.0000,30.00,2.400,2.400,2.400,0.000,0.20900,0,0,0,0.0000,100.0,0,-1.0,2500.00,0.0000,0.00,0.00,0.00,0.0000,0.00,0.00,0.00,1.0000,0,0
4.0,4,Cocina,0.00,20.00,20.00,20.00,0.0000,30.00,2.400,2.400,2.400,0.000,0.20900,0,0,0,0.0000,100.0,0,-1.0,3500.00,0.0000,0.00,0.00,0.00,0.0000,0.00,0.00,0.00,1.0000,0,0
4.0,5,Bano,0.00,20.00,20.00,20.00,0.0000,30.00,2.400,2.400,2.400,0.000,0.20900,0,0,0,0.0000,100.0,0,-1.0,400.00,0.0000,0.00,0.00,0.00,0.0000,0.00,0.00,0.00,1.0000,0,0
5.1,0,Salon,0.17,20.18,20.00,20.00,0.0000,30.00,2.400,2.396,2.400,0.000,0.20900,0,0,1,0.0000,100.0,0,-1.0,6000.00,0.0000,1.21,0.17,0.00,0.0000,1.21,0.00,0.00,1.0000,0,0
5.1,1,Pasillo,0.00,20.00,20.00,20.00,0.0000,30.00,2.400,2.400,2.400,0.000,0.20900,0,0,0,0.0000,100.0,0,-1.0,800.00,0.0000,0.00,0.00,0.00,0.0000,0.00,0.00,0.00,1.0000,0,0
5.1,2,Dormitorio1,0.00,20.00,20.00,20.00,0.0000,30.00,2.400,2.400,2.400,0.000,0.20900,0,0,0,0.0000,100.0,0,-1.0,3500.00,0.0000,0.00,0.00,0.00,0.0000,0.00,0.00,0.00,1.0000,0,0
5.1,3,Dormitorio2,0.00,20.00,20.00,20.00,0.0000,30.00,2.400,2.400,2.400,0.000,0.20900,0,0,0,0.0000,100.0,0,-1.0,2500.00,0.0000,0.00,0.00,0.00,0.0000,0.00,0.00,0.00,1.0000,0,0
5.1,4,Cocina,0.00,20.00,20.00,20.00,0.0000,30.00,2.400,2.400,2.400,0.000,0.20900,0,0,0,0.0000,100.0,0,-1.0,3500.00,0.0000,0.00,0.00,0.00,0.0000,0.00,0.00,0.00,1.0000,0,0
5.1,5,Bano,0.00,20.00,20.00,20.00,0.0000,30.00,2.400,2.400,2.400,0.000,0.20900,0,0,0,0.0000,100.0,0,-1.0,400.00,0.0000,0.00,0.00,0.00,0.0000,0.00,0.00,0.00,1.0000,0,0
6.1,0,Salon,0.29,20.27,20.00,20.00,0.0000,30.00,2.400,2.393,2.400,0.000,0.20900,0,0,2,0.0000,100.0,0,-1.0,6000.00,0.0000,1.74,0.29,0.00,0.0000,1.74,0.00,0.00,1.0000,0,0
6.1,1,Pasillo,0.00,20.00,20.00,20.00,0.0000,30.00,2.400,2.400,2.400,0.000,0.20900,0,0,0,0.0000,100.0,0,-1.0,800.00,0.0000,0.00,0.00,0.00,0.0000,0.00,0.00,0.00,1.0000,0,0
6.1,2,Dormitorio1,0.00,20.00,20.00,20.00,0.0000,30.00,2.400,2.400,2.400,0.000,0.20900,0,0,0,0.0000,100.0,0,-1.0,3500.00,0.0000,0.00,0.00,0.00,0.0000,0.00,0.00,0.00,1.0000,0,0
6.1,3,Dormitorio2,0.00,20.00,20.00,20.00,0.0000,30.00,2.400,2.400,2.400,0.000,0.20900,0,0,0,0.0000,100.0,0,-1.0,2500.00,0.0000,0.00,0.00,0.00,0.0000,0.00,0.00,0.00,1.0000,0,0
6.1,4,Cocina,0.00,20.00,20.00,20.00,0.0000,30.00,2.400,2.400,2.400,0.000,0.20900,0,0,0,0.0000,100.0,0,-1.0,3500.00,0.0000,0.00,0.00,0.00,0.0000,0.00,0.00,0.00,1.0000,0,0
6.1,5,Bano,0.00,20.00,20.00,20.00,0.0000,30.00,2.400,2.400,2.400,0.000,0.20900,0,0,0,0.0000,100.0,0,-1.0,400.00,0.0000,0.00,0.00,0.00,0.0000,0.00,0.00,0.00,1.0000,0,0
7.1,0,Salon,0.45,20.35,20.00,20.00,0.0000,30.00,2.400,2.387,2.400,0.000,0.20900,0,1,3,0.0000,100.0,0,-1.0,5999.99,0.0000,2.36,0.45,0.00,0.0000,2.36,0.00,0.00,1.0000,0,0
7.1,1,Pasillo,0.00,20.00,20.00,20.00,0.0000,30.00,2.400,2.400,2.400,0.000,0.20900,0,0,0,0.0000,100.0,0,-1.0,800.00,0.0000,0.00,0.00,0.00,0.0000,0.00,0.00,0.00,1.0000,0,0
7.1,2,Dormitorio1,0.00,20.00,20.00,20.00,0.0000,30.00,2.400,2.400,2.400,0.000,0.20900,0,0,0,0.0000,100.0,0,-1.0,3500.00,0.0000,0.00,0.00,0.00,0.0000,0.00,0.00,0.00,1.0000,0,0
7.1,3,Dormitorio2,0.00,20.00,20.00,20.00,0.0000,30.00,2.400,2.400,2.400,0.000,0.20900,0,0,0,0.0000,100.0,0,-1.0,2500.00,0.0000,0.00,0.00,0.00,0.0000,0.00,0.00,0.00,1.0000,0,0
7.1,4,Cocina,0.00,20.00,20.00,20.00,0.0000,30.00,2.400,2.400,2.400,0.000,0.20900,0,0,0,0.0000,100.0,0,-1.0,3500.00,0.0000,0.00,0.00,0.00,0.0000,0.00,0.00,0.00,1.0000,0,0
7.1,5,Bano,0.00,20.00,20.00,20.00,0.0000,30.00,2.400,2.400,2.400,0.000,0.20900,0,0,0,0.0000,100.0,0,-1.0,400.00,0.0000,0.00,0.00,0.00,0.0000,0.00,0.00,0.00,1.0000,0,0
8.1,0,Salon,0.65,20.42,20.00,20.00,0.0001,30.00,2.400,2.378,2.400,0.000,0.20900,0,1,5,0.0000,100.0,0,-1.0,5999.99,0.0000,3.07,0.65,0.00,0.0000,3.07,0.00,0.00,1.0000,0,0
8.1,1,Pasillo,0.00,20.00,20.00,20.00,0.0000,30.00,2.400,2.400,2.400,0.000,0.20900,0,0,0,0.0000,100.0,0,-1.0,800.00,0.0000,0.00,0.00,0.00,0.0000,0.00,0.00,0.00,1.0000,0,0
8.1,2,Dormitorio1,0.00,20.00,20.00,20.00,0.0000,30.00,2.400,2.400,2.400,0.000,0.20900,0,0,0,0.0000,100.0,0,-1.0,3500.00,0.0000,0.00,0.00,0.00,0.0000,0.00,0.00,0.00,1.0000,0,0
8.1,3,Dormitorio2,0.00,20.00,20.00,20.00,0.0000,30.00,2.400,2.400,2.400,0.000,0.20900,0,0,0,0.0000,100.0,0,-1.0,2500.00,0.0000,0.00,0.00,0.00,0.0000,0.00,0.00,0.00,1.0000,0,0
8.1,4,Cocina,0.00,20.00,20.00,20.00,0.0000,30.00,2.400,2.400,2.400,0.000,0.20900,0,0,0,0.0000,100.0,0,-1.0,3500.00,0.0000,0.00,0.00,0.00,0.0000,0.00,0.00,0.00,1.0000,0,0
8.1,5,Bano,0.00,20.00,20.00,20.00,0.0000,30.00,2.400,2.400,2.400,0.000,0.20900,0,0,0,0.0000,100.0,0,-1.0,400.00,0.0000,0.00,0.00,0.00,0.0000,0.00,0.00,0.00,1.0000,0,0
9.1,0,Salon,0.90,20.50,20.00,20.00,0.0001,30.00,2.400,2.369,2.400,0.000,0.20900,0,1,7,0.0000,100.0,0,-1.0,5999.99,0.0000,3.88,0.90,0.00,0.0000,3.88,0.00,0.00,1.0000,0,0
9.1,1,Pasillo,0.00,20.00,20.00,20.00,0.0000,30.00,2.400,2.400,2.400,0.000,0.20900,0,0,0,0.0000,100.0,0,-1.0,800.00,0.0000,0.00,0.00,0.00,0.0000,0.00,0.00,0.00,1.0000,0,0
9.1,2,Dormitorio1,0.00,20.00,20.00,20.00,0.0000,30.00,2.400,2.400,2.400,0.000,0.20900,0,0,0,0.0000,100.0,0,-1.0,3500.00,0.0000,0.00,0.00,0.00,0.0000,0.00,0.00,0.00,1.0000,0,0
9.1,3,Dormitorio2,0.00,20.00,20.00,20.00,0.0000,30.00,2.400,2.400,2.400,0.000,0.20900,0,0,0,0.0000,100.0,0,-1.0,2500.00,0.0000,0.00,0.00,0.00,0.0000,0.00,0.00,0.00,1.0000,0,0
9.1,4,Cocina,0.00,20.00,20.00,20.00,0.0000,30.00,2.400,2.400,2.400,0.000,0.20900,0,0,0,0.0000,100.0,0,-1.0,3500.00,0.0000,0.00,0.00,0.00,0.0000,0.00,0.00,0.00,1.0000,0,0
9.1,5,Bano,0.00,20.00,20.00,20.00,0.0000,30.00,2.400,2.400,2.400,0.000,0.20900,0,0,0,0.0000,100.0,0,-1.0,400.00,0.0000,0.00,0.00,0.00,0.0000,0.00,0.00,0.00,1.0000,0,0
10.0,0,Salon,1.18,20.58,20.00,20.00,0.0002,30.00,2.400,2.360,2.400,0.000,0.20900,0,1,9,0.0000,100.0,0,-1.0,5999.98,0.0000,4.70,1.18,0.00,0.0000,4.70,0.00,0.00,1.0000,0,0
10.0,1,Pasillo,0.00,20.00,20.00,20.00,0.0000,30.00,2.400,2.400,2.400,0.000,0.20900,0,0,0,0.0000,100.0,0,-1.0,800.00,0.0000,0.00,0.00,0.00,0.0000,0.00,0.00,0.00,1.0000,0,0
10.0,2,Dormitorio1,0.00,20.00,20.00,20.00,0.0000,30.00,2.400,2.400,2.400,0.000,0.20900,0,0,0,0.0000,100.0,0,-1.0,3500.00,0.0000,0.00,0.00,0.00,0.0000,0.00,0.00,0.00,1.0000,0,0
10.0,3,Dormitorio2,0.00,20.00,20.00,20.00,0.0000,30.00,2.400,2.400,2.400,0.000,0.20900,0,0,0,0.0000,100.0,0,-1.0,2500.00,0.0000,0.00,0.00,0.00,0.0000,0.00,0.00,0.00,1.0000,0,0
10.0,4,Cocina,0.00,20.00,20.00,20.00,0.0000,30.00,2.400,2.400,2.400,0.000,0.20900,0,0,0,0.0000,100.0,0,-1.0,3500.00,0.0000,0.00,0.00,0.00,0.0000,0.00,0.00,0.00,1.0000,0,0
10.0,5,Bano,0.00,20.00,20.00,20.00,0.0000,30.00,2.400,2.400,2.400,0.000,0.20900,0,0,0,0.0000,100.0,0,-1.0,400.00,0.0000,0.00,0.00,0.00,0.0000,0.00,0.00,0.00,1.0000,0,0
11.0,0,Salon,1.54,20.67,20.00,20.00,0.0002,30.00,2.400,2.348,2.400,0.000,0.20899,0,1,12,0.0001,100.0,0,-1.0,5999.98,0.0000,5.69,1.54,0.00,0.0000,5.69,0.00,0.00,1.0000,0,0
11.0,1,Pasillo,0.00,20.00,20.00,20.00,0.0000,30.00,2.400,2.400,2.400,0.000,0.20900,0,0,0,0.0001,100.0,0,-1.0,800.00,0.0000,0.00,0.00,0.00,0.0000,0.00,0.00,0.00,1.0000,0,0
11.0,2,Dormitorio1,0.00,20.00,20.00,20.00,0.0000,30.00,2.400,2.400,2.400,0.000,0.20900,0,0,0,0.0001,100.0,0,-1.0,3500.00,0.0000,0.00,0.00,0.00,0.0000,0.00,0.00,0.00,1.0000,0,0
11.0,3,Dormitorio2,0.00,20.00,20.00,20.00,0.0000,30.00,2.400,2.400,2.400,0.000,0.20900,0,0,0,0.0001,100.0,0,-1.0,2500.00,0.0000,0.00,0.00,0.00,0.0000,0.00,0.00,0.00,1.0000,0,0
11.0,4,Cocina,0.00,20.00,20.00,20.00,0.0000,30.00,2.400,2.400,2.400,0.000,0.20900,0,0,0,0.0001,100.0,0,-1.0,3500.00,0.0000,0.00,0.00,0.00,0.0000,0.00,0.00,0.00,1.0000,0,0
11.0,5,Bano,0.00,20.00,20.00,20.00,0.0000,30.00,2.400,2.400,2.400,0.000,0.20900,0,0,0,0.0001,100.0,0,-1.0,400.00,0.0000,0.00,0.00,0.00,0.0000,0.00,0.00,0.00,1.0000,0,0
12.0,0,Salon,1.96,20.76,20.00,20.00,0.0003,30.00,2.400,2.336,2.400,0.001,0.20899,0,1,16,0.0001,100.0,0,-1.0,5999.97,0.0000,6.77,1.96,0.00,0.0000,6.77,0.00,0.00,1.0000,0,0
12.0,1,Pasillo,0.00,20.00,20.00,20.00,0.0000,30.00,2.400,2.400,2.400,0.000,0.20900,0,0,0,0.0001,100.0,0,-1.0,800.00,0.0000,0.00,0.00,0.00,0.0000,0.00,0.00,0.00,1.0000,0,0
12.0,2,Dormitorio1,0.00,20.00,20.00,20.00,0.0000,30.00,2.400,2.400,2.400,0.000,0.20900,0,0,0,0.0001,100.0,0,-1.0,3500.00,0.0000,0.00,0.00,0.00,0.0000,0.00,0.00,0.00,1.0000,0,0
12.0,3,Dormitorio2,0.00,20.00,20.00,20.00,0.0000,30.00,2.400,2.400,2.400,0.000,0.20900,0,0,0,0.0001,100.0,0,-1.0,2500.00,0.0000,0.00,0.00,0.00,0.0000,0.00,0.00,0.00,1.0000,0,0
12.0,4,Cocina,0.00,20.00,20.00,20.00,0.0000,30.00,2.400,2.400,2.400,0.000,0.20900,0,0,0,0.0001,100.0,0,-1.0,3500.00,0.0000,0.00,0.00,0.00,0.0000,0.00,0.00,0.00,1.0000,0,0
12.0,5,Bano,0.00,20.00,20.00,20.00,0.0000,30.00,2.400,2.400,2.400,0.000,0.20900,0,0,0,0.0001,100.0,0,-1.0,400.00,0.0000,0.00,0.00,0.00,0.0000,0.00,0.00,0.00,1.0000,0,0
13.0,0,Salon,2.44,20.87,20.00,20.00,0.0004,30.00,2.400,2.323,2.400,0.001,0.20899,0,1,20,0.0001,100.0,0,-1.0,5999.97,0.0000,7.95,2.44,0.00,0.0000,7.95,0.00,0.00,1.0000,0,0
13.0,1,Pasillo,0.00,20.00,20.00,20.00,0.0000,30.00,2.400,2.400,2.400,0.000,0.20900,0,0,0,0.0001,100.0,0,-1.0,800.00,0.0000,0.00,0.00,0.00,0.0000,0.00,0.00,0.00,1.0000,0,0
13.0,2,Dormitorio1,0.00,20.00,20.00,20.00,0.0000,30.00,2.400,2.400,2.400,0.000,0.20900,0,0,0,0.0001,100.0,0,-1.0,3500.00,0.0000,0.00,0.00,0.00,0.0000,0.00,0.00,0.00,1.0000,0,0
13.0,3,Dormitorio2,0.00,20.00,20.00,20.00,0.0000,30.00,2.400,2.400,2.400,0.000,0.20900,0,0,0,0.0001,100.0,0,-1.0,2500.00,0.0000,0.00,0.00,0.00,0.0000,0.00,0.00,0.00,1.0000,0,0
13.0,4,Cocina,0.00,20.00,20.00,20.00,0.0000,30.00,2.400,2.400,2.400,0.000,0.20900,0,0,0,0.0001,100.0,0,-1.0,3500.00,0.0000,0.00,0.00,0.00,0.0000,0.00,0.00,0.00,1.0000,0,0
13.0,5,Bano,0.00,20.00,20.00,20.00,0.0000,30.00,2.400,2.400,2.400,0.000,0.20900,0,0,0,0.0001,100.0,0,-1.0,400.00,0.0000,0.00,0.00,0.00,0.0000,0.00,0.00,0.00,1.0000,0,0
14.0,0,Salon,2.99,20.98,20.00,20.00,0.0005,30.00,2.400,2.309,2.400,0.001,0.20899,0,2,25,0.0001,100.0,0,-1.0,5999.96,0.0000,9.21,2.99,0.00,0.0000,9.21,0.00,0.00,1.0000,0,0
14.0,1,Pasillo,0.00,20.00,20.00,20.00,0.0000,30.00,2.400,2.400,2.400,0.000,0.20900,0,0,0,0.0001,100.0,0,-1.0,800.00,0.0000,0.00,0.00,0.00,0.0000,0.00,0.00,0.00,1.0000,0,0
14.0,2,Dormitorio1,0.00,20.00,20.00,20.00,0.0000,30.00,2.400,2.400,2.400,0.000,0.20900,0,0,0,0.0001,100.0,0,-1.0,3500.00,0.0000,0.00,0.00,0.00,0.0000,0.00,0.00,0.00,1.0000,0,0
14.0,3,Dormitorio2,0.00,20.00,20.00,20.00,0.0000,30.00,2.400,2.400,2.400,0.000,0.20900,0,0,0,0.0001,100.0,0,-1.0,2500.00,0.0000,0.00,0.00,0.00,0.0000,0.00,0.00,0.00,1.0000,0,0
14.0,4,Cocina,0.00,20.00,20.00,20.00,0.0000,30.00,2.400,2.400,2.400,0.000,0.20900,0,0,0,0.0001,100.0,0,-1.0,3500.00,0.0000,0.00,0.00,0.00,0.0000,0.00,0.00,0.00,1.0000,0,0
14.0,5,Bano,0.00,20.00,20.00,20.00,0.0000,30.00,2.400,2.400,2.400,0.000,0.20900,0,0,0,0.0001,100.0,0,-1.0,400.00,0.0000,0.00,0.00,0.00,0.0000,0.00,0.00,0.00,1.0000,0,0
15.0,0,Salon,3.61,21.09,20.01,20.01,0.0006,30.00,2.400,2.294,2.400,0.002,0.20898,0,2,30,0.0001,100.0,0,-1.0,5999.95,0.0000,10.58,3.61,0.00,0.0000,10.58,0.00,0.00,1.0000,0,0
15.0,1,Pasillo,0.00,20.00,20.00,20.00,0.0000,30.00,2.400,2.400,2.400,0.000,0.20900,0,0,0,0.0001,100.0,0,-1.0,800.00,0.0000,0.00,0.00,0.00,0.0000,0.00,0.00,0.00,1.0000,0,0
15.0,2,Dormitorio1,0.00,20.00,20.00,20.00,0.0000,30.00,2.400,2.400,2.400,0.000,0.20900,0,0,0,0.0001,100.0,0,-1.0,3500.00,0.0000,0.00,0.00,0.00,0.0000,0.00,0.00,0.00,1.0000,0,0
15.0,3,Dormitorio2,0.00,20.00,20.00,20.00,0.0000,30.00,2.400,2.400,2.400,0.000,0.20900,0,0,0,0.0001,100.0,0,-1.0,2500.00,0.0000,0.00,0.00,0.00,0.0000,0.00,0.00,0.00,1.0000,0,0
15.0,4,Cocina,0.00,20.00,20.00,20.00,0.0000,30.00,2.400,2.400,2.400,0.000,0.20900,0,0,0,0.0001,100.0,0,-1.0,3500.00,0.0000,0.00,0.00,0.00,0.0000,0.00,0.00,0.00,1.0000,0,0
15.0,5,Bano,0.00,20.00,20.00,20.00,0.0000,30.00,2.400,2.400,2.400,0.000,0.20900,0,0,0,0.0001,100.0,0,-1.0,400.00,0.0000,0.00,0.00,0.00,0.0000,0.00,0.00,0.00,1.0000,0,0
16.0,0,Salon,4.29,21.21,20.01,20.01,0.0007,30.00,2.400,2.278,2.400,0.002,0.20898,0,2,37,0.0001,100.0,0,-1.0,5999.94,0.0000,12.04,4.29,0.00,0.0000,12.04,0.00,0.00,1.0000,0,0
16.0,1,Pasillo,0.00,20.00,20.00,20.00,0.0000,30.00,2.400,2.400,2.400,0.000,0.20900,0,0,1,0.0001,100.0,0,-1.0,800.00,0.0000,0.00,0.00,0.00,0.0000,0.00,0.00,0.00,1.0000,0,0
16.0,2,Dormitorio1,0.00,20.00,20.00,20.00,0.0000,30.00,2.400,2.400,2.400,0.000,0.20900,0,0,0,0.0001,100.0,0,-1.0,3500.00,0.0000,0.00,0.00,0.00,0.0000,0.00,0.00,0.00,1.0000,0,0
16.0,3,Dormitorio2,0.00,20.00,20.00,20.00,0.0000,30.00,2.400,2.400,2.400,0.000,0.20900,0,0,0,0.0001,100.0,0,-1.0,2500.00,0.0000,0.00,0.00,0.00,0.0000,0.00,0.00,0.00,1.0000,0,0
16.0,4,Cocina,0.00,20.00,20.00,20.00,0.0000,30.00,2.400,2.400,2.400,0.000,0.20900,0,0,0,0.0001,100.0,0,-1.0,3500.00,0.0000,0.00,0.00,0.00,0.0000,0.00,0.00,0.00,1.0000,0,0
16.0,5,Bano,0.00,20.00,20.00,20.00,0.0000,30.00,2.400,2.400,2.400,0.000,0.20900,0,0,0,0.0001,100.0,0,-1.0,400.00,0.0000,0.00,0.00,0.00,0.0000,0.00,0.00,0.00,1.0000,0,0
17.0,0,Salon,5.05,21.34,20.01,20.01,0.0009,30.00,2.400,2.261,2.400,0.003,0.20897,0,2,44,0.0001,100.0,0,-1.0,5999.92,0.0000,13.59,5.05,0.00,0.0000,13.59,0.00,0.00,1.0000,0,0
17.0,1,Pasillo,0.00,20.00,20.00,20.00,0.0000,30.00,2.400,2.400,2.400,0.000,0.20900,0,0,1,0.0001,100.0,0,-1.0,800.00,0.0000,0.00,0.00,0.00,0.0000,0.00,0.00,0.00,1.0000,0,0
17.0,2,Dormitorio1,0.00,20.00,20.00,20.00,0.0000,30.00,2.400,2.400,2.400,0.000,0.20900,0,0,0,0.0001,100.0,0,-1.0,3500.00,0.0000,0.00,0.00,0.00,0.0000,0.00,0.00,0.00,1.0000,0,0
17.0,3,Dormitorio2,0.00,20.00,20.00,20.00,0.0000,30.00,2.400,2.400,2.400,0.000,0.20900,0,0,0,0.0001,100.0,0,-1.0,2500.00,0.0000,0.00,0.00,0.00,0.0000,0.00,0.00,0.00,1.0000,0,0
17.0,4,Cocina,0.00,20.00,20.00,20.00,0.0000,30.00,2.400,2.400,2.400,0.000,0.20900,0,0,0,0.0001,100.0,0,-1.0,3500.00,0.0000,0.00,0.00,0.00,0.0000,0.00,0.00,0.00,1.0000,0,0
17.0,5,Bano,0.00,20.00,20.00,20.00,0.0000,30.00,2.400,2.400,2.400,0.000,0.20900,0,0,0,0.0001,100.0,0,-1.0,400.00,0.0000,0.00,0.00,0.00,0.0000,0.00,0.00,0.00,1.0000,0,0
18.0,0,Salon,5.89,21.47,20.02,20.02,0.0010,30.00,2.400,2.244,2.400,0.004,0.20896,0,3,52,0.0001,100.0,0,-1.0,5999.91,0.0000,15.23,5.89,0.00,0.0000,15.23,0.00,0.00,1.0000,0,0
18.0,1,Pasillo,0.00,20.00,20.00,20.00,0.0000,30.00,2.400,2.400,2.400,0.000,0.20900,0,0,1,0.0001,100.0,0,-1.0,800.00,0.0000,0.00,0.00,0.00,0.0000,0.00,0.00,0.00,1.0000,0,0
18.0,2,Dormitorio1,0.00,20.00,20.00,20.00,0.0000,30.00,2.400,2.400,2.400,0.000,0.20900,0,0,0,0.0001,100.0,0,-1.0,3500.00,0.0000,0.00,0.00,0.00,0.0000,0.00,0.00,0.00,1.0000,0,0
18.0,3,Dormitorio2,0.00,20.00,20.00,20.00,0.0000,30.00,2.400,2.400,2.400,0.000,0.20900,0,0,0,0.0001,100.0,0,-1.0,2500.00,0.0000,0.00,0.00,0.00,0.0000,0.00,0.00,0.00,1.0000,0,0
18.0,4,Cocina,0.00,20.00,20.00,20.00,0.0000,30.00,2.400,2.400,2.400,0.000,0.20900,0,0,0,0.0001,100.0,0,-1.0,3500.00,0.0000,0.00,0.00,0.00,0.0000,0.00,0.00,0.00,1.0000,0,0
18.0,5,Bano,0.00,20.00,20.00,20.00,0.0000,30.00,2.400,2.400,2.400,0.000,0.20900,0,0,0,0.0001,100.0,0,-1.0,400.00,0.0000,0.00,0.00,0.00,0.0000,0.00,0.00,0.00,1.0000,0,0
19.0,0,Salon,6.80,21.61,20.02,20.02,0.0012,30.00,2.400,2.226,2.400,0.005,0.20895,0,3,61,0.0001,100.0,0,-1.0,5999.89,0.0000,16.98,6.80,0.00,0.0000,16.98,0.00,0.00,1.0000,0,0
19.0,1,Pasillo,0.00,20.00,20.00,20.00,0.0000,30.00,2.400,2.400,2.400,0.000,0.20900,0,0,1,0.0001,100.0,0,-1.0,800.00,0.0000,0.00,0.00,0.00,0.0000,0.00,0.00,0.00,1.0000,0,0
19.0,2,Dormitorio1,0.00,20.00,20.00,20.00,0.0000,30.00,2.400,2.400,2.400,0.000,0.20900,0,0,0,0.0001,100.0,0,-1.0,3500.00,0.0000,0.00,0.00,0.00,0.0000,0.00,0.00,0.00,1.0000,0,0
19.0,3,Dormitorio2,0.00,20.00,20.00,20.00,0.0000,30.00,2.400,2.400,2.400,0.000,0.20900,0,0,0,0.0001,100.0,0,-1.0,2500.00,0.0000,0.00,0.00,0.00,0.0000,0.00,0.00,0.00,1.0000,0,0
19.0,4,Cocina,0.00,20.00,20.00,20.00,0.0000,30.00,2.400,2.400,2.400,0.000,0.20900,0,0,0,0.0001,100.0,0,-1.0,3500.00,0.0000,0.00,0.00,0.00,0.0000,0.00,0.00,0.00,1.0000,0,0
19.0,5,Bano,0.00,20.00,20.00,20.00,0.0000,30.00,2.400,2.400,2.400,0.000,0.20900,0,0,0,0.0001,100.0,0,-1.0,400.00,0.0000,0.00,0.00,0.00,0.0000,0.00,0.00,0.00,1.0000,0,0
20.1,0,Salon,7.87,21.76,20.03,20.03,0.0014,30.00,2.400,2.206,2.400,0.007,0.20894,0,3,72,0.0001,100.0,0,-1.0,5999.87,0.0000,18.97,7.87,0.00,0.0000,18.97,0.00,0.00,1.0000,0,0
20.1,1,Pasillo,0.00,20.00,20.00,20.00,0.0000,30.00,2.400,2.400,2.400,0.000,0.20900,0,0,1,0.0001,100.0,0,-1.0,800.00,0.0000,0.00,0.00,0.00,0.0000,0.00,0.00,0.00,1.0000,0,0
20.1,2,Dormitorio1,0.00,20.00,20.00,20.00,0.0000,30.00,2.400,2.400,2.400,0.000,0.20900,0,0,0,0.0001,100.0,0,-1.0,3500.00,0.0000,0.00,0.00,0.00,0.0000,0.00,0.00,0.00,1.0000,0,0
20.1,3,Dormitorio2,0.00,20.00,20.00,20.00,0.0000,30.00,2.400,2.400,2.400,0.000,0.20900,0,0,0,0.0001,100.0,0,-1.0,2500.00,0.0000,0.00,0.00,0.00,0.0000,0.00,0.00,0.00,1.0000,0,0
20.1,4,Cocina,0.00,20.00,20.00,20.00,0.0000,30.00,2.400,2.400,2.400,0.000,0.20900,0,0,0,0.0001,100.0,0,-1.0,3500.00,0.0000,0.00,0.00,0.00,0.0000,0.00,0.00,0.00,1.0000,0,0
20.1,5,Bano,0.00,20.00,20.00,20.00,0.0000,30.00,2.400,2.400,2.400,0.000,0.20900,0,0,0,0.0001,100.0,0,-1.0,400.00,0.0000,0.00,0.00,0.00,0.0000,0.00,0.00,0.00,1.0000,0,0
21.1,0,Salon,8.95,21.91,20.03,20.03,0.0017,30.00,2.400,2.187,2.400,0.008,0.20893,0,3,83,0.0001,100.0,0,-1.0,5999.85,0.0000,20.90,8.95,0.00,0.0000,20.90,0.00,0.00,1.0000,0,0
21.1,1,Pasillo,0.00,20.00,20.00,20.00,0.0000,30.00,2.400,2.400,2.400,0.000,0.20900,0,0,2,0.0001,100.0,0,-1.0,800.00,0.0000,0.00,0.00,0.00,0.0000,0.00,0.00,0.00,1.0000,0,0
21.1,2,Dormitorio1,0.00,20.00,20.00,20.00,0.0000,30.00,2.400,2.400,2.400,0.000,0.20900,0,0,0,0.0001,100.0,0,-1.0,3500.00,0.0000,0.00,0.00,0.00,0.0000,0.00,0.00,0.00,1.0000,0,0
21.1,3,Dormitorio2,0.00,20.00,20.00,20.00,0.0000,30.00,2.400,2.400,2.400,0.000,0.20900,0,0,0,0.0001,100.0,0,-1.0,2500.00,0.0000,0.00,0.00,0.00,0.0000,0.00,0.00,0.00,1.0000,0,0
21.1,4,Cocina,0.00,20.00,20.00,20.00,0.0000,30.00,2.400,2.400,2.400,0.000,0.20900,0,0,0,0.0001,100.0,0,-1.0,3500.00,0.0000,0.00,0.00,0.00,0.0000,0.00,0.00,0.00,1.0000,0,0
21.1,5,Bano,0.00,20.00,20.00,20.00,0.0000,30.00,2.400,2.400,2.400,0.000,0.20900,0,0,0,0.0001,100.0,0,-1.0,400.00,0.0000,0.00,0.00,0.00,0.0000,0.00,0.00,0.00,1.0000,0,0
22.1,0,Salon,10.10,22.07,20.04,20.04,0.0019,30.00,2.400,2.167,2.400,0.010,0.20892,0,4,96,0.0001,100.0,0,-1.0,5999.83,0.0000,22.93,10.10,0.00,0.0000,22.93,0.00,0.00,1.0000,0,0
22.1,1,Pasillo,0.00,20.00,20.00,20.00,0.0000,30.00,2.400,2.400,2.400,0.000,0.20900,0,0,2,0.0001,100.0,0,-1.0,800.00,0.0000,0.00,0.00,0.00,0.0000,0.00,0.00,0.00,1.0000,0,0
22.1,2,Dormitorio1,0.00,20.00,20.00,20.00,0.0000,30.00,2.400,2.400,2.400,0.000,0.20900,0,0,0,0.0001,100.0,0,-1.0,3500.00,0.0000,0.00,0.00,0.00,0.0000,0.00,0.00,0.00,1.0000,0,0
22.1,3,Dormitorio2,0.00,20.00,20.00,20.00,0.0000,30.00,2.400,2.400,2.400,0.000,0.20900,0,0,0,0.0001,100.0,0,-1.0,2500.00,0.0000,0.00,0.00,0.00,0.0000,0.00,0.00,0.00,1.0000,0,0
22.1,4,Cocina,0.00,20.00,20.00,20.00,0.0000,30.00,2.400,2.400,2.400,0.000,0.20900,0,0,0,0.0001,100.0,0,-1.0,3500.00,0.0000,0.00,0.00,0.00,0.0000,0.00,0.00,0.00,1.0000,0,0
22.1,5,Bano,0.00,20.00,20.00,20.00,0.0000,30.00,2.400,2.400,2.400,0.000,0.20900,0,0,0,0.0001,100.0,0,-1.0,400.00,0.0000,0.00,0.00,0.00,0.0000,0.00,0.00,0.00,1.0000,0,0
23.1,0,Salon,11.34,22.23,20.05,20.05,0.0022,30.00,2.399,2.147,2.400,0.012,0.20891,0,4,109,0.0001,100.0,0,-1.0,5999.81,0.0000,25.06,11.34,0.00,0.0000,25.06,0.00,0.00,1.0000,0,0
23.1,1,Pasillo,0.00,20.00,20.00,20.00,0.0000,30.00,2.400,2.400,2.400,0.000,0.20900,0,0,2,0.0001,100.0,0,-1.0,800.00,0.0000,0.00,0.00,0.00,0.0000,0.00,0.00,0.00,1.0000,0,0
23.1,2,Dormitorio1,0.00,20.00,20.00,20.00,0.0000,30.00,2.400,2.400,2.400,0.000,0.20900,0,0,0,0.0001,100.0,0,-1.0,3500.00,0.0000,0.00,0.00,0.00,0.0000,0.00,0.00,0.00,1.0000,0,0
23.1,3,Dormitorio2,0.00,20.00,20.00,20.00,0.0000,30.00,2.400,2.400,2.400,0.000,0.20900,0,0,0,0.0001,100.0,0,-1.0,2500.00,0.0000,0.00,0.00,0.00,0.0000,0.00,0.00,0.00,1.0000,0,0
23.1,4,Cocina,0.00,20.00,20.00,20.00,0.0000,30.00,2.400,2.400,2.400,0.000,0.20900,0,0,0,0.0001,100.0,0,-1.0,3500.00,0.0000,0.00,0.00,0.00,0.0000,0.00,0.00,0.00,1.0000,0,0
23.1,5,Bano,0.00,20.00,20.00,20.00,0.0000,30.00,2.400,2.400,2.400,0.000,0.20900,0,0,0,0.0001,100.0,0,-1.0,400.00,0.0000,0.00,0.00,0.00,0.0000,0.00,0.00,0.00,1.0000,0,0
24.1,0,Salon,12.66,22.40,20.06,20.06,0.0025,30.00,2.399,2.126,2.400,0.014,0.20889,1,4,124,0.0001,100.0,0,-1.0,5999.78,0.0000,27.28,12.66,0.00,0.0000,27.28,0.00,0.00,1.0000,0,0
24.1,1,Pasillo,0.00,20.00,20.00,20.00,0.0000,30.00,2.400,2.400,2.400,0.000,0.20900,0,0,3,0.0001,100.0,0,-1.0,800.00,0.0000,0.00,0.00,0.00,0.0000,0.00,0.00,0.00,1.0000,0,0
24.1,2,Dormitorio1,0.00,20.00,20.00,20.00,0.0000,30.00,2.400,2.400,2.400,0.000,0.20900,0,0,0,0.0001,100.0,0,-1.0,3500.00,0.0000,0.00,0.00,0.00,0.0000,0.00,0.00,0.00,1.0000,0,0
24.1,3,Dormitorio2,0.00,20.00,20.00,20.00,0.0000,30.00,2.400,2.400,2.400,0.000,0.20900,0,0,0,0.0001,100.0,0,-1.0,2500.00,0.0000,0.00,0.00,0.00,0.0000,0.00,0.00,0.00,1.0000,0,0
24.1,4,Cocina,0.00,20.00,20.00,20.00,0.0000,30.00,2.400,2.400,2.400,0.000,0.20900,0,0,0,0.0001,100.0,0,-1.0,3500.00,0.0000,0.00,0.00,0.00,0.0000,0.00,0.00,0.00,1.0000,0,0
24.1,5,Bano,0.00,20.00,20.00,20.00,0.0000,30.00,2.400,2.400,2.400,0.000,0.20900,0,0,0,0.0001,100.0,0,-1.0,400.00,0.0000,0.00,0.00,0.00,0.0000,0.00,0.00,0.00,1.0000,0,0
25.1,0,Salon,14.06,22.57,20.07,20.07,0.0028,30.00,2.399,2.105,2.400,0.017,0.20887,1,5,140,0.0001,100.0,0,-1.0,5999.75,0.0000,29.59,14.06,0.00,0.0000,29.59,0.00,0.00,1.0000,0,0
25.1,1,Pasillo,0.00,20.00,20.00,20.00,0.0000,30.00,2.400,2.400,2.400,0.000,0.20900,0,0,3,0.0001,100.0,0,-1.0,800.00,0.0000,0.00,0.00,0.00,0.0000,0.00,0.00,0.00,1.0000,0,0
25.1,2,Dormitorio1,0.00,20.00,20.00,20.00,0.0000,30.00,2.400,2.400,2.400,0.000,0.20900,0,0,0,0.0001,100.0,0,-1.0,3500.00,0.0000,0.00,0.00,0.00,0.0000,0.00,0.00,0.00,1.0000,0,0
25.1,3,Dormitorio2,0.00,20.00,20.00,20.00,0.0000,30.00,2.400,2.400,2.400,0.000,0.20900,0,0,0,0.0001,100.0,0,-1.0,2500.00,0.0000,0.00,0.00,0.00,0.0000,0.00,0.00,0.00,1.0000,0,0
25.1,4,Cocina,0.00,20.00,20.00,20.00,0.0000,30.00,2.400,2.400,2.400,0.000,0.20900,0,0,0,0.0001,100.0,0,-1.0,3500.00,0.0000,0.00,0.00,0.00,0.0000,0.00,0.00,0.00,1.0000,0,0
25.1,5,Bano,0.00,20.00,20.00,20.00,0.0000,30.00,2.400,2.400,2.400,0.000,0.20900,0,0,0,0.0001,100.0,0,-1.0,400.00,0.0000,0.00,0.00,0.00,0.0000,0.00,0.00,0.00,1.0000,0,0
26.1,0,Salon,15.55,22.75,20.09,20.09,0.0032,30.00,2.399,2.084,2.400,0.020,0.20886,1,5,157,0.0001,100.0,0,-1.0,5999.72,0.0000,32.00,15.55,0.00,0.0000,32.00,0.00,0.00,1.0000,0,0
26.1,1,Pasillo,0.00,20.00,20.00,20.00,0.0000,30.00,2.400,2.400,2.400,0.000,0.20899,0,0,4,0.0001,100.0,0,-1.0,800.00,0.0000,0.00,0.00,0.00,0.0000,0.00,0.00,0.00,1.0000,0,0
26.1,2,Dormitorio1,0.00,20.00,20.00,20.00,0.0000,30.00,2.400,2.400,2.400,0.000,0.20900,0,0,0,0.0001,100.0,0,-1.0,3500.00,0.0000,0.00,0.00,0.00,0.0000,0.00,0.00,0.00,1.0000,0,0
26.1,3,Dormitorio2,0.00,20.00,20.00,20.00,0.0000,30.00,2.400,2.400,2.400,0.000,0.20900,0,0,0,0.0001,100.0,0,-1.0,2500.00,0.0000,0.00,0.00,0.00,0.0000,0.00,0.00,0.00,1.0000,0,0
26.1,4,Cocina,0.00,20.00,20.00,20.00,0.0000,30.00,2.400,2.400,2.400,0.000,0.20900,0,0,0,0.0001,100.0,0,-1.0,3500.00,0.0000,0.00,0.00,0.00,0.0000,0.00,0.00,0.00,1.0000,0,0
26.1,5,Bano,0.00,20.00,20.00,20.00,0.0000,30.00,2.400,2.400,2.400,0.000,0.20900,0,0,0,0.0001,100.0,0,-1.0,400.00,0.0000,0.00,0.00,0.00,0.0000,0.00,0.00,0.00,1.0000,0,0
27.1,0,Salon,17.13,22.93,20.10,20.10,0.0035,30.00,2.399,2.062,2.400,0.023,0.20883,1,6,176,0.0001,100.0,0,-1.0,5999.69,0.0000,34.50,17.13,0.00,0.0000,34.50,0.00,0.00,1.0000,0,0
27.1,1,Pasillo,0.00,20.00,20.00,20.00,0.0000,30.00,2.400,2.400,2.400,0.000,0.20899,0,0,4,0.0001,100.0,0,-1.0,800.00,0.0000,0.00,0.00,0.00,0.0000,0.00,0.00,0.00,1.0000,0,0
27.1,2,Dormitorio1,0.00,20.00,20.00,20.00,0.0000,30.00,2.400,2.400,2.400,0.000,0.20900,0,0,0,0.0001,100.0,0,-1.0,3500.00,0.0000,0.00,0.00,0.00,0.0000,0.00,0.00,0.00,1.0000,0,0
27.1,3,Dormitorio2,0.00,20.00,20.00,20.00,0.0000,30.00,2.400,2.400,2.400,0.000,0.20900,0,0,0,0.0001,100.0,0,-1.0,2500.00,0.0000,0.00,0.00,0.00,0.0000,0.00,0.00,0.00,1.0000,0,0
27.1,4,Cocina,0.00,20.00,20.00,20.00,0.0000,30.00,2.400,2.400,2.400,0.000,0.20900,0,0,0,0.0001,100.0,0,-1.0,3500.00,0.0000,0.00,0.00,0.00,0.0000,0.00,0.00,0.00,1.0000,0,0
27.1,5,Bano,0.00,20.00,20.00,20.00,0.0000,30.00,2.400,2.400,2.400,0.000,0.20900,0,0,0,0.0001,100.0,0,-1.0,400.00,0.0000,0.00,0.00,0.00,0.0000,0.00,0.00,0.00,1.0000,0,0
28.1,0,Salon,18.79,23.12,20.12,20.12,0.0039,30.00,2.399,2.036,2.400,0.026,0.20881,1,6,196,0.0001,100.0,0,-1.0,5999.65,0.0000,37.10,18.79,0.00,0.0000,37.10,0.00,0.00,1.0000,0,0
28.1,1,Pasillo,0.00,20.00,20.00,20.00,0.0000,30.00,2.400,2.400,2.400,0.000,0.20899,0,0,5,0.0001,100.0,0,-1.0,800.00,0.0000,0.00,0.00,0.00,0.0000,0.00,0.00,0.00,1.0000,0,0
28.1,2,Dormitorio1,0.00,20.00,20.00,20.00,0.0000,30.00,2.400,2.400,2.400,0.000,0.20900,0,0,0,0.0001,100.0,0,-1.0,3500.00,0.0000,0.00,0.00,0.00,0.0000,0.00,0.00,0.00,1.0000,0,0
28.1,3,Dormitorio2,0.00,20.00,20.00,20.00,0.0000,30.00,2.400,2.400,2.400,0.000,0.20900,0,0,0,0.0001,100.0,0,-1.0,2500.00,0.0000,0.00,0.00,0.00,0.0000,0.00,0.00,0.00,1.0000,0,0
28.1,4,Cocina,0.00,20.00,20.00,20.00,0.0000,30.00,2.400,2.400,2.400,0.000,0.20900,0,0,0,0.0001,100.0,0,-1.0,3500.00,0.0000,0.00,0.00,0.00,0.0000,0.00,0.00,0.00,1.0000,0,0
28.1,5,Bano,0.00,20.00,20.00,20.00,0.0000,30.00,2.400,2.400,2.400,0.000,0.20900,0,0,0,0.0001,100.0,0,-1.0,400.00,0.0000,0.00,0.00,0.00,0.0000,0.00,0.00,0.00,1.0000,0,0
29.1,0,Salon,20.54,23.32,20.14,20.14,0.0044,30.00,2.399,2.012,2.400,0.030,0.20879,1,6,218,0.0001,100.0,0,-1.0,5999.61,0.0000,39.79,20.54,0.00,0.0000,39.79,0.00,0.00,1.0000,0,0
29.1,1,Pasillo,0.00,20.00,20.00,20.00,0.0000,30.00,2.400,2.400,2.400,0.000,0.20899,0,0,5,0.0001,100.0,0,-1.0,800.00,0.0000,0.00,0.00,0.00,0.0000,0.00,0.00,0.00,1.0000,0,0
29.1,2,Dormitorio1,0.00,20.00,20.00,20.00,0.0000,30.00,2.400,2.400,2.400,0.000,0.20900,0,0,0,0.0001,100.0,0,-1.0,3500.00,0.0000,0.00,0.00,0.00,0.0000,0.00,0.00,0.00,1.0000,0,0
29.1,3,Dormitorio2,0.00,20.00,20.00,20.00,0.0000,30.00,2.400,2.400,2.400,0.000,0.20900,0,0,0,0.0001,100.0,0,-1.0,2500.00,0.0000,0.00,0.00,0.00,0.0000,0.00,0.00,0.00,1.0000,0,0
29.1,4,Cocina,0.00,20.00,20.00,20.00,0.0000,30.00,2.400,2.400,2.400,0.000,0.20900,0,0,0,0.0001,100.0,0,-1.0,3500.00,0.0000,0.00,0.00,0.00,0.0000,0.00,0.00,0.00,1.0000,0,0
29.1,5,Bano,0.00,20.00,20.00,20.00,0.0000,30.00,2.400,2.400,2.400,0.000,0.20900,0,0,0,0.0001,100.0,0,-1.0,400.00,0.0000,0.00,0.00,0.00,0.0000,0.00,0.00,0.00,1.0000,0,0
30.1,0,Salon,22.38,23.52,20.16,20.16,0.0048,30.00,2.399,1.989,2.400,0.035,0.20876,1,7,241,0.0002,100.0,0,-1.0,5999.57,0.0000,42.58,22.38,0.00,0.0000,42.58,0.00,0.00,1.0000,0,0
30.1,1,Pasillo,0.00,20.00,20.00,20.00,0.0000,30.00,2.400,2.400,2.400,0.000,0.20899,0,0,6,0.0001,100.0,0,-1.0,800.00,0.0000,0.00,0.00,0.00,0.0000,0.00,0.00,0.00,1.0000,0,0
30.1,2,Dormitorio1,0.00,20.00,20.00,20.00,0.0000,30.00,2.400,2.400,2.400,0.000,0.20900,0,0,0,0.0001,100.0,0,-1.0,3500.00,0.0000,0.00,0.00,0.00,0.0000,0.00,0.00,0.00,1.0000,0,0
30.1,3,Dormitorio2,0.00,20.00,20.00,20.00,0.0000,30.00,2.400,2.400,2.400,0.000,0.20900,0,0,0,0.0001,100.0,0,-1.0,2500.00,0.0000,0.00,0.00,0.00,0.0000,0.00,0.00,0.00,1.0000,0,0
30.1,4,Cocina,0.00,20.00,20.00,20.00,0.0000,30.00,2.400,2.400,2.400,0.000,0.20900,0,0,0,0.0001,100.0,0,-1.0,3500.00,0.0000,0.00,0.00,0.00,0.0000,0.00,0.00,0.00,1.0000,0,0
30.1,5,Bano,0.00,20.00,20.00,20.00,0.0000,30.00,2.400,2.400,2.400,0.000,0.20900,0,0,0,0.0001,100.0,0,-1.0,400.00,0.0000,0.00,0.00,0.00,0.0000,0.00,0.00,0.00,1.0000,0,0
31.1,0,Salon,24.30,23.73,20.19,20.19,0.0053,30.00,2.399,1.967,2.400,0.040,0.20873,1,7,265,0.0002,100.0,0,-1.0,5999.53,0.0000,45.46,24.30,0.00,0.0000,45.46,0.00,0.00,1.0000,0,0
31.1,1,Pasillo,0.00,20.00,20.00,20.00,0.0000,30.00,2.400,2.400,2.400,0.000,0.20899,0,0,7,0.0002,100.0,0,-1.0,800.00,0.0000,0.00,0.00,0.00,0.0000,0.00,0.00,0.00,1.0000,0,0
31.1,2,Dormitorio1,0.00,20.00,20.00,20.00,0.0000,30.00,2.400,2.400,2.400,0.000,0.20900,0,0,0,0.0002,100.0,0,-1.0,3500.00,0.0000,0.00,0.00,0.00,0.0000,0.00,0.00,0.00,1.0000,0,0
31.1,3,Dormitorio2,0.00,20.00,20.00,20.00,0.0000,30.00,2.400,2.400,2.400,0.000,0.20900,0,0,0,0.0002,100.0,0,-1.0,2500.00,0.0000,0.00,0.00,0.00,0.0000,0.00,0.00,0.00,1.0000,0,0
31.1,4,Cocina,0.00,20.00,20.00,20.00,0.0000,30.00,2.400,2.400,2.400,0.000,0.20900,0,0,0,0.0001,100.0,0,-1.0,3500.00,0.0000,0.00,0.00,0.00,0.0000,0.00,0.00,0.00,1.0000,0,0
31.1,5,Bano,0.00,20.00,20.00,20.00,0.0000,30.00,2.400,2.400,2.400,0.000,0.20900,0,0,0,0.0002,100.0,0,-1.0,400.00,0.0000,0.00,0.00,0.00,0.0000,0.00,0.00,0.00,1.0000,0,0
32.1,0,Salon,26.32,23.95,20.22,20.22,0.0059,30.00,2.398,1.944,2.400,0.045,0.20870,2,8,292,0.0002,100.0,0,-1.0,5999.48,0.0000,48.44,26.32,0.00,0.0000,48.44,0.00,0.00,1.0000,0,0
32.1,1,Pasillo,0.00,20.00,20.00,20.00,0.0000,30.00,2.400,2.400,2.400,0.000,0.20899,0,0,8,0.0002,100.0,0,-1.0,800.00,0.0000,0.00,0.00,0.00,0.0000,0.00,0.00,0.00,1.0000,0,0
32.1,2,Dormitorio1,0.00,20.00,20.00,20.00,0.0000,30.00,2.400,2.400,2.400,0.000,0.20900,0,0,0,0.0002,100.0,0,-1.0,3500.00,0.0000,0.00,0.00,0.00,0.0000,0.00,0.00,0.00,1.0000,0,0
32.1,3,Dormitorio2,0.00,20.00,20.00,20.00,0.0000,30.00,2.400,2.400,2.400,0.000,0.20900,0,0,0,0.0002,100.0,0,-1.0,2500.00,0.0000,0.00,0.00,0.00,0.0000,0.00,0.00,0.00,1.0000,0,0
32.1,4,Cocina,0.00,20.00,20.00,20.00,0.0000,30.00,2.400,2.400,2.400,0.000,0.20900,0,0,0,0.0002,100.0,0,-1.0,3500.00,0.0000,0.00,0.00,0.00,0.0000,0.00,0.00,0.00,1.0000,0,0
32.1,5,Bano,0.00,20.00,20.00,20.00,0.0000,30.00,2.400,2.400,2.400,0.000,0.20900,0,0,0,0.0002,100.0,0,-1.0,400.00,0.0000,0.00,0.00,0.00,0.0000,0.00,0.00,0.00,1.0000,0,0
33.1,0,Salon,28.42,24.17,20.25,20.25,0.0064,30.00,2.398,1.920,2.400,0.050,0.20866,2,8,320,0.0002,100.0,0,-1.0,5999.43,0.0000,51.51,28.42,0.00,0.0000,51.51,0.00,0.00,1.0000,0,0
33.1,1,Pasillo,0.00,20.00,20.00,20.00,0.0000,30.00,2.400,2.400,2.400,0.000,0.20898,0,0,9,0.0002,100.0,0,-1.0,800.00,0.0000,0.00,0.00,0.00,0.0000,0.00,0.00,0.00,1.0000,0,0
33.1,2,Dormitorio1,0.00,20.00,20.00,20.00,0.0000,30.00,2.400,2.400,2.400,0.000,0.20900,0,0,0,0.0002,100.0,0,-1.0,3500.00,0.0000,0.00,0.00,0.00,0.0000,0.00,0.00,0.00,1.0000,0,0
33.1,3,Dormitorio2,0.00,20.00,20.00,20.00,0.0000,30.00,2.400,2.400,2.400,0.000,0.20900,0,0,0,0.0002,100.0,0,-1.0,2500.00,0.0000,0.00,0.00,0.00,0.0000,0.00,0.00,0.00,1.0000,0,0
33.1,4,Cocina,0.00,20.00,20.00,20.00,0.0000,30.00,2.400,2.400,2.400,0.000,0.20900,0,0,0,0.0002,100.0,0,-1.0,3500.00,0.0000,0.00,0.00,0.00,0.0000,0.00,0.00,0.00,1.0000,0,0
33.1,5,Bano,0.00,20.00,20.00,20.00,0.0000,30.00,2.400,2.400,2.400,0.000,0.20900,0,0,0,0.0002,100.0,0,-1.0,400.00,0.0000,0.00,0.00,0.00,0.0000,0.00,0.00,0.00,1.0000,0,0
34.1,0,Salon,30.62,24.40,20.29,20.29,0.0070,30.00,2.398,1.897,2.400,0.057,0.20862,2,9,349,0.0002,100.0,0,-1.0,5999.38,0.0000,54.67,30.62,0.00,0.0000,54.67,0.00,0.00,1.0000,0,0
34.1,1,Pasillo,0.00,20.00,20.00,20.00,0.0000,30.00,2.400,2.400,2.400,0.000,0.20898,0,0,10,0.0002,100.0,0,-1.0,800.00,0.0000,0.00,0.00,0.00,0.0000,0.00,0.00,0.00,1.0000,0,0
34.1,2,Dormitorio1,0.00,20.00,20.00,20.00,0.0000,30.00,2.400,2.400,2.400,0.000,0.20900,0,0,0,0.0002,100.0,0,-1.0,3500.00,0.0000,0.00,0.00,0.00,0.0000,0.00,0.00,0.00,1.0000,0,0
34.1,3,Dormitorio2,0.00,20.00,20.00,20.00,0.0000,30.00,2.400,2.400,2.400,0.000,0.20900,0,0,0,0.0002,100.0,0,-1.0,2500.00,0.0000,0.00,0.00,0.00,0.0000,0.00,0.00,0.00,1.0000,0,0
34.1,4,Cocina,0.00,20.00,20.00,20.00,0.0000,30.00,2.400,2.400,2.400,0.000,0.20900,0,0,0,0.0002,100.0,0,-1.0,3500.00,0.0000,0.00,0.00,0.00,0.0000,0.00,0.00,0.00,1.0000,0,0
34.1,5,Bano,0.00,20.00,20.00,20.00,0.0000,30.00,2.400,2.400,2.400,0.000,0.20900,0,0,0,0.0002,100.0,0,-1.0,400.00,0.0000,0.00,0.00,0.00,0.0000,0.00,0.00,0.00,1.0000,0,0
35.1,0,Salon,32.90,24.64,20.33,20.33,0.0077,30.00,2.398,1.874,2.400,0.063,0.20858,2,9,381,0.0002,100.0,0,-1.0,5999.32,0.0000,57.93,32.90,0.00,0.0000,57.93,0.00,0.00,1.0000,0,0
35.1,1,Pasillo,0.00,20.00,20.00,20.00,0.0000,30.00,2.400,2.400,2.400,0.000,0.20898,0,0,11,0.0002,100.0,0,-1.0,800.00,0.0000,0.00,0.00,0.00,0.0000,0.00,0.00,0.00,1.0000,0,0
35.1,2,Dormitorio1,0.00,20.00,20.00,20.00,0.0000,30.00,2.400,2.400,2.400,0.000,0.20900,0,0,0,0.0002,100.0,0,-1.0,3500.00,0.0000,0.00,0.00,0.00,0.0000,0.00,0.00,0.00,1.0000,0,0
35.1,3,Dormitorio2,0.00,20.00,20.00,20.00,0.0000,30.00,2.400,2.400,2.400,0.000,0.20900,0,0,0,0.0002,100.0,0,-1.0,2500.00,0.0000,0.00,0.00,0.00,0.0000,0.00,0.00,0.00,1.0000,0,0
35.1,4,Cocina,0.00,20.00,20.00,20.00,0.0000,30.00,2.400,2.400,2.400,0.000,0.20900,0,0,0,0.0002,100.0,0,-1.0,3500.00,0.0000,0.00,0.00,0.00,0.0000,0.00,0.00,0.00,1.0000,0,0
35.1,5,Bano,0.00,20.00,20.00,20.00,0.0000,30.00,2.400,2.400,2.400,0.000,0.20900,0,0,0,0.0002,100.0,0,-1.0,400.00,0.0000,0.00,0.00,0.00,0.0000,0.00,0.00,0.00,1.0000,0,0
36.1,0,Salon,35.28,24.88,20.38,20.38,0.0083,30.00,2.398,1.850,2.400,0.070,0.20854,2,10,414,0.0002,100.0,0,-1.0,5999.26,0.0000,61.28,35.28,0.00,0.0000,61.28,0.00,0.00,1.0000,0,0
36.1,1,Pasillo,0.00,20.00,20.00,20.00,0.0000,30.00,2.400,2.400,2.400,0.000,0.20898,0,0,13,0.0002,100.0,0,-1.0,800.00,0.0000,0.00,0.00,0.00,0.0000,0.00,0.00,0.00,1.0000,0,0
36.1,2,Dormitorio1,0.00,20.00,20.00,20.00,0.0000,30.00,2.400,2.400,2.400,0.000,0.20900,0,0,0,0.0002,100.0,0,-1.0,3500.00,0.0000,0.00,0.00,0.00,0.0000,0.00,0.00,0.00,1.0000,0,0
36.1,3,Dormitorio2,0.00,20.00,20.00,20.00,0.0000,30.00,2.400,2.400,2.400,0.000,0.20900,0,0,0,0.0002,100.0,0,-1.0,2500.00,0.0000,0.00,0.00,0.00,0.0000,0.00,0.00,0.00,1.0000,0,0
36.1,4,Cocina,0.00,20.00,20.00,20.00,0.0000,30.00,2.400,2.400,2.400,0.000,0.20900,0,0,0,0.0002,100.0,0,-1.0,3500.00,0.0000,0.00,0.00,0.00,0.0000,0.00,0.00,0.00,1.0000,0,0
36.1,5,Bano,0.00,20.00,20.00,20.00,0.0000,30.00,2.400,2.400,2.400,0.000,0.20900,0,0,0,0.0002,100.0,0,-1.0,400.00,0.0000,0.00,0.00,0.00,0.0000,0.00,0.00,0.00,1.0000,0,0
37.1,0,Salon,37.74,25.14,20.43,20.43,0.0090,30.00,2.398,1.826,2.400,0.078,0.20849,3,10,449,0.0002,100.0,0,-1.0,5999.20,0.0000,64.73,37.74,0.00,0.0000,64.73,0.00,0.00,1.0000,0,0
37.1,1,Pasillo,0.00,20.00,20.00,20.00,0.0001,30.00,2.400,2.400,2.400,0.000,0.20897,0,0,14,0.0002,100.0,0,-1.0,800.00,0.0000,0.00,0.00,0.00,0.0000,0.00,0.00,0.00,1.0000,0,0
37.1,2,Dormitorio1,0.00,20.00,20.00,20.00,0.0000,30.00,2.400,2.400,2.400,0.000,0.20900,0,0,0,0.0002,100.0,0,-1.0,3500.00,0.0000,0.00,0.00,0.00,0.0000,0.00,0.00,0.00,1.0000,0,0
37.1,3,Dormitorio2,0.00,20.00,20.00,20.00,0.0000,30.00,2.400,2.400,2.400,0.000,0.20900,0,0,1,0.0002,100.0,0,-1.0,2500.00,0.0000,0.00,0.00,0.00,0.0000,0.00,0.00,0.00,1.0000,0,0
37.1,4,Cocina,0.00,20.00,20.00,20.00,0.0000,30.00,2.400,2.400,2.400,0.000,0.20900,0,0,0,0.0002,100.0,0,-1.0,3500.00,0.0000,0.00,0.00,0.00,0.0000,0.00,0.00,0.00,1.0000,0,0
37.1,5,Bano,0.00,20.00,20.00,20.00,0.0000,30.00,2.400,2.400,2.400,0.000,0.20900,0,0,0,0.0002,100.0,0,-1.0,400.00,0.0000,0.00,0.00,0.00,0.0000,0.00,0.00,0.00,1.0000,0,0
38.1,0,Salon,40.30,25.39,20.48,20.48,0.0098,30.00,2.397,1.803,2.400,0.086,0.20844,3,11,486,0.0002,100.0,0,-1.0,5999.13,0.0000,68.28,40.30,0.00,0.0000,68.28,0.00,0.00,1.0000,0,0
38.1,1,Pasillo,0.00,20.00,20.00,20.00,0.0001,30.00,2.400,2.400,2.400,0.000,0.20897,0,0,16,0.0002,100.0,0,-1.0,800.00,0.0000,0.00,0.00,0.00,0.0000,0.00,0.00,0.00,1.0000,0,0
38.1,2,Dormitorio1,0.00,20.00,20.00,20.00,0.0000,30.00,2.400,2.400,2.400,0.000,0.20900,0,0,0,0.0002,100.0,0,-1.0,3500.00,0.0000,0.00,0.00,0.00,0.0000,0.00,0.00,0.00,1.0000,0,0
38.1,3,Dormitorio2,0.00,20.00,20.00,20.00,0.0000,30.00,2.400,2.400,2.400,0.000,0.20900,0,0,1,0.0002,100.0,0,-1.0,2500.00,0.0000,0.00,0.00,0.00,0.0000,0.00,0.00,0.00,1.0000,0,0
38.1,4,Cocina,0.00,20.00,20.00,20.00,0.0000,30.00,2.400,2.400,2.400,0.000,0.20900,0,0,0,0.0002,100.0,0,-1.0,3500.00,0.0000,0.00,0.00,0.00,0.0000,0.00,0.00,0.00,1.0000,0,0
38.1,5,Bano,0.00,20.00,20.00,20.00,0.0000,30.00,2.400,2.400,2.400,0.000,0.20900,0,0,1,0.0002,100.0,0,-1.0,400.00,0.0000,0.00,0.00,0.00,0.0000,0.00,0.00,0.00,1.0000,0,0
39.0,0,Salon,42.73,25.64,20.54,20.54,0.0105,30.00,2.397,1.781,2.400,0.094,0.20839,3,12,522,0.0002,100.0,0,-1.0,5999.07,0.0000,71.61,42.73,0.00,0.0000,71.61,0.00,0.00,1.0000,0,0
39.0,1,Pasillo,0.00,20.00,20.00,20.00,0.0001,30.00,2.400,2.400,2.400,0.000,0.20897,0,0,17,0.0002,100.0,0,-1.0,800.00,0.0000,0.00,0.00,0.00,0.0000,0.00,0.00,0.00,1.0000,0,0
39.0,2,Dormitorio1,0.00,20.00,20.00,20.00,0.0000,30.00,2.400,2.400,2.400,0.000,0.20900,0,0,0,0.0002,100.0,0,-1.0,3500.00,0.0000,0.00,0.00,0.00,0.0000,0.00,0.00,0.00,1.0000,0,0
39.0,3,Dormitorio2,0.00,20.00,20.00,20.00,0.0000,30.00,2.400,2.400,2.400,0.000,0.20900,0,0,1,0.0002,100.0,0,-1.0,2500.00,0.0000,0.00,0.00,0.00,0.0000,0.00,0.00,0.00,1.0000,0,0
39.0,4,Cocina,0.00,20.00,20.00,20.00,0.0000,30.00,2.400,2.400,2.400,0.000,0.20900,0,0,0,0.0002,100.0,0,-1.0,3500.00,0.0000,0.00,0.00,0.00,0.0000,0.00,0.00,0.00,1.0000,0,0
39.0,5,Bano,0.00,20.00,20.00,20.00,0.0000,30.00,2.400,2.400,2.400,0.000,0.20900,0,0,1,0.0002,100.0,0,-1.0,400.00,0.0000,0.00,0.00,0.00,0.0000,0.00,0.00,0.00,1.0000,0,0
40.0,0,Salon,45.46,25.92,20.60,20.60,0.0113,30.00,2.397,1.758,2.400,0.103,0.20834,3,12,563,0.0002,100.0,0,-1.0,5998.99,0.0000,75.33,45.46,0.00,0.0000,75.33,0.00,0.00,1.0000,0,0
40.0,1,Pasillo,0.00,20.00,20.00,20.00,0.0001,30.00,2.400,2.400,2.400,0.000,0.20896,0,0,19,0.0002,100.0,0,-1.0,800.00,0.0000,0.00,0.00,0.00,0.0000,0.00,0.00,0.00,1.0000,0,0
40.0,2,Dormitorio1,0.00,20.00,20.00,20.00,0.0000,30.00,2.400,2.400,2.400,0.000,0.20900,0,0,0,0.0002,100.0,0,-1.0,3500.00,0.0000,0.00,0.00,0.00,0.0000,0.00,0.00,0.00,1.0000,0,0
40.0,3,Dormitorio2,0.00,20.00,20.00,20.00,0.0000,30.00,2.400,2.400,2.400,0.000,0.20900,0,0,1,0.0002,100.0,0,-1.0,2500.00,0.0000,0.00,0.00,0.00,0.0000,0.00,0.00,0.00,1.0000,0,0
40.0,4,Cocina,0.00,20.00,20.00,20.00,0.0000,30.00,2.400,2.400,2.400,0.000,0.20900,0,0,0,0.0002,100.0,0,-1.0,3500.00,0.0000,0.00,0.00,0.00,0.0000,0.00,0.00,0.00,1.0000,0,0
40.0,5,Bano,0.00,20.00,20.00,20.00,0.0000,30.00,2.400,2.400,2.400,0.000,0.20900,0,0,1,0.0002,100.0,0,-1.0,400.00,0.0000,0.00,0.00,0.00,0.0000,0.00,0.00,0.00,1.0000,0,0
41.0,0,Salon,48.29,26.22,20.67,20.67,0.0122,30.00,2.397,1.736,2.400,0.113,0.20828,4,13,606,0.0002,100.0,0,-1.0,5998.92,0.0000,79.15,48.29,0.00,0.0000,79.15,0.00,0.00,1.0000,0,0
41.0,1,Pasillo,0.00,20.00,20.00,20.00,0.0001,30.00,2.400,2.400,2.400,0.000,0.20896,0,0,21,0.0002,100.0,0,-1.0,800.00,0.0000,0.00,0.00,0.00,0.0000,0.00,0.00,0.00,1.0000,0,0
41.0,2,Dormitorio1,0.00,20.00,20.00,20.00,0.0000,30.00,2.400,2.400,2.400,0.000,0.20900,0,0,1,0.0002,100.0,0,-1.0,3500.00,0.0000,0.00,0.00,0.00,0.0000,0.00,0.00,0.00,1.0000,0,0
41.0,3,Dormitorio2,0.00,20.00,20.00,20.00,0.0000,30.00,2.400,2.400,2.400,0.000,0.20900,0,0,1,0.0002,100.0,0,-1.0,2500.00,0.0000,0.00,0.00,0.00,0.0000,0.00,0.00,0.00,1.0000,0,0
41.0,4,Cocina,0.00,20.00,20.00,20.00,0.0000,30.00,2.400,2.400,2.400,0.000,0.20900,0,0,0,0.0002,100.0,0,-1.0,3500.00,0.0000,0.00,0.00,0.00,0.0000,0.00,0.00,0.00,1.0000,0,0
41.0,5,Bano,0.00,20.00,20.00,20.00,0.0000,30.00,2.400,2.400,2.400,0.000,0.20900,0,0,1,0.0002,100.0,0,-1.0,400.00,0.0000,0.00,0.00,0.00,0.0000,0.00,0.00,0.00,1.0000,0,0
42.0,0,Salon,51.21,26.53,20.75,20.75,0.0131,30.00,2.397,1.715,2.400,0.123,0.20822,4,14,652,0.0002,100.0,0,-1.0,5998.83,0.0000,83.07,51.21,0.00,0.0000,83.07,0.00,0.00,1.0000,0,0
42.0,1,Pasillo,0.00,20.00,20.00,20.00,0.0002,30.00,2.400,2.400,2.400,0.000,0.20895,0,0,23,0.0002,100.0,0,-1.0,800.00,0.0000,0.00,0.00,0.00,0.0000,0.00,0.00,0.00,1.0000,0,0
42.0,2,Dormitorio1,0.00,20.00,20.00,20.00,0.0000,30.00,2.400,2.400,2.400,0.000,0.20900,0,0,1,0.0002,100.0,0,-1.0,3500.00,0.0000,0.00,0.00,0.00,0.0000,0.00,0.00,0.00,1.0000,0,0
42.0,3,Dormitorio2,0.00,20.00,20.00,20.00,0.0000,30.00,2.400,2.400,2.400,0.000,0.20900,0,0,1,0.0002,100.0,0,-1.0,2500.00,0.0000,0.00,0.00,0.00,0.0000,0.00,0.00,0.00,1.0000,0,0
42.0,4,Cocina,0.00,20.00,20.00,20.00,0.0000,30.00,2.400,2.400,2.400,0.000,0.20900,0,0,0,0.0002,100.0,0,-1.0,3500.00,0.0000,0.00,0.00,0.00,0.0000,0.00,0.00,0.00,1.0000,0,0
42.0,5,Bano,0.00,20.00,20.00,20.00,0.0000,30.00,2.400,2.400,2.400,0.000,0.20900,0,0,1,0.0002,100.0,0,-1.0,400.00,0.0000,0.00,0.00,0.00,0.0000,0.00,0.00,0.00,1.0000,0,0
43.0,0,Salon,54.22,26.85,20.83,20.83,0.0140,30.00,2.396,1.693,2.400,0.134,0.20815,4,14,701,0.0003,100.0,0,-1.0,5998.75,0.0000,87.08,54.22,0.00,0.0000,87.08,0.00,0.00,1.0000,0,0
43.0,1,Pasillo,0.00,20.00,20.00,20.00,0.0002,30.00,2.400,2.400,2.400,0.000,0.20895,0,0,25,0.0002,100.0,0,-1.0,800.00,0.0000,0.00,0.00,0.00,0.0000,0.00,0.00,0.00,1.0000,0,0
43.0,2,Dormitorio1,0.00,20.00,20.00,20.00,0.0000,30.00,2.400,2.400,2.400,0.000,0.20900,0,0,1,0.0002,100.0,0,-1.0,3500.00,0.0000,0.00,0.00,0.00,0.0000,0.00,0.00,0.00,1.0000,0,0
43.0,3,Dormitorio2,0.00,20.00,20.00,20.00,0.0000,30.00,2.400,2.400,2.400,0.000,0.20900,0,0,1,0.0002,100.0,0,-1.0,2500.00,0.0000,0.00,0.00,0.00,0.0000,0.00,0.00,0.00,1.0000,0,0
43.0,4,Cocina,0.00,20.00,20.00,20.00,0.0000,30.00,2.400,2.400,2.400,0.000,0.20900,0,0,0,0.0002,100.0,0,-1.0,3500.00,0.0000,0.00,0.00,0.00,0.0000,0.00,0.00,0.00,1.0000,0,0
43.0,5,Bano,0.00,20.00,20.00,20.00,0.0000,30.00,2.400,2.400,2.400,0.000,0.20900,0,0,1,0.0002,100.0,0,-1.0,400.00,0.0000,0.00,0.00,0.00,0.0000,0.00,0.00,0.00,1.0000,0,0
44.0,0,Salon,57.32,27.19,20.92,20.92,0.0150,30.00,2.396,1.673,2.400,0.146,0.20808,5,15,753,0.0003,100.0,0,-1.0,5998.66,0.0000,91.19,57.32,0.00,0.0000,91.19,0.00,0.00,1.0000,0,0
44.0,1,Pasillo,0.00,20.00,20.00,20.00,0.0002,30.00,2.400,2.400,2.400,0.000,0.20894,0,0,27,0.0002,100.0,0,-1.0,800.00,0.0000,0.00,0.00,0.00,0.0000,0.00,0.00,0.00,1.0000,0,0
44.0,2,Dormitorio1,0.00,20.00,20.00,20.00,0.0000,30.00,2.400,2.400,2.400,0.000,0.20900,0,0,1,0.0002,100.0,0,-1.0,3500.00,0.0000,0.00,0.00,0.00,0.0000,0.00,0.00,0.00,1.0000,0,0
44.0,3,Dormitorio2,0.00,20.00,20.00,20.00,0.0000,30.00,2.400,2.400,2.400,0.000,0.20900,0,0,1,0.0002,100.0,0,-1.0,2500.00,0.0000,0.00,0.00,0.00,0.0000,0.00,0.00,0.00,1.0000,0,0
44.0,4,Cocina,0.00,20.00,20.00,20.00,0.0000,30.00,2.400,2.400,2.400,0.000,0.20900,0,0,1,0.0002,100.0,0,-1.0,3500.00,0.0000,0.00,0.00,0.00,0.0000,0.00,0.00,0.00,1.0000,0,0
44.0,5,Bano,0.00,20.00,20.00,20.00,0.0000,30.00,2.400,2.400,2.400,0.000,0.20900,0,0,1,0.0002,100.0,0,-1.0,400.00,0.0000,0.00,0.00,0.00,0.0000,0.00,0.00,0.00,1.0000,0,0
45.0,0,Salon,60.52,27.54,21.02,21.02,0.0161,30.00,2.396,1.653,2.400,0.158,0.20800,5,16,808,0.0003,100.0,0,-1.0,5998.57,0.0000,95.39,60.52,0.00,0.0000,95.39,0.00,0.00,1.0000,0,0
45.0,1,Pasillo,0.00,20.00,20.00,20.00,0.0002,30.00,2.400,2.400,2.400,0.000,0.20894,0,0,30,0.0002,100.0,0,-1.0,800.00,0.0000,0.00,0.00,0.00,0.0000,0.00,0.00,0.00,1.0000,0,0
45.0,2,Dormitorio1,0.00,20.00,20.00,20.00,0.0000,30.00,2.400,2.400,2.400,0.000,0.20900,0,0,1,0.0002,100.0,0,-1.0,3500.00,0.0000,0.00,0.00,0.00,0.0000,0.00,0.00,0.00,1.0000,0,0
45.0,3,Dormitorio2,0.00,20.00,20.00,20.00,0.0000,30.00,2.400,2.400,2.400,0.000,0.20900,0,0,1,0.0002,100.0,0,-1.0,2500.00,0.0000,0.00,0.00,0.00,0.0000,0.00,0.00,0.00,1.0000,0,0
45.0,4,Cocina,0.00,20.00,20.00,20.00,0.0000,30.00,2.400,2.400,2.400,0.000,0.20900,0,0,1,0.0002,100.0,0,-1.0,3500.00,0.0000,0.00,0.00,0.00,0.0000,0.00,0.00,0.00,1.0000,0,0
45.0,5,Bano,0.00,20.00,20.00,20.00,0.0000,30.00,2.400,2.400,2.400,0.000,0.20900,0,0,1,0.0002,100.0,0,-1.0,400.00,0.0000,0.00,0.00,0.00,0.0000,0.00,0.00,0.00,1.0000,0,0
46.0,0,Salon,63.81,27.90,21.12,21.12,0.0172,30.00,2.395,1.634,2.400,0.171,0.20793,5,17,865,0.0003,100.0,0,-1.0,5998.47,0.0000,99.69,63.81,0.00,0.0000,99.69,0.00,0.00,1.0000,0,0
46.0,1,Pasillo,0.00,20.00,20.00,20.00,0.0003,30.00,2.400,2.400,2.400,0.000,0.20893,0,0,32,0.0002,100.0,0,-1.0,800.00,0.0000,0.00,0.00,0.00,0.0000,0.00,0.00,0.00,1.0000,0,0
46.0,2,Dormitorio1,0.00,20.00,20.00,20.00,0.0000,30.00,2.400,2.400,2.400,0.000,0.20900,0,0,1,0.0002,100.0,0,-1.0,3500.00,0.0000,0.00,0.00,0.00,0.0000,0.00,0.00,0.00,1.0000,0,0
46.0,3,Dormitorio2,0.00,20.00,20.00,20.00,0.0000,30.00,2.400,2.400,2.400,0.000,0.20900,0,0,1,0.0002,100.0,0,-1.0,2500.00,0.0000,0.00,0.00,0.00,0.0000,0.00,0.00,0.00,1.0000,0,0
46.0,4,Cocina,0.00,20.00,20.00,20.00,0.0000,30.00,2.400,2.400,2.400,0.000,0.20900,0,0,1,0.0002,100.0,0,-1.0,3500.00,0.0000,0.00,0.00,0.00,0.0000,0.00,0.00,0.00,1.0000,0,0
46.0,5,Bano,0.00,20.00,20.00,20.00,0.0000,30.00,2.400,2.400,2.400,0.000,0.20900,0,0,1,0.0002,100.0,0,-1.0,400.00,0.0000,0.00,0.00,0.00,0.0000,0.00,0.00,0.00,1.0000,0,0
47.0,0,Salon,67.20,28.28,21.23,21.23,0.0183,30.00,2.395,1.615,2.400,0.185,0.20784,6,18,926,0.0003,100.0,0,-1.0,5998.37,0.0000,104.08,67.20,0.00,0.0000,104.08,0.00,0.00,1.0000,0,0
47.0,1,Pasillo,0.00,20.00,20.00,20.00,0.0003,30.00,2.400,2.400,2.400,0.000,0.20893,0,0,35,0.0002,100.0,0,-1.0,800.00,0.0000,0.00,0.00,0.00,0.0000,0.00,0.00,0.00,1.0000,0,0
47.0,2,Dormitorio1,0.00,20.00,20.00,20.00,0.0000,30.00,2.400,2.400,2.400,0.000,0.20900,0,0,1,0.0002,100.0,0,-1.0,3500.00,0.0000,0.00,0.00,0.00,0.0000,0.00,0.00,0.00,1.0000,0,0
47.0,3,Dormitorio2,0.00,20.00,20.00,20.00,0.0000,30.00,2.400,2.400,2.400,0.000,0.20899,0,0,2,0.0002,100.0,0,-1.0,2500.00,0.0000,0.00,0.00,0.00,0.0000,0.00,0.00,0.00,1.0000,0,0
47.0,4,Cocina,0.00,20.00,20.00,20.00,0.0000,30.00,2.400,2.400,2.400,0.000,0.20900,0,0,1,0.0002,100.0,0,-1.0,3500.00,0.0000,0.00,0.00,0.00,0.0000,0.00,0.00,0.00,1.0000,0,0
47.0,5,Bano,0.00,20.00,20.00,20.00,0.0000,30.00,2.400,2.400,2.400,0.000,0.20900,0,0,1,0.0002,100.0,0,-1.0,400.00,0.0000,0.00,0.00,0.00,0.0000,0.00,0.00,0.00,1.0000,0,0
48.0,0,Salon,70.68,28.68,21.35,21.35,0.0195,30.00,2.395,1.597,2.400,0.199,0.20776,6,19,989,0.0003,100.0,0,-1.0,5998.26,0.0000,108.57,70.68,0.00,0.0000,108.57,0.00,0.00,1.0000,0,0
48.0,1,Pasillo,0.00,20.00,20.00,20.00,0.0003,30.00,2.400,2.400,2.400,0.000,0.20892,0,0,39,0.0002,100.0,0,-1.0,800.00,0.0000,0.00,0.00,0.00,0.0000,0.00,0.00,0.00,1.0000,0,0
48.0,2,Dormitorio1,0.00,20.00,20.00,20.00,0.0000,30.00,2.400,2.400,2.400,0.000,0.20900,0,0,1,0.0002,100.0,0,-1.0,3500.00,0.0000,0.00,0.00,0.00,0.0000,0.00,0.00,0.00,1.0000,0,0
48.0,3,Dormitorio2,0.00,20.00,20.00,20.00,0.0000,30.00,2.400,2.400,2.400,0.000,0.20899,0,0,2,0.0002,100.0,0,-1.0,2500.00,0.0000,0.00,0.00,0.00,0.0000,0.00,0.00,0.00,1.0000,0,0
48.0,4,Cocina,0.00,20.00,20.00,20.00,0.0000,30.00,2.400,2.400,2.400,0.000,0.20900,0,0,1,0.0002,100.0,0,-1.0,3500.00,0.0000,0.00,0.00,0.00,0.0000,0.00,0.00,0.00,1.0000,0,0
48.0,5,Bano,0.00,20.00,20.00,20.00,0.0000,30.00,2.400,2.400,2.400,0.000,0.20899,0,0,2,0.0002,100.0,0,-1.0,400.00,0.0000,0.00,0.00,0.00,0.0000,0.00,0.00,0.00,1.0000,0,0
49.0,0,Salon,74.25,29.10,21.48,21.48,0.0207,30.00,2.394,1.580,2.400,0.214,0.20767,7,20,1056,0.0003,100.0,0,-1.0,5998.15,0.0000,113.15,74.25,0.00,0.0000,113.15,0.00,0.00,1.0000,0,0
49.0,1,Pasillo,0.00,20.00,20.00,20.00,0.0004,30.00,2.400,2.400,2.400,0.000,0.20891,0,0,43,0.0002,100.0,0,-1.0,800.00,0.0000,0.00,0.00,0.00,0.0000,0.00,0.00,0.00,1.0000,0,0
49.0,2,Dormitorio1,0.00,20.00,20.00,20.00,0.0000,30.00,2.400,2.400,2.400,0.000,0.20900,0,0,1,0.0002,100.0,0,-1.0,3500.00,0.0000,0.00,0.00,0.00,0.0000,0.00,0.00,0.00,1.0000,0,0
49.0,3,Dormitorio2,0.00,20.00,20.00,20.00,0.0000,30.00,2.400,2.400,2.400,0.000,0.20899,0,0,2,0.0002,100.0,0,-1.0,2500.00,0.0000,0.00,0.00,0.00,0.0000,0.00,0.00,0.00,1.0000,0,0
49.0,4,Cocina,0.00,20.00,20.00,20.00,0.0000,30.00,2.400,2.400,2.400,0.000,0.20900,0,0,1,0.0002,100.0,0,-1.0,3500.00,0.0000,0.00,0.00,0.00,0.0000,0.00,0.00,0.00,1.0000,0,0
49.0,5,Bano,0.00,20.00,20.00,20.00,0.0000,30.00,2.400,2.400,2.400,0.000,0.20899,0,0,2,0.0002,100.0,0,-1.0,400.00,0.0000,0.00,0.00,0.00,0.0000,0.00,0.00,0.00,1.0000,0,0
50.0,0,Salon,77.92,29.54,21.62,21.62,0.0220,30.00,2.394,1.565,2.400,0.230,0.20757,7,21,1126,0.0003,100.0,0,-1.0,5998.03,0.0000,117.83,77.92,0.00,0.0000,117.83,0.00,0.00,1.0000,0,0
50.0,1,Pasillo,0.00,20.00,20.00,20.00,0.0004,30.00,2.400,2.400,2.400,0.000,0.20890,0,0,47,0.0002,100.0,0,-1.0,800.00,0.0000,0.00,0.00,0.00,0.0000,0.00,0.00,0.00,1.0000,0,0
50.0,2,Dormitorio1,0.00,20.00,20.00,20.00,0.0000,30.00,2.400,2.400,2.400,0.000,0.20899,0,0,1,0.0002,100.0,0,-1.0,3500.00,0.0000,0.00,0.00,0.00,0.0000,0.00,0.00,0.00,1.0000,0,0
50.0,3,Dormitorio2,0.00,20.00,20.00,20.00,0.0000,30.00,2.400,2.400,2.400,0.000,0.20899,0,0,2,0.0002,100.0,0,-1.0,2500.00,0.0000,0.00,0.00,0.00,0.0000,0.00,0.00,0.00,1.0000,0,0
50.0,4,Cocina,0.00,20.00,20.00,20.00,0.0000,30.00,2.400,2.400,2.400,0.000,0.20900,0,0,1,0.0002,100.0,0,-1.0,3500.00,0.0000,0.00,0.00,0.00,0.0000,0.00,0.00,0.00,1.0000,0,0
50.0,5,Bano,0.00,20.00,20.00,20.00,0.0000,30.00,2.400,2.400,2.400,0.000,0.20899,0,0,2,0.0002,100.0,0,-1.0,400.00,0.0000,0.00,0.00,0.00,0.0000,0.00,0.00,0.00,1.0000,0,0
51.0,0,Salon,81.68,29.99,21.76,21.76,0.0233,30.00,2.394,1.551,2.400,0.247,0.20747,8,22,1199,0.0003,100.0,0,-1.0,5997.91,0.0000,122.61,81.68,0.00,0.0000,122.61,0.00,0.00,1.0000,0,0
51.0,1,Pasillo,0.00,20.00,20.00,20.00,0.0005,30.00,2.400,2.400,2.400,0.000,0.20889,0,0,51,0.0003,100.0,0,-1.0,800.00,0.0000,0.00,0.00,0.00,0.0000,0.00,0.00,0.00,1.0000,0,0
51.0,2,Dormitorio1,0.00,20.00,20.00,20.00,0.0000,30.00,2.400,2.400,2.400,0.000,0.20899,0,0,2,0.0002,100.0,0,-1.0,3500.00,0.0000,0.00,0.00,0.00,0.0000,0.00,0.00,0.00,1.0000,0,0
51.0,3,Dormitorio2,0.00,20.00,20.00,20.00,0.0000,30.00,2.400,2.400,2.400,0.000,0.20899,0,0,2,0.0002,100.0,0,-1.0,2500.00,0.0000,0.00,0.00,0.00,0.0000,0.00,0.00,0.00,1.0000,0,0
51.0,4,Cocina,0.00,20.00,20.00,20.00,0.0000,30.00,2.400,2.400,2.400,0.000,0.20900,0,0,1,0.0002,100.0,0,-1.0,3500.00,0.0000,0.00,0.00,0.00,0.0000,0.00,0.00,0.00,1.0000,0,0
51.0,5,Bano,0.00,20.00,20.00,20.00,0.0000,30.00,2.400,2.400,2.400,0.000,0.20899,0,0,2,0.0002,100.0,0,-1.0,400.00,0.0000,0.00,0.00,0.00,0.0000,0.00,0.00,0.00,1.0000,0,0
52.0,0,Salon,85.54,30.46,21.92,21.92,0.0247,30.00,2.393,1.538,2.400,0.264,0.20737,8,23,1275,0.0004,100.0,0,-1.0,5997.79,0.0000,127.49,85.54,0.00,0.0000,127.49,0.00,0.00,1.0000,0,0
52.0,1,Pasillo,0.00,20.00,20.00,20.00,0.0005,30.00,2.400,2.400,2.400,0.000,0.20889,0,0,56,0.0003,100.0,0,-1.0,800.00,0.0000,0.00,0.00,0.00,0.0000,0.00,0.00,0.00,1.0000,0,0
52.0,2,Dormitorio1,0.00,20.00,20.00,20.00,0.0000,30.00,2.400,2.400,2.400,0.000,0.20899,0,0,2,0.0003,100.0,0,-1.0,3500.00,0.0000,0.00,0.00,0.00,0.0000,0.00,0.00,0.00,1.0000,0,0
52.0,3,Dormitorio2,0.00,20.00,20.00,20.00,0.0000,30.00,2.400,2.400,2.400,0.000,0.20899,0,0,3,0.0003,100.0,0,-1.0,2500.00,0.0000,0.00,0.00,0.00,0.0000,0.00,0.00,0.00,1.0000,0,0
52.0,4,Cocina,0.00,20.00,20.00,20.00,0.0000,30.00,2.400,2.400,2.400,0.000,0.20900,0,0,1,0.0003,100.0,0,-1.0,3500.00,0.0000,0.00,0.00,0.00,0.0000,0.00,0.00,0.00,1.0000,0,0
52.0,5,Bano,0.00,20.00,20.00,20.00,0.0000,30.00,2.400,2.400,2.400,0.000,0.20899,0,0,2,0.0003,100.0,0,-1.0,400.00,0.0000,0.00,0.00,0.00,0.0000,0.00,0.00,0.00,1.0000,0,0
53.0,0,Salon,89.49,30.96,22.08,22.08,0.0261,30.00,2.393,1.525,2.400,0.282,0.20726,9,24,1355,0.0004,100.0,0,-1.0,5997.66,0.0000,132.46,89.49,0.00,0.0000,132.46,0.00,0.00,1.0000,0,0
53.0,1,Pasillo,0.00,20.00,20.00,20.00,0.0006,30.00,2.400,2.400,2.400,0.000,0.20888,0,0,61,0.0003,100.0,0,-1.0,800.00,0.0000,0.00,0.00,0.00,0.0000,0.00,0.00,0.00,1.0000,0,0
53.0,2,Dormitorio1,0.00,20.00,20.00,20.00,0.0000,30.00,2.400,2.400,2.400,0.000,0.20899,0,0,2,0.0003,100.0,0,-1.0,3500.00,0.0000,0.00,0.00,0.00,0.0000,0.00,0.00,0.00,1.0000,0,0
53.0,3,Dormitorio2,0.00,20.00,20.00,20.00,0.0000,30.00,2.400,2.400,2.400,0.000,0.20899,0,0,3,0.0003,100.0,0,-1.0,2500.00,0.0000,0.00,0.00,0.00,0.0000,0.00,0.00,0.00,1.0000,0,0
53.0,4,Cocina,0.00,20.00,20.00,20.00,0.0000,30.00,2.400,2.400,2.400,0.000,0.20900,0,0,1,0.0003,100.0,0,-1.0,3500.00,0.0000,0.00,0.00,0.00,0.0000,0.00,0.00,0.00,1.0000,0,0
53.0,5,Bano,0.00,20.00,20.00,20.00,0.0000,30.00,2.400,2.400,2.400,0.000,0.20899,0,0,3,0.0003,100.0,0,-1.0,400.00,0.0000,0.00,0.00,0.00,0.0000,0.00,0.00,0.00,1.0000,0,0
54.0,0,Salon,93.53,31.47,22.25,22.25,0.0276,30.00,2.392,1.513,2.400,0.300,0.20715,9,26,1439,0.0004,100.0,0,-1.0,5997.52,0.0000,137.52,93.53,0.00,0.0000,137.52,0.00,0.00,1.0000,0,0
54.0,1,Pasillo,0.00,20.00,20.00,20.00,0.0006,30.00,2.400,2.400,2.400,0.000,0.20887,0,0,67,0.0003,100.0,0,-1.0,800.00,0.0000,0.00,0.00,0.00,0.0000,0.00,0.00,0.00,1.0000,0,0
54.0,2,Dormitorio1,0.00,20.00,20.00,20.00,0.0000,30.00,2.400,2.400,2.400,0.000,0.20899,0,0,2,0.0003,100.0,0,-1.0,3500.00,0.0000,0.00,0.00,0.00,0.0000,0.00,0.00,0.00,1.0000,0,0
54.0,3,Dormitorio2,0.00,20.00,20.00,20.00,0.0000,30.00,2.400,2.400,2.400,0.000,0.20899,0,0,3,0.0003,100.0,0,-1.0,2500.00,0.0000,0.00,0.00,0.00,0.0000,0.00,0.00,0.00,1.0000,0,0
54.0,4,Cocina,0.00,20.00,20.00,20.00,0.0000,30.00,2.400,2.400,2.400,0.000,0.20899,0,0,2,0.0003,100.0,0,-1.0,3500.00,0.0000,0.00,0.00,0.00,0.0000,0.00,0.00,0.00,1.0000,0,0
54.0,5,Bano,0.00,20.00,20.00,20.00,0.0000,30.00,2.400,2.400,2.400,0.000,0.20899,0,0,3,0.0003,100.0,0,-1.0,400.00,0.0000,0.00,0.00,0.00,0.0000,0.00,0.00,0.00,1.0000,0,0
55.0,0,Salon,97.67,32.00,22.43,22.43,0.0291,30.00,2.392,1.502,2.400,0.320,0.20703,10,27,1526,0.0004,100.0,0,-1.0,5997.38,0.0000,142.69,97.67,0.00,0.0000,142.69,0.00,0.00,1.0000,0,0
55.0,1,Pasillo,0.00,20.00,20.00,20.00,0.0007,30.00,2.400,2.400,2.400,0.000,0.20886,0,0,73,0.0003,100.0,0,-1.0,800.00,0.0000,0.00,0.00,0.00,0.0000,0.00,0.00,0.00,1.0000,0,0
55.0,2,Dormitorio1,0.00,20.00,20.00,20.00,0.0000,30.00,2.400,2.400,2.400,0.000,0.20899,0,0,2,0.0003,100.0,0,-1.0,3500.00,0.0000,0.00,0.00,0.00,0.0000,0.00,0.00,0.00,1.0000,0,0
55.0,3,Dormitorio2,0.00,20.00,20.00,20.00,0.0000,30.00,2.400,2.400,2.400,0.000,0.20899,0,0,4,0.0003,100.0,0,-1.0,2500.00,0.0000,0.00,0.00,0.00,0.0000,0.00,0.00,0.00,1.0000,0,0
55.0,4,Cocina,0.00,20.00,20.00,20.00,0.0000,30.00,2.400,2.400,2.400,0.000,0.20899,0,0,2,0.0003,100.0,0,-1.0,3500.00,0.0000,0.00,0.00,0.00,0.0000,0.00,0.00,0.00,1.0000,0,0
55.0,5,Bano,0.00,20.00,20.00,20.00,0.0000,30.00,2.400,2.400,2.400,0.000,0.20899,0,0,3,0.0003,100.0,0,-1.0,400.00,0.0000,0.00,0.00,0.00,0.0000,0.00,0.00,0.00,1.0000,0,0
56.0,0,Salon,101.91,32.56,22.63,22.63,0.0307,30.00,2.391,1.491,2.400,0.340,0.20691,10,29,1617,0.0004,100.0,0,-1.0,5997.24,0.0000,147.95,101.91,0.00,0.0000,147.95,0.00,0.00,1.0000,0,0
56.0,1,Pasillo,0.00,20.01,20.01,20.01,0.0008,30.00,2.400,2.400,2.400,0.000,0.20884,0,0,79,0.0003,100.0,0,-1.0,800.00,0.0000,0.00,0.00,0.00,0.0000,0.00,0.00,0.00,1.0000,0,0
56.0,2,Dormitorio1,0.00,20.00,20.00,20.00,0.0000,30.00,2.400,2.400,2.400,0.000,0.20899,0,0,3,0.0003,100.0,0,-1.0,3500.00,0.0000,0.00,0.00,0.00,0.0000,0.00,0.00,0.00,1.0000,0,0
56.0,3,Dormitorio2,0.00,20.00,20.00,20.00,0.0000,30.00,2.400,2.400,2.400,0.000,0.20899,0,0,4,0.0003,100.0,0,-1.0,2500.00,0.0000,0.00,0.00,0.00,0.0000,0.00,0.00,0.00,1.0000,0,0
56.0,4,Cocina,0.00,20.00,20.00,20.00,0.0000,30.00,2.400,2.400,2.400,0.000,0.20899,0,0,2,0.0003,100.0,0,-1.0,3500.00,0.0000,0.00,0.00,0.00,0.0000,0.00,0.00,0.00,1.0000,0,0
56.0,5,Bano,0.00,20.00,20.00,20.00,0.0000,30.00,2.400,2.400,2.400,0.000,0.20899,0,0,3,0.0003,100.0,0,-1.0,400.00,0.0000,0.00,0.00,0.00,0.0000,0.00,0.00,0.00,1.0000,0,0
57.0,0,Salon,106.24,33.14,22.83,22.83,0.0323,30.00,2.391,1.481,2.400,0.360,0.20678,11,30,1712,0.0004,100.0,0,-1.0,5997.09,0.0000,153.30,106.24,0.00,0.0000,153.30,0.00,0.00,1.0000,0,0
57.0,1,Pasillo,0.00,20.01,20.01,20.01,0.0008,30.00,2.400,2.400,2.400,0.000,0.20883,1,0,86,0.0003,100.0,0,-1.0,800.00,0.0000,0.00,0.00,0.00,0.0000,0.00,0.00,0.00,1.0000,0,0
57.0,2,Dormitorio1,0.00,20.00,20.00,20.00,0.0000,30.00,2.400,2.400,2.400,0.000,0.20899,0,0,3,0.0003,100.0,0,-1.0,3500.00,0.0000,0.00,0.00,0.00,0.0000,0.00,0.00,0.00,1.0000,0,0
57.0,3,Dormitorio2,0.00,20.00,20.00,20.00,0.0000,30.00,2.400,2.400,2.400,0.000,0.20899,0,0,4,0.0003,100.0,0,-1.0,2500.00,0.0000,0.00,0.00,0.00,0.0000,0.00,0.00,0.00,1.0000,0,0
57.0,4,Cocina,0.00,20.00,20.00,20.00,0.0000,30.00,2.400,2.400,2.400,0.000,0.20899,0,0,2,0.0003,100.0,0,-1.0,3500.00,0.0000,0.00,0.00,0.00,0.0000,0.00,0.00,0.00,1.0000,0,0
57.0,5,Bano,0.00,20.00,20.00,20.00,0.0000,30.00,2.400,2.400,2.400,0.000,0.20899,0,0,4,0.0003,100.0,0,-1.0,400.00,0.0000,0.00,0.00,0.00,0.0000,0.00,0.00,0.00,1.0000,0,0
58.0,0,Salon,110.66,33.74,23.04,23.04,0.0340,30.00,2.390,1.472,2.400,0.382,0.20665,12,32,1811,0.0005,100.0,0,-1.0,5996.93,0.0000,158.76,110.66,0.00,0.0000,158.76,0.00,0.00,1.0000,0,0
58.0,1,Pasillo,0.00,20.01,20.01,20.01,0.0009,30.00,2.400,2.400,2.400,0.000,0.20882,1,0,93,0.0003,100.0,0,-1.0,800.00,0.0000,0.00,0.00,0.00,0.0000,0.00,0.00,0.00,1.0000,0,0
58.0,2,Dormitorio1,0.00,20.00,20.00,20.00,0.0000,30.00,2.400,2.400,2.400,0.000,0.20899,0,0,3,0.0003,100.0,0,-1.0,3500.00,0.0000,0.00,0.00,0.00,0.0000,0.00,0.00,0.00,1.0000,0,0
58.0,3,Dormitorio2,0.00,20.00,20.00,20.00,0.0000,30.00,2.400,2.400,2.400,0.000,0.20898,0,0,5,0.0003,100.0,0,-1.0,2500.00,0.0000,0.00,0.00,0.00,0.0000,0.00,0.00,0.00,1.0000,0,0
58.0,4,Cocina,0.00,20.00,20.00,20.00,0.0000,30.00,2.400,2.400,2.400,0.000,0.20899,0,0,2,0.0003,100.0,0,-1.0,3500.00,0.0000,0.00,0.00,0.00,0.0000,0.00,0.00,0.00,1.0000,0,0
58.0,5,Bano,0.00,20.00,20.00,20.00,0.0000,30.00,2.400,2.400,2.400,0.000,0.20899,0,0,4,0.0003,100.0,0,-1.0,400.00,0.0000,0.00,0.00,0.00,0.0000,0.00,0.00,0.00,1.0000,0,0
59.0,0,Salon,115.19,34.36,23.26,23.26,0.0358,30.00,2.389,1.463,2.400,0.404,0.20651,12,33,1913,0.0005,100.0,0,-1.0,5996.77,0.0000,164.31,115.19,0.00,0.0000,164.31,0.00,0.00,1.0000,0,0
59.0,1,Pasillo,0.00,20.01,20.01,20.01,0.0010,30.00,2.399,2.400,2.400,0.000,0.20880,1,0,101,0.0003,100.0,0,-1.0,800.00,0.0000,0.00,0.00,0.00,0.0000,0.00,0.00,0.00,1.0000,0,0
59.0,2,Dormitorio1,0.00,20.00,20.00,20.00,0.0000,30.00,2.400,2.400,2.400,0.000,0.20899,0,0,4,0.0003,100.0,0,-1.0,3500.00,0.0000,0.00,0.00,0.00,0.0000,0.00,0.00,0.00,1.0000,0,0
59.0,3,Dormitorio2,0.00,20.00,20.00,20.00,0.0000,30.00,2.400,2.400,2.400,0.000,0.20898,0,0,5,0.0003,100.0,0,-1.0,2500.00,0.0000,0.00,0.00,0.00,0.0000,0.00,0.00,0.00,1.0000,0,0
59.0,4,Cocina,0.00,20.00,20.00,20.00,0.0000,30.00,2.400,2.400,2.400,0.000,0.20899,0,0,2,0.0003,100.0,0,-1.0,3500.00,0.0000,0.00,0.00,0.00,0.0000,0.00,0.00,0.00,1.0000,0,0
59.0,5,Bano,0.00,20.00,20.00,20.00,0.0000,30.00,2.400,2.400,2.400,0.000,0.20898,0,0,5,0.0003,100.0,0,-1.0,400.00,0.0000,0.00,0.00,0.00,0.0000,0.00,0.00,0.00,1.0000,0,0
60.0,0,Salon,119.80,35.02,23.50,23.50,0.0376,30.00,2.389,1.455,2.400,0.427,0.20637,13,35,2019,0.0005,100.0,0,-1.0,5996.60,0.0000,169.96,119.80,0.00,0.0000,169.96,0.00,0.00,1.0000,0,0
60.0,1,Pasillo,0.00,20.01,20.01,20.01,0.0011,30.00,2.399,2.400,2.400,0.000,0.20879,1,0,110,0.0003,100.0,0,-1.0,800.00,0.0000,0.00,0.00,0.00,0.0000,0.00,0.00,0.00,1.0000,0,0
60.0,2,Dormitorio1,0.00,20.00,20.00,20.00,0.0000,30.00,2.400,2.400,2.400,0.000,0.20899,0,0,4,0.0003,100.0,0,-1.0,3500.00,0.0000,0.00,0.00,0.00,0.0000,0.00,0.00,0.00,1.0000,0,0
60.0,3,Dormitorio2,0.00,20.00,20.00,20.00,0.0000,30.00,2.400,2.400,2.400,0.000,0.20898,0,0,6,0.0003,100.0,0,-1.0,2500.00,0.0000,0.00,0.00,0.00,0.0000,0.00,0.00,0.00,1.0000,0,0
60.0,4,Cocina,0.00,20.00,20.00,20.00,0.0000,30.00,2.400,2.400,2.400,0.000,0.20899,0,0,3,0.0003,100.0,0,-1.0,3500.00,0.0000,0.00,0.00,0.00,0.0000,0.00,0.00,0.00,1.0000,0,0
60.0,5,Bano,0.00,20.00,20.00,20.00,0.0000,30.00,2.400,2.400,2.400,0.000,0.20898,0,0,5,0.0003,100.0,0,-1.0,400.00,0.0000,0.00,0.00,0.00,0.0000,0.00,0.00,0.00,1.0000,0,0
61.0,0,Salon,124.52,35.69,23.74,23.74,0.0394,30.00,2.388,1.448,2.400,0.451,0.20622,14,37,2129,0.0005,100.0,0,-1.0,5996.43,0.0000,175.71,124.52,0.00,0.0000,175.71,0.00,0.00,1.0000,0,0
61.0,1,Pasillo,0.00,20.01,20.01,20.01,0.0012,30.00,2.399,2.400,2.400,0.000,0.20877,1,0,120,0.0003,100.0,0,-1.0,800.00,0.0000,0.00,0.00,0.00,0.0000,0.00,0.00,0.00,1.0000,0,0
61.0,2,Dormitorio1,0.00,20.00,20.00,20.00,0.0000,30.00,2.400,2.400,2.400,0.000,0.20899,0,0,4,0.0003,100.0,0,-1.0,3500.00,0.0000,0.00,0.00,0.00,0.0000,0.00,0.00,0.00,1.0000,0,0
61.0,3,Dormitorio2,0.00,20.00,20.00,20.00,0.0000,30.00,2.400,2.400,2.400,0.000,0.20898,0,0,6,0.0003,100.0,0,-1.0,2500.00,0.0000,0.00,0.00,0.00,0.0000,0.00,0.00,0.00,1.0000,0,0
61.0,4,Cocina,0.00,20.00,20.00,20.00,0.0000,30.00,2.400,2.400,2.400,0.000,0.20899,0,0,3,0.0003,100.0,0,-1.0,3500.00,0.0000,0.00,0.00,0.00,0.0000,0.00,0.00,0.00,1.0000,0,0
61.0,5,Bano,0.00,20.00,20.00,20.00,0.0000,30.00,2.400,2.400,2.400,0.000,0.20898,0,0,5,0.0003,100.0,0,-1.0,400.00,0.0000,0.00,0.00,0.00,0.0000,0.00,0.00,0.00,1.0000,0,0
62.0,0,Salon,129.33,36.40,24.00,24.00,0.0413,30.00,2.387,1.441,2.400,0.475,0.20607,15,39,2243,0.0005,100.0,0,-1.0,5996.25,0.0000,181.55,129.33,0.00,0.0000,181.55,0.00,0.00,1.0000,0,0
62.0,1,Pasillo,0.00,20.01,20.01,20.01,0.0013,30.00,2.399,2.400,2.400,0.000,0.20875,1,0,131,0.0003,100.0,0,-1.0,800.00,0.0000,0.00,0.00,0.00,0.0000,0.00,0.00,0.00,1.0000,0,0
62.0,2,Dormitorio1,0.00,20.00,20.00,20.00,0.0000,30.00,2.400,2.400,2.400,0.000,0.20898,0,0,5,0.0003,100.0,0,-1.0,3500.00,0.0000,0.00,0.00,0.00,0.0000,0.00,0.00,0.00,1.0000,0,0
62.0,3,Dormitorio2,0.00,20.00,20.00,20.00,0.0000,30.00,2.400,2.400,2.400,0.000,0.20898,0,0,7,0.0003,100.0,0,-1.0,2500.00,0.0000,0.00,0.00,0.00,0.0000,0.00,0.00,0.00,1.0000,0,0
62.0,4,Cocina,0.00,20.00,20.00,20.00,0.0000,30.00,2.400,2.400,2.400,0.000,0.20899,0,0,3,0.0003,100.0,0,-1.0,3500.00,0.0000,0.00,0.00,0.00,0.0000,0.00,0.00,0.00,1.0000,0,0
62.0,5,Bano,0.00,20.00,20.00,20.00,0.0000,30.00,2.400,2.400,2.400,0.000,0.20898,0,0,6,0.0003,100.0,0,-1.0,400.00,0.0000,0.00,0.00,0.00,0.0000,0.00,0.00,0.00,1.0000,0,0
63.0,0,Salon,134.24,37.13,24.27,24.27,0.0432,30.00,2.387,1.435,2.400,0.501,0.20591,15,40,2361,0.0006,100.0,0,-1.0,5996.06,0.0000,187.50,134.24,0.00,0.0000,187.50,0.00,0.00,1.0000,0,0
63.0,1,Pasillo,0.00,20.01,20.01,20.01,0.0014,30.00,2.399,2.400,2.400,0.000,0.20873,1,0,143,0.0003,100.0,0,-1.0,800.00,0.0000,0.00,0.00,0.00,0.0000,0.00,0.00,0.00,1.0000,0,0
63.0,2,Dormitorio1,0.00,20.00,20.00,20.00,0.0000,30.00,2.400,2.400,2.400,0.000,0.20898,0,0,5,0.0003,100.0,0,-1.0,3500.00,0.0000,0.00,0.00,0.00,0.0000,0.00,0.00,0.00,1.0000,0,0
63.0,3,Dormitorio2,0.00,20.00,20.00,20.00,0.0000,30.00,2.400,2.400,2.400,0.000,0.20898,0,0,7,0.0003,100.0,0,-1.0,2500.00,0.0000,0.00,0.00,0.00,0.0000,0.00,0.00,0.00,1.0000,0,0
63.0,4,Cocina,0.00,20.00,20.00,20.00,0.0000,30.00,2.400,2.400,2.400,0.000,0.20899,0,0,4,0.0003,100.0,0,-1.0,3500.00,0.0000,0.00,0.00,0.00,0.0000,0.00,0.00,0.00,1.0000,0,0
63.0,5,Bano,0.00,20.00,20.00,20.00,0.0000,30.00,2.400,2.400,2.400,0.000,0.20898,0,0,7,0.0003,100.0,0,-1.0,400.00,0.0000,0.00,0.00,0.00,0.0000,0.00,0.00,0.00,1.0000,0,0
64.0,0,Salon,139.24,37.89,24.55,24.55,0.0452,30.00,2.386,1.430,2.400,0.527,0.20575,16,42,2483,0.0006,100.0,0,-1.0,5995.87,0.0000,193.54,139.24,0.00,0.0000,193.54,0.00,0.00,1.0000,0,0
64.0,1,Pasillo,0.00,20.01,20.01,20.01,0.0016,30.00,2.399,2.400,2.400,0.000,0.20871,1,0,157,0.0003,100.0,0,-1.0,800.00,0.0000,0.00,0.00,0.00,0.0000,0.00,0.00,0.00,1.0000,0,0
64.0,2,Dormitorio1,0.00,20.00,20.00,20.00,0.0000,30.00,2.400,2.400,2.400,0.000,0.20898,0,0,6,0.0003,100.0,0,-1.0,3500.00,0.0000,0.00,0.00,0.00,0.0000,0.00,0.00,0.00,1.0000,0,0
64.0,3,Dormitorio2,0.00,20.00,20.00,20.00,0.0000,30.00,2.400,2.400,2.400,0.000,0.20897,0,0,8,0.0003,100.0,0,-1.0,2500.00,0.0000,0.00,0.00,0.00,0.0000,0.00,0.00,0.00,1.0000,0,0
64.0,4,Cocina,0.00,20.00,20.00,20.00,0.0000,30.00,2.400,2.400,2.400,0.000,0.20899,0,0,4,0.0003,100.0,0,-1.0,3500.00,0.0000,0.00,0.00,0.00,0.0000,0.00,0.00,0.00,1.0000,0,0
64.0,5,Bano,0.00,20.00,20.00,20.00,0.0000,30.00,2.400,2.400,2.400,0.000,0.20898,0,0,7,0.0003,100.0,0,-1.0,400.00,0.0000,0.00,0.00,0.00,0.0000,0.00,0.00,0.00,1.0000,0,0
65.0,0,Salon,144.34,38.68,24.84,24.84,0.0472,30.00,2.385,1.426,2.400,0.554,0.20559,17,44,2609,0.0006,100.0,0,-1.0,5995.68,0.0000,199.68,144.34,0.00,0.0000,199.68,0.00,0.00,1.0000,0,0
65.0,1,Pasillo,0.00,20.01,20.01,20.01,0.0017,30.00,2.399,2.400,2.400,0.000,0.20868,1,0,172,0.0003,100.0,0,-1.0,800.00,0.0000,0.00,0.00,0.00,0.0000,0.00,0.00,0.00,1.0000,0,0
65.0,2,Dormitorio1,0.00,20.00,20.00,20.00,0.0000,30.00,2.400,2.400,2.400,0.000,0.20898,0,0,6,0.0003,100.0,0,-1.0,3500.00,0.0000,0.00,0.00,0.00,0.0000,0.00,0.00,0.00,1.0000,0,0
65.0,3,Dormitorio2,0.00,20.00,20.00,20.00,0.0000,30.00,2.400,2.400,2.400,0.000,0.20897,0,0,9,0.0003,100.0,0,-1.0,2500.00,0.0000,0.00,0.00,0.00,0.0000,0.00,0.00,0.00,1.0000,0,0
65.0,4,Cocina,0.00,20.00,20.00,20.00,0.0000,30.00,2.400,2.400,2.400,0.000,0.20899,0,0,4,0.0003,100.0,0,-1.0,3500.00,0.0000,0.00,0.00,0.00,0.0000,0.00,0.00,0.00,1.0000,0,0
65.0,5,Bano,0.00,20.00,20.00,20.00,0.0000,30.00,2.400,2.400,2.400,0.000,0.20897,0,0,8,0.0003,100.0,0,-1.0,400.00,0.0000,0.00,0.00,0.00,0.0000,0.00,0.00,0.00,1.0000,0,0
66.0,0,Salon,149.54,39.50,25.14,25.14,0.0491,30.00,2.384,1.422,2.400,0.581,0.20542,18,46,2739,0.0006,100.0,0,-1.0,5995.47,0.0000,205.93,149.54,0.00,0.0000,205.93,0.00,0.00,1.0000,0,0
66.0,1,Pasillo,0.00,20.01,20.01,20.01,0.0019,30.00,2.399,2.400,2.400,0.000,0.20866,1,0,188,0.0003,100.0,0,-1.0,800.00,0.0000,0.00,0.00,0.00,0.0000,0.00,0.00,0.00,1.0000,0,0
66.0,2,Dormitorio1,0.00,20.00,20.00,20.00,0.0000,30.00,2.400,2.400,2.400,0.000,0.20898,0,0,7,0.0003,100.0,0,-1.0,3500.00,0.0000,0.00,0.00,0.00,0.0000,0.00,0.00,0.00,1.0000,0,0
66.0,3,Dormitorio2,0.00,20.00,20.00,20.00,0.0000,30.00,2.400,2.400,2.400,0.000,0.20897,0,0,10,0.0003,100.0,0,-1.0,2500.00,0.0000,0.00,0.00,0.00,0.0000,0.00,0.00,0.00,1.0000,0,0
66.0,4,Cocina,0.00,20.00,20.00,20.00,0.0000,30.00,2.400,2.400,2.400,0.000,0.20898,0,0,5,0.0003,100.0,0,-1.0,3500.00,0.0000,0.00,0.00,0.00,0.0000,0.00,0.00,0.00,1.0000,0,0
66.0,5,Bano,0.00,20.00,20.00,20.00,0.0000,30.00,2.400,2.400,2.400,0.000,0.20897,0,0,9,0.0003,100.0,0,-1.0,400.00,0.0000,0.00,0.00,0.00,0.0000,0.00,0.00,0.00,1.0000,0,0
67.0,0,Salon,154.83,40.36,25.45,25.45,0.0511,30.00,2.384,1.419,2.400,0.609,0.20524,19,48,2873,0.0006,100.0,0,-1.0,5995.26,0.0000,212.27,154.83,0.00,0.0000,212.27,0.00,0.00,1.0000,0,0
67.0,1,Pasillo,0.00,20.01,20.01,20.01,0.0020,30.00,2.399,2.400,2.400,0.000,0.20863,1,0,206,0.0003,100.0,0,-1.0,800.00,0.0000,0.00,0.00,0.00,0.0000,0.00,0.00,0.00,1.0000,0,0
67.0,2,Dormitorio1,0.00,20.00,20.00,20.00,0.0000,30.00,2.400,2.400,2.400,0.000,0.20898,0,0,7,0.0003,100.0,0,-1.0,3500.00,0.0000,0.00,0.00,0.00,0.0000,0.00,0.00,0.00,1.0000,0,0
67.0,3,Dormitorio2,0.00,20.00,20.00,20.00,0.0000,30.00,2.400,2.400,2.400,0.000,0.20897,0,0,11,0.0003,100.0,0,-1.0,2500.00,0.0000,0.00,0.00,0.00,0.0000,0.00,0.00,0.00,1.0000,0,0
67.0,4,Cocina,0.00,20.00,20.00,20.00,0.0000,30.00,2.400,2.400,2.400,0.000,0.20898,0,0,5,0.0003,100.0,0,-1.0,3500.00,0.0000,0.00,0.00,0.00,0.0000,0.00,0.00,0.00,1.0000,0,0
67.0,5,Bano,0.00,20.00,20.00,20.00,0.0000,30.00,2.400,2.400,2.400,0.000,0.20897,0,0,9,0.0003,100.0,0,-1.0,400.00,0.0000,0.00,0.00,0.00,0.0000,0.00,0.00,0.00,1.0000,0,0
68.0,0,Salon,160.22,41.25,25.78,25.78,0.0531,30.00,2.383,1.416,2.400,0.638,0.20506,19,51,3011,0.0007,100.0,0,-1.0,5995.05,0.0000,218.71,160.22,0.00,0.0000,218.71,0.00,0.00,1.0000,0,0
68.0,1,Pasillo,0.00,20.01,20.01,20.01,0.0022,30.00,2.399,2.400,2.400,0.000,0.20859,1,0,225,0.0003,100.0,0,-1.0,800.00,0.0000,0.00,0.00,0.00,0.0000,0.00,0.00,0.00,1.0000,0,0
68.0,2,Dormitorio1,0.00,20.00,20.00,20.00,0.0000,30.00,2.400,2.400,2.400,0.000,0.20897,0,0,8,0.0003,100.0,0,-1.0,3500.00,0.0000,0.00,0.00,0.00,0.0000,0.00,0.00,0.00,1.0000,0,0
68.0,3,Dormitorio2,0.00,20.00,20.00,20.00,0.0000,30.00,2.400,2.400,2.400,0.000,0.20896,0,0,12,0.0003,100.0,0,-1.0,2500.00,0.0000,0.00,0.00,0.00,0.0000,0.00,0.00,0.00,1.0000,0,0
68.0,4,Cocina,0.00,20.00,20.00,20.00,0.0000,30.00,2.400,2.400,2.400,0.000,0.20898,0,0,6,0.0003,100.0,0,-1.0,3500.00,0.0000,0.00,0.00,0.00,0.0000,0.00,0.00,0.00,1.0000,0,0
68.0,5,Bano,0.00,20.00,20.00,20.00,0.0000,30.00,2.400,2.400,2.400,0.000,0.20897,0,0,10,0.0003,100.0,0,-1.0,400.00,0.0000,0.00,0.00,0.00,0.0000,0.00,0.00,0.00,1.0000,0,0
69.0,0,Salon,165.71,42.17,26.11,26.11,0.0552,30.00,2.382,1.414,2.400,0.668,0.20487,20,53,3153,0.0007,100.0,0,-1.0,5994.83,0.0000,225.25,165.71,0.00,0.0000,225.25,0.00,0.00,1.0000,0,0
69.0,1,Pasillo,0.00,20.02,20.02,20.02,0.0024,30.00,2.399,2.400,2.400,0.000,0.20855,2,0,246,0.0004,100.0,0,-1.0,800.00,0.0000,0.00,0.00,0.00,0.0000,0.00,0.00,0.00,1.0000,0,0
69.0,2,Dormitorio1,0.00,20.00,20.00,20.00,0.0000,30.00,2.400,2.400,2.400,0.000,0.20897,0,0,9,0.0003,100.0,0,-1.0,3500.00,0.0000,0.00,0.00,0.00,0.0000,0.00,0.00,0.00,1.0000,0,0
69.0,3,Dormitorio2,0.00,20.00,20.00,20.00,0.0000,30.00,2.400,2.400,2.400,0.000,0.20896,0,0,13,0.0003,100.0,0,-1.0,2500.00,0.0000,0.00,0.00,0.00,0.0000,0.00,0.00,0.00,1.0000,0,0
69.0,4,Cocina,0.00,20.00,20.00,20.00,0.0000,30.00,2.400,2.400,2.400,0.000,0.20898,0,0,6,0.0003,100.0,0,-1.0,3500.00,0.0000,0.00,0.00,0.00,0.0000,0.00,0.00,0.00,1.0000,0,0
69.0,5,Bano,0.00,20.00,20.00,20.00,0.0000,30.00,2.400,2.400,2.400,0.000,0.20896,0,0,11,0.0003,100.0,0,-1.0,400.00,0.0000,0.00,0.00,0.00,0.0000,0.00,0.00,0.00,1.0000,0,0
70.0,0,Salon,171.30,43.13,26.46,26.46,0.0574,30.00,2.381,1.413,2.400,0.699,0.20468,21,55,3299,0.0007,100.0,0,-1.0,5994.60,0.0000,231.89,171.30,0.00,0.0000,231.89,0.00,0.00,1.0000,0,0
70.0,1,Pasillo,0.00,20.02,20.02,20.02,0.0026,30.00,2.399,2.400,2.400,0.000,0.20851,2,0,269,0.0004,100.0,0,-1.0,800.00,0.0000,0.00,0.00,0.00,0.0000,0.00,0.00,0.00,1.0000,0,0
70.0,2,Dormitorio1,0.00,20.00,20.00,20.00,0.0000,30.00,2.400,2.400,2.400,0.000,0.20897,0,0,9,0.0003,100.0,0,-1.0,3500.00,0.0000,0.00,0.00,0.00,0.0000,0.00,0.00,0.00,1.0000,0,0
70.0,3,Dormitorio2,0.00,20.00,20.00,20.00,0.0000,30.00,2.400,2.400,2.400,0.000,0.20895,0,0,14,0.0003,100.0,0,-1.0,2500.00,0.0000,0.00,0.00,0.00,0.0000,0.00,0.00,0.00,1.0000,0,0
70.0,4,Cocina,0.00,20.00,20.00,20.00,0.0000,30.00,2.400,2.400,2.400,0.000,0.20898,0,0,7,0.0003,100.0,0,-1.0,3500.00,0.0000,0.00,0.00,0.00,0.0000,0.00,0.00,0.00,1.0000,0,0
70.0,5,Bano,0.00,20.00,20.00,20.00,0.0000,30.00,2.400,2.400,2.400,0.000,0.20896,0,0,12,0.0003,100.0,0,-1.0,400.00,0.0000,0.00,0.00,0.00,0.0000,0.00,0.00,0.00,1.0000,0,0
71.0,0,Salon,176.98,44.13,26.83,26.83,0.0597,30.00,2.380,1.412,2.400,0.730,0.20449,22,58,3450,0.0008,100.0,0,-1.0,5994.36,0.0000,238.64,176.98,0.00,0.0000,238.64,0.00,0.00,1.0000,0,0
71.0,1,Pasillo,0.00,20.02,20.02,20.02,0.0029,30.00,2.399,2.400,2.400,0.000,0.20847,2,0,294,0.0004,100.0,0,-1.0,800.00,0.0000,0.00,0.00,0.00,0.0000,0.00,0.00,0.00,1.0000,0,0
71.0,2,Dormitorio1,0.00,20.00,20.00,20.00,0.0000,30.00,2.400,2.400,2.400,0.000,0.20897,0,0,10,0.0003,100.0,0,-1.0,3500.00,0.0000,0.00,0.00,0.00,0.0000,0.00,0.00,0.00,1.0000,0,0
71.0,3,Dormitorio2,0.00,20.00,20.00,20.00,0.0000,30.00,2.400,2.400,2.400,0.000,0.20895,0,0,15,0.0003,100.0,0,-1.0,2500.00,0.0000,0.00,0.00,0.00,0.0000,0.00,0.00,0.00,1.0000,0,0
71.0,4,Cocina,0.00,20.00,20.00,20.00,0.0000,30.00,2.400,2.400,2.400,0.000,0.20898,0,0,7,0.0003,100.0,0,-1.0,3500.00,0.0000,0.00,0.00,0.00,0.0000,0.00,0.00,0.00,1.0000,0,0
71.0,5,Bano,0.00,20.00,20.00,20.00,0.0000,30.00,2.400,2.400,2.400,0.000,0.20896,0,0,13,0.0003,100.0,0,-1.0,400.00,0.0000,0.00,0.00,0.00,0.0000,0.00,0.00,0.00,1.0000,0,0
72.0,0,Salon,182.77,45.17,27.20,27.20,0.0619,30.00,2.379,1.411,2.400,0.762,0.20429,23,61,3604,0.0008,100.0,0,-1.0,5994.12,0.0000,245.48,182.77,0.00,0.0000,245.48,0.00,0.00,1.0000,0,0
72.0,1,Pasillo,0.00,20.02,20.02,20.02,0.0031,30.00,2.398,2.400,2.400,0.000,0.20842,2,0,320,0.0004,100.0,0,-1.0,800.00,0.0000,0.00,0.00,0.00,0.0000,0.00,0.00,0.00,1.0000,0,0
72.0,2,Dormitorio1,0.00,20.00,20.00,20.00,0.0000,30.00,2.400,2.400,2.400,0.000,0.20896,0,0,11,0.0004,100.0,0,-1.0,3500.00,0.0000,0.00,0.00,0.00,0.0000,0.00,0.00,0.00,1.0000,0,0
72.0,3,Dormitorio2,0.00,20.00,20.00,20.00,0.0000,30.00,2.400,2.400,2.400,0.000,0.20895,0,0,17,0.0004,100.0,0,-1.0,2500.00,0.0000,0.00,0.00,0.00,0.0000,0.00,0.00,0.00,1.0000,0,0
72.0,4,Cocina,0.00,20.00,20.00,20.00,0.0000,30.00,2.400,2.400,2.400,0.000,0.20897,0,0,8,0.0004,100.0,0,-1.0,3500.00,0.0000,0.00,0.00,0.00,0.0000,0.00,0.00,0.00,1.0000,0,0
72.0,5,Bano,0.00,20.00,20.00,20.00,0.0000,30.00,2.400,2.400,2.400,0.000,0.20895,0,0,15,0.0004,100.0,0,-1.0,400.00,0.0000,0.00,0.00,0.00,0.0000,0.00,0.00,0.00,1.0000,0,0
73.0,0,Salon,188.65,46.24,27.59,27.59,0.0643,30.00,2.378,1.411,2.400,0.794,0.20409,24,63,3763,0.0008,100.0,0,-1.0,5993.87,0.0000,252.43,188.65,0.00,0.0000,252.43,0.00,0.00,1.0000,0,0
73.0,1,Pasillo,0.00,20.02,20.02,20.02,0.0034,30.00,2.398,2.400,2.400,0.000,0.20836,2,0,349,0.0004,100.0,0,-1.0,800.00,0.0000,0.00,0.00,0.00,0.0000,0.00,0.00,0.00,1.0000,0,0
73.0,2,Dormitorio1,0.00,20.00,20.00,20.00,0.0000,30.00,2.400,2.400,2.400,0.000,0.20896,0,0,12,0.0004,100.0,0,-1.0,3500.00,0.0000,0.00,0.00,0.00,0.0000,0.00,0.00,0.00,1.0000,0,0
73.0,3,Dormitorio2,0.00,20.00,20.00,20.00,0.0000,30.00,2.400,2.400,2.400,0.000,0.20894,0,0,18,0.0004,100.0,0,-1.0,2500.00,0.0000,0.00,0.00,0.00,0.0000,0.00,0.00,0.00,1.0000,0,0
73.0,4,Cocina,0.00,20.00,20.00,20.00,0.0000,30.00,2.400,2.400,2.400,0.000,0.20897,0,0,9,0.0004,100.0,0,-1.0,3500.00,0.0000,0.00,0.00,0.00,0.0000,0.00,0.00,0.00,1.0000,0,0
73.0,5,Bano,0.00,20.00,20.00,20.00,0.0000,30.00,2.400,2.400,2.400,0.000,0.20895,0,0,16,0.0004,100.0,0,-1.0,400.00,0.0000,0.00,0.00,0.00,0.0000,0.00,0.00,0.00,1.0000,0,0
74.0,0,Salon,194.63,47.37,27.98,27.98,0.0667,30.00,2.377,1.412,2.400,0.828,0.20388,25,66,3926,0.0009,100.0,0,-1.0,5993.61,0.0000,259.48,194.63,0.00,0.0000,259.48,0.00,0.00,1.0000,0,0
74.0,1,Pasillo,0.00,20.02,20.02,20.02,0.0037,30.00,2.398,2.400,2.400,0.000,0.20830,2,0,381,0.0004,100.0,0,-1.0,800.00,0.0000,0.00,0.00,0.00,0.0000,0.00,0.00,0.00,1.0000,0,0
74.0,2,Dormitorio1,0.00,20.00,20.00,20.00,0.0000,30.00,2.400,2.400,2.400,0.000,0.20896,0,0,14,0.0004,100.0,0,-1.0,3500.00,0.0000,0.00,0.00,0.00,0.0000,0.00,0.00,0.00,1.0000,0,0
74.0,3,Dormitorio2,0.00,20.00,20.00,20.00,0.0000,30.00,2.400,2.400,2.400,0.000,0.20894,0,0,20,0.0004,100.0,0,-1.0,2500.00,0.0000,0.00,0.00,0.00,0.0000,0.00,0.00,0.00,1.0000,0,0
74.0,4,Cocina,0.00,20.00,20.00,20.00,0.0000,30.00,2.400,2.400,2.400,0.000,0.20897,0,0,10,0.0004,100.0,0,-1.0,3500.00,0.0000,0.00,0.00,0.00,0.0000,0.00,0.00,0.00,1.0000,0,0
74.0,5,Bano,0.00,20.00,20.00,20.00,0.0000,30.00,2.400,2.400,2.400,0.000,0.20894,0,0,18,0.0004,100.0,0,-1.0,400.00,0.0000,0.00,0.00,0.00,0.0000,0.00,0.00,0.00,1.0000,0,0
75.0,0,Salon,200.71,48.53,28.40,28.40,0.0691,30.00,2.375,1.412,2.400,0.862,0.20366,26,70,4094,0.0009,100.0,0,-1.0,5993.35,0.0000,266.63,200.71,0.00,0.0000,266.63,0.00,0.00,1.0000,0,0
75.0,1,Pasillo,0.00,20.03,20.03,20.03,0.0040,30.00,2.398,2.400,2.400,0.000,0.20824,3,0,414,0.0004,100.0,0,-1.0,800.00,0.0000,0.00,0.00,0.00,0.0000,0.00,0.00,0.00,1.0000,0,0
75.0,2,Dormitorio1,0.00,20.00,20.00,20.00,0.0000,30.00,2.400,2.400,2.400,0.000,0.20895,0,0,15,0.0004,100.0,0,-1.0,3500.00,0.0000,0.00,0.00,0.00,0.0000,0.00,0.00,0.00,1.0000,0,0
75.0,3,Dormitorio2,0.00,20.00,20.00,20.00,0.0000,30.00,2.400,2.400,2.400,0.000,0.20893,0,0,22,0.0004,100.0,0,-1.0,2500.00,0.0000,0.00,0.00,0.00,0.0000,0.00,0.00,0.00,1.0000,0,0
75.0,4,Cocina,0.00,20.00,20.00,20.00,0.0000,30.00,2.400,2.400,2.400,0.000,0.20897,0,0,11,0.0004,100.0,0,-1.0,3500.00,0.0000,0.00,0.00,0.00,0.0000,0.00,0.00,0.00,1.0000,0,0
75.0,5,Bano,0.00,20.00,20.00,20.00,0.0000,30.00,2.400,2.400,2.400,0.000,0.20894,0,0,19,0.0004,100.0,0,-1.0,400.00,0.0000,0.00,0.00,0.00,0.0000,0.00,0.00,0.00,1.0000,0,0
76.0,0,Salon,206.89,49.75,28.82,28.82,0.0716,30.00,2.374,1.412,2.400,0.897,0.20345,27,73,4265,0.0009,100.0,0,-1.0,5993.08,0.0000,273.89,206.89,0.00,0.0000,273.89,0.00,0.00,1.0000,0,0
76.0,1,Pasillo,0.00,20.03,20.03,20.03,0.0043,30.00,2.398,2.400,2.400,0.000,0.20817,3,0,451,0.0004,100.0,0,-1.0,800.00,0.0000,0.00,0.00,0.00,0.0000,0.00,0.00,0.00,1.0000,0,0
76.0,2,Dormitorio1,0.00,20.00,20.00,20.00,0.0000,30.00,2.400,2.400,2.400,0.000,0.20895,0,0,16,0.0004,100.0,0,-1.0,3500.00,0.0000,0.00,0.00,0.00,0.0000,0.00,0.00,0.00,1.0000,0,0
76.0,3,Dormitorio2,0.00,20.00,20.00,20.00,0.0000,30.00,2.400,2.400,2.400,0.000,0.20892,0,0,24,0.0004,100.0,0,-1.0,2500.00,0.0000,0.00,0.00,0.00,0.0000,0.00,0.00,0.00,1.0000,0,0
76.0,4,Cocina,0.00,20.00,20.00,20.00,0.0000,30.00,2.400,2.400,2.400,0.000,0.20896,0,0,11,0.0004,100.0,0,-1.0,3500.00,0.0000,0.00,0.00,0.00,0.0000,0.00,0.00,0.00,1.0000,0,0
76.0,5,Bano,0.00,20.00,20.00,20.00,0.0000,30.00,2.400,2.400,2.400,0.000,0.20893,0,0,21,0.0004,100.0,0,-1.0,400.00,0.0000,0.00,0.00,0.00,0.0000,0.00,0.00,0.00,1.0000,0,0
77.1,0,Salon,213.70,51.12,29.30,29.30,0.0744,30.00,2.373,1.413,2.400,0.936,0.20320,28,76,4456,0.0010,100.0,0,-1.0,5992.78,0.0000,281.86,213.70,0.00,0.0000,281.86,0.00,0.00,1.0000,0,0
77.1,1,Pasillo,0.00,20.03,20.03,20.03,0.0047,30.00,2.398,2.400,2.400,0.000,0.20810,3,0,493,0.0004,100.0,0,-1.0,800.00,0.0000,0.00,0.00,0.00,0.0000,0.00,0.00,0.00,1.0000,0,0
77.1,2,Dormitorio1,0.00,20.00,20.00,20.00,0.0000,30.00,2.400,2.400,2.400,0.000,0.20894,0,0,18,0.0004,100.0,0,-1.0,3500.00,0.0000,0.00,0.00,0.00,0.0000,0.00,0.00,0.00,1.0000,0,0
77.1,3,Dormitorio2,0.00,20.00,20.00,20.00,0.0000,30.00,2.400,2.400,2.400,0.000,0.20892,0,0,26,0.0004,100.0,0,-1.0,2500.00,0.0000,0.00,0.00,0.00,0.0000,0.00,0.00,0.00,1.0000,0,0
77.1,4,Cocina,0.00,20.00,20.00,20.00,0.0000,30.00,2.400,2.400,2.400,0.000,0.20896,0,0,13,0.0004,100.0,0,-1.0,3500.00,0.0000,0.00,0.00,0.00,0.0000,0.00,0.00,0.00,1.0000,0,0
77.1,5,Bano,0.00,20.00,20.00,20.00,0.0000,30.00,2.400,2.400,2.400,0.000,0.20893,0,0,23,0.0004,100.0,0,-1.0,400.00,0.0000,0.00,0.00,0.00,0.0000,0.00,0.00,0.00,1.0000,0,0
78.1,0,Salon,220.09,52.43,29.75,29.75,0.0770,30.00,2.371,1.413,2.400,0.973,0.20298,29,80,4636,0.0010,100.0,0,-1.0,5992.49,0.0000,289.34,220.09,0.00,0.0000,289.34,0.00,0.00,1.0000,0,0
78.1,1,Pasillo,0.00,20.03,20.03,20.03,0.0050,30.00,2.397,2.400,2.400,0.000,0.20802,3,0,535,0.0004,100.0,0,-1.0,800.00,0.0000,0.00,0.00,0.00,0.0000,0.00,0.00,0.00,1.0000,0,0
78.1,2,Dormitorio1,0.00,20.00,20.00,20.00,0.0001,30.00,2.400,2.400,2.400,0.000,0.20894,0,0,19,0.0004,100.0,0,-1.0,3500.00,0.0000,0.00,0.00,0.00,0.0000,0.00,0.00,0.00,1.0000,0,0
78.1,3,Dormitorio2,0.00,20.00,20.00,20.00,0.0001,30.00,2.400,2.400,2.400,0.000,0.20891,0,0,29,0.0004,100.0,0,-1.0,2500.00,0.0000,0.00,0.00,0.00,0.0000,0.00,0.00,0.00,1.0000,0,0
78.1,4,Cocina,0.00,20.00,20.00,20.00,0.0001,30.00,2.400,2.400,2.400,0.000,0.20896,0,0,14,0.0004,100.0,0,-1.0,3500.00,0.0000,0.00,0.00,0.00,0.0000,0.00,0.00,0.00,1.0000,0,0
78.1,5,Bano,0.00,20.00,20.00,20.00,0.0000,30.00,2.400,2.400,2.400,0.000,0.20892,0,0,25,0.0004,100.0,0,-1.0,400.00,0.0000,0.00,0.00,0.00,0.0000,0.00,0.00,0.00,1.0000,0,0
79.1,0,Salon,226.59,53.81,30.21,30.21,0.0796,30.00,2.370,1.414,2.400,1.011,0.20274,30,84,4821,0.0010,100.0,0,-1.0,5992.20,0.0000,296.92,226.59,0.00,0.0000,296.92,0.00,0.00,1.0000,0,0
79.1,1,Pasillo,0.00,20.04,20.04,20.04,0.0054,30.00,2.397,2.400,2.400,0.000,0.20793,4,0,580,0.0004,100.0,0,-1.0,800.00,0.0000,0.00,0.00,0.00,0.0000,0.00,0.00,0.00,1.0000,0,0
79.1,2,Dormitorio1,0.00,20.00,20.00,20.00,0.0001,30.00,2.400,2.400,2.400,0.000,0.20893,0,0,21,0.0004,100.0,0,-1.0,3500.00,0.0000,0.00,0.00,0.00,0.0000,0.00,0.00,0.00,1.0000,0,0
79.1,3,Dormitorio2,0.00,20.00,20.00,20.00,0.0001,30.00,2.400,2.400,2.400,0.000,0.20890,0,0,31,0.0004,100.0,0,-1.0,2500.00,0.0000,0.00,0.00,0.00,0.0000,0.00,0.00,0.00,1.0000,0,0
79.1,4,Cocina,0.00,20.00,20.00,20.00,0.0001,30.00,2.400,2.400,2.400,0.000,0.20895,0,0,15,0.0004,100.0,0,-1.0,3500.00,0.0000,0.00,0.00,0.00,0.0000,0.00,0.00,0.00,1.0000,0,0
79.1,5,Bano,0.00,20.00,20.00,20.00,0.0000,30.00,2.400,2.400,2.400,0.000,0.20891,0,0,28,0.0004,100.0,0,-1.0,400.00,0.0000,0.00,0.00,0.00,0.0000,0.00,0.00,0.00,1.0000,0,0
80.1,0,Salon,233.18,55.23,30.69,30.69,0.0823,30.00,2.368,1.415,2.400,1.050,0.20251,32,88,5010,0.0011,100.0,0,-1.0,5991.90,0.0000,304.60,233.18,0.00,0.0000,304.60,0.00,0.00,1.0000,0,0
80.1,1,Pasillo,0.00,20.04,20.04,20.04,0.0059,30.00,2.397,2.400,2.400,0.000,0.20784,4,0,629,0.0004,100.0,0,-1.0,800.00,0.0000,0.00,0.00,0.00,0.0000,0.00,0.00,0.00,1.0000,0,0
80.1,2,Dormitorio1,0.00,20.00,20.00,20.00,0.0001,30.00,2.400,2.400,2.400,0.000,0.20893,0,0,23,0.0004,100.0,0,-1.0,3500.00,0.0000,0.00,0.00,0.00,0.0000,0.00,0.00,0.00,1.0000,0,0
80.1,3,Dormitorio2,0.00,20.00,20.00,20.00,0.0001,30.00,2.400,2.400,2.400,0.000,0.20889,0,0,34,0.0004,100.0,0,-1.0,2500.00,0.0000,0.00,0.00,0.00,0.0000,0.00,0.00,0.00,1.0000,0,0
80.1,4,Cocina,0.00,20.00,20.00,20.00,0.0001,30.00,2.400,2.400,2.400,0.000,0.20895,0,0,16,0.0004,100.0,0,-1.0,3500.00,0.0000,0.00,0.00,0.00,0.0000,0.00,0.00,0.00,1.0000,0,0
80.1,5,Bano,0.00,20.00,20.00,20.00,0.0001,30.00,2.400,2.400,2.400,0.000,0.20890,0,0,30,0.0004,100.0,0,-1.0,400.00,0.0000,0.00,0.00,0.00,0.0000,0.00,0.00,0.00,1.0000,0,0
81.1,0,Salon,239.87,56.72,31.19,31.19,0.0851,30.00,2.367,1.417,2.400,1.090,0.20227,33,92,5203,0.0011,100.0,0,-1.0,5991.59,0.0000,312.39,239.87,0.00,0.0000,312.39,0.00,0.00,1.0000,0,0
81.1,1,Pasillo,0.00,20.04,20.04,20.04,0.0063,30.00,2.397,2.400,2.400,0.000,0.20775,4,0,680,0.0004,100.0,0,-1.0,800.00,0.0000,0.00,0.00,0.00,0.0000,0.00,0.00,0.00,1.0000,0,0
81.1,2,Dormitorio1,0.00,20.00,20.00,20.00,0.0001,30.00,2.400,2.400,2.400,0.000,0.20892,0,0,25,0.0004,100.0,0,-1.0,3500.00,0.0000,0.00,0.00,0.00,0.0000,0.00,0.00,0.00,1.0000,0,0
81.1,3,Dormitorio2,0.00,20.00,20.00,20.00,0.0001,30.00,2.400,2.400,2.400,0.000,0.20888,0,0,37,0.0004,100.0,0,-1.0,2500.00,0.0000,0.00,0.00,0.00,0.0000,0.00,0.00,0.00,1.0000,0,0
81.1,4,Cocina,0.00,20.00,20.00,20.00,0.0001,30.00,2.400,2.400,2.400,0.000,0.20894,0,0,18,0.0004,100.0,0,-1.0,3500.00,0.0000,0.00,0.00,0.00,0.0000,0.00,0.00,0.00,1.0000,0,0
81.1,5,Bano,0.00,20.00,20.00,20.00,0.0001,30.00,2.400,2.400,2.400,0.000,0.20890,0,0,33,0.0004,100.0,0,-1.0,400.00,0.0000,0.00,0.00,0.00,0.0000,0.00,0.00,0.00,1.0000,0,0
82.1,0,Salon,246.67,58.27,31.69,31.69,0.0879,30.00,2.365,1.418,2.400,1.131,0.20202,34,96,5400,0.0012,100.0,0,-1.0,5991.27,0.0000,320.29,246.67,0.00,0.0000,320.29,0.00,0.00,1.0000,0,0
82.1,1,Pasillo,0.00,20.05,20.05,20.05,0.0068,30.00,2.397,2.400,2.400,0.000,0.20764,5,0,735,0.0005,100.0,0,-1.0,800.00,0.0000,0.00,0.00,0.00,0.0000,0.00,0.00,0.00,1.0000,0,0
82.1,2,Dormitorio1,0.00,20.00,20.00,20.00,0.0001,30.00,2.400,2.400,2.400,0.000,0.20891,0,0,27,0.0004,100.0,0,-1.0,3500.00,0.0000,0.00,0.00,0.00,0.0000,0.00,0.00,0.00,1.0000,0,0
82.1,3,Dormitorio2,0.00,20.00,20.00,20.00,0.0001,30.00,2.400,2.400,2.400,0.000,0.20887,0,0,41,0.0004,100.0,0,-1.0,2500.00,0.0000,0.00,0.00,0.00,0.0000,0.00,0.00,0.00,1.0000,0,0
82.1,4,Cocina,0.00,20.00,20.00,20.00,0.0001,30.00,2.400,2.400,2.400,0.000,0.20894,0,0,19,0.0004,100.0,0,-1.0,3500.00,0.0000,0.00,0.00,0.00,0.0000,0.00,0.00,0.00,1.0000,0,0
82.1,5,Bano,0.00,20.00,20.00,20.00,0.0001,30.00,2.400,2.400,2.400,0.000,0.20889,0,0,36,0.0004,100.0,0,-1.0,400.00,0.0000,0.00,0.00,0.00,0.0000,0.00,0.00,0.00,1.0000,0,0
83.1,0,Salon,253.57,59.89,32.22,32.22,0.0907,30.00,2.363,1.420,2.400,1.173,0.20177,35,101,5602,0.0012,100.0,0,-1.0,5990.95,0.0000,328.30,253.57,0.00,0.0000,328.30,0.00,0.00,1.0000,0,0
83.1,1,Pasillo,0.00,20.05,20.05,20.05,0.0073,30.00,2.396,2.400,2.400,0.000,0.20754,5,0,794,0.0005,100.0,0,-1.0,800.00,0.0000,0.00,0.00,0.00,0.0000,0.00,0.00,0.00,1.0000,0,0
83.1,2,Dormitorio1,0.00,20.00,20.00,20.00,0.0002,30.00,2.400,2.400,2.400,0.000,0.20890,0,0,30,0.0004,100.0,0,-1.0,3500.00,0.0000,0.00,0.00,0.00,0.0000,0.00,0.00,0.00,1.0000,0,0
83.1,3,Dormitorio2,0.00,20.00,20.00,20.00,0.0002,30.00,2.400,2.400,2.400,0.000,0.20886,0,0,44,0.0004,100.0,0,-1.0,2500.00,0.0000,0.00,0.00,0.00,0.0000,0.00,0.00,0.00,1.0000,0,0
83.1,4,Cocina,0.00,20.00,20.00,20.00,0.0002,30.00,2.400,2.400,2.400,0.000,0.20893,0,0,21,0.0004,100.0,0,-1.0,3500.00,0.0000,0.00,0.00,0.00,0.0000,0.00,0.00,0.00,1.0000,0,0
83.1,5,Bano,0.00,20.00,20.00,20.00,0.0001,30.00,2.400,2.400,2.400,0.000,0.20888,0,0,39,0.0004,100.0,0,-1.0,400.00,0.0000,0.00,0.00,0.00,0.0000,0.00,0.00,0.00,1.0000,0,0
84.1,0,Salon,260.57,61.57,32.75,32.75,0.0936,30.00,2.361,1.422,2.400,1.216,0.20151,36,106,5807,0.0013,100.0,0,-1.0,5990.62,0.0000,336.42,260.57,0.00,0.0000,336.42,0.00,0.00,1.0000,0,0
84.1,1,Pasillo,0.00,20.06,20.06,20.06,0.0078,30.00,2.396,2.400,2.400,0.000,0.20742,5,0,857,0.0005,100.0,0,-1.0,800.00,0.0000,0.00,0.00,0.00,0.0000,0.00,0.00,0.00,1.0000,0,0
84.1,2,Dormitorio1,0.00,20.00,20.00,20.00,0.0002,30.00,2.400,2.400,2.400,0.000,0.20890,0,0,33,0.0004,100.0,0,-1.0,3500.00,0.0000,0.00,0.00,0.00,0.0000,0.00,0.00,0.00,1.0000,0,0
84.1,3,Dormitorio2,0.00,20.00,20.00,20.00,0.0002,30.00,2.400,2.400,2.400,0.000,0.20885,0,0,48,0.0004,100.0,0,-1.0,2500.00,0.0000,0.00,0.00,0.00,0.0000,0.00,0.00,0.00,1.0000,0,0
84.1,4,Cocina,0.00,20.00,20.00,20.00,0.0002,30.00,2.400,2.400,2.400,0.000,0.20893,0,0,23,0.0004,100.0,0,-1.0,3500.00,0.0000,0.00,0.00,0.00,0.0000,0.00,0.00,0.00,1.0000,0,0
84.1,5,Bano,0.00,20.00,20.00,20.00,0.0001,30.00,2.400,2.400,2.400,0.000,0.20887,0,0,42,0.0004,100.0,0,-1.0,400.00,0.0000,0.00,0.00,0.00,0.0000,0.00,0.00,0.00,1.0000,0,0
85.1,0,Salon,267.68,63.33,33.30,33.30,0.0966,30.00,2.359,1.425,2.400,1.260,0.20125,38,111,6017,0.0013,100.0,0,-1.0,5990.27,0.0000,344.65,267.68,0.00,0.0000,344.65,0.00,0.00,1.0000,0,0
85.1,1,Pasillo,0.00,20.06,20.06,20.06,0.0084,30.00,2.396,2.400,2.400,0.000,0.20730,6,0,924,0.0005,100.0,0,-1.0,800.00,0.0000,0.00,0.00,0.00,0.0000,0.00,0.00,0.00,1.0000,0,0
85.1,2,Dormitorio1,0.00,20.00,20.00,20.00,0.0002,30.00,2.400,2.400,2.400,0.000,0.20889,0,0,35,0.0004,100.0,0,-1.0,3500.00,0.0000,0.00,0.00,0.00,0.0000,0.00,0.00,0.00,1.0000,0,0
85.1,3,Dormitorio2,0.00,20.00,20.00,20.00,0.0002,30.00,2.400,2.400,2.400,0.000,0.20884,0,0,52,0.0004,100.0,0,-1.0,2500.00,0.0000,0.00,0.00,0.00,0.0000,0.00,0.00,0.00,1.0000,0,0
85.1,4,Cocina,0.00,20.00,20.00,20.00,0.0002,30.00,2.400,2.400,2.400,0.000,0.20892,0,0,25,0.0004,100.0,0,-1.0,3500.00,0.0000,0.00,0.00,0.00,0.0000,0.00,0.00,0.00,1.0000,0,0
85.1,5,Bano,0.00,20.00,20.00,20.00,0.0002,30.00,2.400,2.400,2.400,0.000,0.20886,0,0,46,0.0004,100.0,0,-1.0,400.00,0.0000,0.00,0.00,0.00,0.0000,0.00,0.00,0.00,1.0000,0,0
86.1,0,Salon,274.89,65.16,33.86,33.86,0.0996,30.00,2.357,1.427,2.400,1.305,0.20099,39,116,6231,0.0014,100.0,0,-1.0,5989.92,0.0000,352.99,274.89,0.00,0.0000,352.99,0.00,0.00,1.0000,0,0
86.1,1,Pasillo,0.00,41.03,20.07,20.07,0.0090,30.00,2.395,2.398,2.400,0.000,0.20717,6,40,992,0.0005,100.0,0,-1.0,800.00,0.0000,0.00,0.00,0.00,0.0000,0.00,0.00,0.00,1.0000,0,0
86.1,2,Dormitorio1,0.00,20.00,20.00,20.00,0.0002,30.00,2.400,2.400,2.400,0.000,0.20888,0,0,39,0.0004,100.0,0,-1.0,3500.00,0.0000,0.00,0.00,0.00,0.0000,0.00,0.00,0.00,1.0000,0,0
86.1,3,Dormitorio2,0.00,20.00,20.00,20.00,0.0002,30.00,2.400,2.400,2.400,0.000,0.20882,0,0,58,0.0004,100.0,0,-1.0,2500.00,0.0000,0.00,0.00,0.00,0.0000,0.00,0.00,0.00,1.0000,0,0
86.1,4,Cocina,0.00,20.00,20.00,20.00,0.0002,30.00,2.400,2.400,2.400,0.000,0.20891,0,0,28,0.0004,100.0,0,-1.0,3500.00,0.0000,0.00,0.00,0.00,0.0000,0.00,0.00,0.00,1.0000,0,0
86.1,5,Bano,0.00,20.00,20.00,20.00,0.0002,30.00,2.400,2.400,2.400,0.000,0.20884,0,0,50,0.0004,100.0,0,-1.0,400.00,0.0000,0.00,0.00,0.00,0.0000,0.00,0.00,0.00,1.0000,0,0
87.1,0,Salon,282.20,67.07,34.44,34.44,0.1026,30.00,2.354,1.431,2.400,1.351,0.20072,40,121,6449,0.0014,100.0,0,-1.0,5989.57,0.0000,361.44,282.20,0.00,0.0000,361.44,0.00,0.00,1.0000,0,0
87.1,1,Pasillo,0.00,61.33,20.07,20.07,0.0095,30.00,2.395,2.377,2.400,0.003,0.20703,7,63,1057,0.0005,100.0,0,-1.0,800.00,0.0000,0.00,0.00,0.00,0.0000,0.00,0.00,0.00,1.0000,0,0
87.1,2,Dormitorio1,0.00,20.00,20.00,20.00,0.0003,30.00,2.400,2.400,2.400,0.000,0.20887,0,0,45,0.0004,100.0,0,-1.0,3500.00,0.0000,0.00,0.00,0.00,0.0000,0.00,0.00,0.00,1.0000,0,0
87.1,3,Dormitorio2,0.00,20.00,20.00,20.00,0.0003,30.00,2.400,2.400,2.400,0.000,0.20881,0,0,66,0.0004,100.0,0,-1.0,2500.00,0.0000,0.00,0.00,0.00,0.0000,0.00,0.00,0.00,1.0000,0,0
87.1,4,Cocina,0.00,20.00,20.00,20.00,0.0003,30.00,2.400,2.400,2.400,0.000,0.20890,0,0,32,0.0004,100.0,0,-1.0,3500.00,0.0000,0.00,0.00,0.00,0.0000,0.00,0.00,0.00,1.0000,0,0
87.1,5,Bano,0.00,20.00,20.00,20.00,0.0002,30.00,2.400,2.400,2.400,0.000,0.20883,0,0,58,0.0004,100.0,0,-1.0,400.00,0.0000,0.00,0.00,0.00,0.0000,0.00,0.00,0.00,1.0000,0,0
88.1,0,Salon,289.63,69.05,35.04,35.04,0.1057,30.00,2.352,1.434,2.400,1.398,0.20044,42,127,6671,0.0015,100.0,0,-1.0,5989.20,0.0000,370.01,289.63,0.00,0.0000,370.01,0.00,0.00,1.0000,0,0
88.1,1,Pasillo,0.00,63.79,20.10,20.10,0.0101,30.00,2.394,2.354,2.400,0.012,0.20689,7,65,1133,0.0005,100.0,0,-1.0,800.00,0.0000,0.00,0.00,0.00,0.0000,0.00,0.00,0.00,1.0000,0,0
88.1,2,Dormitorio1,0.00,20.00,20.00,20.00,0.0003,30.00,2.400,2.400,2.400,0.000,0.20886,0,0,50,0.0004,100.0,0,-1.0,3500.00,0.0000,0.00,0.00,0.00,0.0000,0.00,0.00,0.00,1.0000,0,0
88.1,3,Dormitorio2,0.00,20.00,20.00,20.00,0.0003,30.00,2.400,2.400,2.400,0.000,0.20879,0,0,73,0.0004,100.0,0,-1.0,2500.00,0.0000,0.00,0.00,0.00,0.0000,0.00,0.00,0.00,1.0000,0,0
88.1,4,Cocina,0.00,20.00,20.00,20.00,0.0003,30.00,2.400,2.400,2.400,0.000,0.20890,0,0,35,0.0004,100.0,0,-1.0,3500.00,0.0000,0.00,0.00,0.00,0.0000,0.00,0.00,0.00,1.0000,0,0
88.1,5,Bano,0.00,20.00,20.00,20.00,0.0003,30.00,2.400,2.400,2.400,0.000,0.20881,0,0,64,0.0004,100.0,0,-1.0,400.00,0.0000,0.00,0.00,0.00,0.0000,0.00,0.00,0.00,1.0000,0,0
89.1,0,Salon,297.16,71.12,35.65,35.65,0.1089,30.00,2.350,1.438,2.400,1.446,0.20015,43,133,6897,0.0015,100.0,0,-1.0,5988.83,0.0000,378.69,297.16,0.00,0.0000,378.69,0.00,0.00,1.0000,0,0
89.1,1,Pasillo,0.00,64.73,20.13,20.13,0.0108,30.00,2.394,2.331,2.400,0.027,0.20673,8,67,1214,0.0005,100.0,0,-1.0,800.00,0.0000,0.00,0.00,0.00,0.0000,0.00,0.00,0.00,1.0000,0,0
89.1,2,Dormitorio1,0.00,20.00,20.00,20.00,0.0004,30.00,2.400,2.400,2.400,0.000,0.20884,0,0,54,0.0004,100.0,0,-1.0,3500.00,0.0000,0.00,0.00,0.00,0.0000,0.00,0.00,0.00,1.0000,0,0
89.1,3,Dormitorio2,0.00,20.01,20.01,20.01,0.0004,30.00,2.400,2.400,2.400,0.000,0.20877,0,0,80,0.0004,100.0,0,-1.0,2500.00,0.0000,0.00,0.00,0.00,0.0000,0.00,0.00,0.00,1.0000,0,0
89.1,4,Cocina,0.00,20.00,20.00,20.00,0.0004,30.00,2.400,2.400,2.400,0.000,0.20889,0,0,38,0.0004,100.0,0,-1.0,3500.00,0.0000,0.00,0.00,0.00,0.0000,0.00,0.00,0.00,1.0000,0,0
89.1,5,Bano,0.00,20.00,20.00,20.00,0.0003,30.00,2.400,2.400,2.400,0.000,0.20880,0,0,70,0.0004,100.0,0,-1.0,400.00,0.0000,0.00,0.00,0.00,0.0000,0.00,0.00,0.00,1.0000,0,0
90.1,0,Salon,304.79,73.29,36.27,36.27,0.1120,30.00,2.347,1.442,2.400,1.494,0.19987,45,140,7128,0.0016,100.0,0,-1.0,5988.44,0.0000,387.48,304.79,0.00,0.0000,387.48,0.00,0.00,1.0000,0,0
90.1,1,Pasillo,0.00,65.24,20.19,20.19,0.0115,30.00,2.394,2.307,2.400,0.045,0.20657,8,69,1301,0.0005,100.0,0,-1.0,800.00,0.0000,0.00,0.00,0.00,0.0000,0.00,0.00,0.00,1.0000,0,0
90.1,2,Dormitorio1,0.00,20.01,20.01,20.01,0.0004,30.00,2.400,2.400,2.400,0.000,0.20883,0,0,59,0.0004,100.0,0,-1.0,3500.00,0.0000,0.00,0.00,0.00,0.0000,0.00,0.00,0.00,1.0000,0,0
90.1,3,Dormitorio2,0.00,20.01,20.01,20.01,0.0004,30.00,2.400,2.400,2.400,0.000,0.20875,0,0,87,0.0004,100.0,0,-1.0,2500.00,0.0000,0.00,0.00,0.00,0.0000,0.00,0.00,0.00,1.0000,0,0
90.1,4,Cocina,0.00,20.00,20.00,20.00,0.0004,30.00,2.400,2.400,2.400,0.000,0.20888,0,0,42,0.0004,100.0,0,-1.0,3500.00,0.0000,0.00,0.00,0.00,0.0000,0.00,0.00,0.00,1.0000,0,0
90.1,5,Bano,0.00,20.01,20.01,20.01,0.0004,30.00,2.400,2.400,2.400,0.000,0.20878,0,0,76,0.0004,100.0,0,-1.0,400.00,0.0000,0.00,0.00,0.00,0.0000,0.00,0.00,0.00,1.0000,0,0
91.1,0,Salon,312.54,75.55,36.91,36.91,0.1153,30.00,2.344,1.446,2.400,1.544,0.19957,46,147,7363,0.0016,100.0,0,-1.0,5988.05,0.0000,396.40,312.54,0.00,0.0000,396.40,0.00,0.00,1.0000,0,0
91.1,1,Pasillo,0.00,65.56,20.26,20.26,0.0123,30.00,2.393,2.284,2.400,0.067,0.20641,9,70,1393,0.0006,100.0,0,-1.0,800.00,0.0000,0.00,0.00,0.00,0.0000,0.00,0.00,0.00,1.0000,0,0
91.1,2,Dormitorio1,0.00,20.01,20.01,20.01,0.0005,30.00,2.400,2.400,2.400,0.000,0.20882,0,0,64,0.0004,100.0,0,-1.0,3500.00,0.0000,0.00,0.00,0.00,0.0000,0.00,0.00,0.00,1.0000,0,0
91.1,3,Dormitorio2,0.00,20.01,20.01,20.01,0.0005,30.00,2.400,2.400,2.400,0.000,0.20873,1,0,94,0.0005,100.0,0,-1.0,2500.00,0.0000,0.00,0.00,0.00,0.0000,0.00,0.00,0.00,1.0000,0,0
91.1,4,Cocina,0.00,20.00,20.00,20.00,0.0005,30.00,2.400,2.400,2.400,0.000,0.20887,0,0,45,0.0004,100.0,0,-1.0,3500.00,0.0000,0.00,0.00,0.00,0.0000,0.00,0.00,0.00,1.0000,0,0
91.1,5,Bano,0.00,20.01,20.01,20.01,0.0004,30.00,2.400,2.400,2.400,0.000,0.20876,0,0,82,0.0005,100.0,0,-1.0,400.00,0.0000,0.00,0.00,0.00,0.0000,0.00,0.00,0.00,1.0000,0,0
92.1,0,Salon,320.39,77.90,37.56,37.56,0.1186,30.00,2.341,1.451,2.400,1.594,0.19927,47,154,7603,0.0017,100.0,0,-1.0,5987.65,0.0000,405.43,320.39,0.00,0.0000,405.43,0.00,0.00,1.0000,0,0
92.1,1,Pasillo,0.00,65.79,20.35,20.35,0.0131,30.00,2.393,2.261,2.400,0.092,0.20624,9,72,1487,0.0006,100.0,0,-1.0,800.00,0.0000,0.00,0.00,0.00,0.0000,0.00,0.00,0.00,1.0000,0,0
92.1,2,Dormitorio1,0.00,20.01,20.01,20.01,0.0005,30.00,2.400,2.400,2.400,0.000,0.20880,0,0,69,0.0005,100.0,0,-1.0,3500.00,0.0000,0.00,0.00,0.00,0.0000,0.00,0.00,0.00,1.0000,0,0
92.1,3,Dormitorio2,0.00,20.01,20.01,20.01,0.0005,30.00,2.400,2.400,2.400,0.000,0.20871,1,0,101,0.0005,100.0,0,-1.0,2500.00,0.0000,0.00,0.00,0.00,0.0000,0.00,0.00,0.00,1.0000,0,0
92.1,4,Cocina,0.00,20.01,20.01,20.01,0.0005,30.00,2.400,2.400,2.400,0.000,0.20886,0,0,49,0.0005,100.0,0,-1.0,3500.00,0.0000,0.00,0.00,0.00,0.0000,0.00,0.00,0.00,1.0000,0,0
92.1,5,Bano,0.00,20.01,20.01,20.01,0.0004,30.00,2.400,2.400,2.400,0.000,0.20875,1,0,89,0.0005,100.0,0,-1.0,400.00,0.0000,0.00,0.00,0.00,0.0000,0.00,0.00,0.00,1.0000,0,0
93.1,0,Salon,328.36,80.36,38.23,38.23,0.1220,30.00,2.338,1.455,2.400,1.645,0.19897,49,161,7849,0.0018,100.0,0,-1.0,5987.24,0.0000,414.58,328.36,0.00,0.0000,414.58,0.00,0.00,1.0000,0,0
93.1,1,Pasillo,0.00,65.97,20.46,20.46,0.0139,30.00,2.392,2.238,2.400,0.120,0.20606,10,73,1583,0.0006,100.0,0,-1.0,800.00,0.0000,0.00,0.00,0.00,0.0000,0.00,0.00,0.00,1.0000,0,0
93.1,2,Dormitorio1,0.00,20.01,20.01,20.01,0.0006,30.00,2.400,2.400,2.400,0.000,0.20879,0,0,74,0.0005,100.0,0,-1.0,3500.00,0.0000,0.00,0.00,0.00,0.0000,0.00,0.00,0.00,1.0000,0,0
93.1,3,Dormitorio2,0.00,20.01,20.01,20.01,0.0006,30.00,2.400,2.400,2.400,0.000,0.20869,1,0,109,0.0005,100.0,0,-1.0,2500.00,0.0000,0.00,0.00,0.00,0.0000,0.00,0.00,0.00,1.0000,0,0
93.1,4,Cocina,0.00,20.01,20.01,20.01,0.0006,30.00,2.400,2.400,2.400,0.000,0.20885,0,0,52,0.0005,100.0,0,-1.0,3500.00,0.0000,0.00,0.00,0.00,0.0000,0.00,0.00,0.00,1.0000,0,0
93.1,5,Bano,0.00,20.01,20.01,20.01,0.0005,30.00,2.400,2.400,2.400,0.000,0.20873,1,0,95,0.0005,100.0,0,-1.0,400.00,0.0000,0.00,0.00,0.00,0.0000,0.00,0.00,0.00,1.0000,0,0
94.1,0,Salon,336.43,82.93,38.91,38.91,0.1254,30.00,2.335,1.461,2.400,1.697,0.19865,50,169,8101,0.0018,100.0,0,-1.0,5986.82,0.0000,423.86,336.43,0.00,0.0000,423.86,0.00,0.00,1.0000,0,0
94.1,1,Pasillo,0.00,66.13,20.58,20.58,0.0147,30.00,2.392,2.216,2.400,0.148,0.20589,11,75,1683,0.0006,100.0,0,-1.0,800.00,0.0000,0.00,0.00,0.00,0.0000,0.00,0.00,0.00,1.0000,0,0
94.1,2,Dormitorio1,0.00,20.01,20.01,20.01,0.0006,30.00,2.400,2.400,2.400,0.000,0.20877,0,0,80,0.0005,100.0,0,-1.0,3500.00,0.0000,0.00,0.00,0.00,0.0000,0.00,0.00,0.00,1.0000,0,0
94.1,3,Dormitorio2,0.00,20.02,20.02,20.02,0.0006,30.00,2.400,2.400,2.400,0.000,0.20867,1,0,117,0.0005,100.0,0,-1.0,2500.00,0.0000,0.00,0.00,0.00,0.0000,0.00,0.00,0.00,1.0000,0,0
94.1,4,Cocina,0.00,20.01,20.01,20.01,0.0006,30.00,2.400,2.400,2.400,0.000,0.20884,0,0,56,0.0005,100.0,0,-1.0,3500.00,0.0000,0.00,0.00,0.00,0.0000,0.00,0.00,0.00,1.0000,0,0
94.1,5,Bano,0.00,20.01,20.01,20.01,0.0005,30.00,2.400,2.400,2.400,0.000,0.20870,1,0,103,0.0005,100.0,0,-1.0,400.00,0.0000,0.00,0.00,0.00,0.0000,0.00,0.00,0.00,1.0000,0,0
95.1,0,Salon,344.62,85.59,39.61,39.61,0.1289,30.00,2.332,1.466,2.400,1.750,0.19833,52,178,8359,0.0019,100.0,0,-1.0,5986.39,0.0000,433.25,344.62,0.00,0.0000,433.25,0.00,0.00,1.0000,0,0
95.1,1,Pasillo,0.00,66.30,20.73,20.73,0.0155,30.00,2.391,2.194,2.400,0.179,0.20571,11,76,1784,0.0006,100.0,0,-1.0,800.00,0.0000,0.00,0.00,0.00,0.0000,0.00,0.00,0.00,1.0000,0,0
95.1,2,Dormitorio1,0.00,20.01,20.01,20.01,0.0007,30.00,2.400,2.400,2.400,0.000,0.20875,0,0,85,0.0005,100.0,0,-1.0,3500.00,0.0000,0.00,0.00,0.00,0.0000,0.00,0.00,0.00,1.0000,0,0
95.1,3,Dormitorio2,0.00,20.02,20.02,20.02,0.0007,30.00,2.400,2.400,2.400,0.000,0.20864,1,0,126,0.0005,100.0,0,-1.0,2500.00,0.0000,0.00,0.00,0.00,0.0000,0.00,0.00,0.00,1.0000,0,0
95.1,4,Cocina,0.00,20.01,20.01,20.01,0.0007,30.00,2.400,2.400,2.400,0.000,0.20882,0,0,60,0.0005,100.0,0,-1.0,3500.00,0.0000,0.00,0.00,0.00,0.0000,0.00,0.00,0.00,1.0000,0,0
95.1,5,Bano,0.00,20.02,20.02,20.02,0.0006,30.00,2.400,2.400,2.400,0.000,0.20868,1,0,110,0.0005,100.0,0,-1.0,400.00,0.0000,0.00,0.00,0.00,0.0000,0.00,0.00,0.00,1.0000,0,0
96.1,0,Salon,352.92,88.36,40.33,40.33,0.1325,30.00,2.329,1.471,2.400,1.803,0.19800,54,186,8622,0.0020,100.0,0,-1.0,5985.95,0.0000,442.77,352.92,0.00,0.0000,442.77,0.00,0.00,1.0000,0,0
96.1,1,Pasillo,0.00,66.46,20.89,20.89,0.0164,30.00,2.391,2.173,2.400,0.210,0.20553,12,78,1889,0.0006,100.0,0,-1.0,800.00,0.0000,0.00,0.00,0.00,0.0000,0.00,0.00,0.00,1.0000,0,0
96.1,2,Dormitorio1,0.00,20.01,20.01,20.01,0.0007,30.00,2.400,2.400,2.400,0.000,0.20873,1,0,92,0.0005,100.0,0,-1.0,3500.00,0.0000,0.00,0.00,0.00,0.0000,0.00,0.00,0.00,1.0000,0,0
96.1,3,Dormitorio2,0.00,20.02,20.02,20.02,0.0007,30.00,2.399,2.400,2.400,0.000,0.20862,1,0,135,0.0005,100.0,0,-1.0,2500.00,0.0000,0.00,0.00,0.00,0.0000,0.00,0.00,0.00,1.0000,0,0
96.1,4,Cocina,0.00,20.01,20.01,20.01,0.0007,30.00,2.400,2.400,2.400,0.000,0.20881,0,0,65,0.0005,100.0,0,-1.0,3500.00,0.0000,0.00,0.00,0.00,0.0000,0.00,0.00,0.00,1.0000,0,0
96.1,5,Bano,0.00,20.02,20.02,20.02,0.0006,30.00,2.400,2.400,2.400,0.000,0.20866,1,0,118,0.0005,100.0,0,-1.0,400.00,0.0000,0.00,0.00,0.00,0.0000,0.00,0.00,0.00,1.0000,0,0
97.1,0,Salon,361.33,91.24,41.06,41.06,0.1362,30.00,2.326,1.477,2.400,1.857,0.19766,55,195,8891,0.0020,100.0,0,-1.0,5985.50,0.0000,452.42,361.33,0.00,0.0000,452.42,0.00,0.00,1.0000,0,0
97.1,1,Pasillo,0.00,66.65,21.07,21.07,0.0172,30.00,2.390,2.152,2.400,0.242,0.20535,13,80,1996,0.0007,100.0,0,-1.0,800.00,0.0000,0.00,0.00,0.00,0.0000,0.00,0.00,0.00,1.0000,0,0
97.1,2,Dormitorio1,0.00,20.02,20.02,20.02,0.0008,30.00,2.400,2.400,2.400,0.000,0.20872,1,0,98,0.0005,100.0,0,-1.0,3500.00,0.0000,0.00,0.00,0.00,0.0000,0.00,0.00,0.00,1.0000,0,0
97.1,3,Dormitorio2,0.00,20.02,20.02,20.02,0.0008,30.00,2.399,2.400,2.400,0.000,0.20859,1,0,144,0.0005,100.0,0,-1.0,2500.00,0.0000,0.00,0.00,0.00,0.0000,0.00,0.00,0.00,1.0000,0,0
97.1,4,Cocina,0.00,20.01,20.01,20.01,0.0008,30.00,2.400,2.400,2.400,0.000,0.20880,0,0,69,0.0005,100.0,0,-1.0,3500.00,0.0000,0.00,0.00,0.00,0.0000,0.00,0.00,0.00,1.0000,0,0
97.1,5,Bano,0.00,20.02,20.02,20.02,0.0007,30.00,2.400,2.400,2.400,0.000,0.20863,1,0,127,0.0005,100.0,0,-1.0,400.00,0.0000,0.00,0.00,0.00,0.0000,0.00,0.00,0.00,1.0000,0,0
98.1,0,Salon,369.86,94.23,41.80,41.80,0.1399,30.00,2.322,1.483,2.400,1.912,0.19731,57,205,9166,0.0021,100.0,0,-1.0,5985.05,0.0000,462.19,369.86,0.00,0.0000,462.19,0.00,0.00,1.0000,0,0
98.1,1,Pasillo,0.00,66.84,21.28,21.28,0.0181,30.00,2.390,2.131,2.400,0.274,0.20516,13,81,2106,0.0007,100.0,0,-1.0,800.00,0.0000,0.00,0.00,0.00,0.0000,0.00,0.00,0.00,1.0000,0,0
98.1,2,Dormitorio1,0.00,20.02,20.02,20.02,0.0008,30.00,2.400,2.400,2.400,0.000,0.20870,1,0,105,0.0005,100.0,0,-1.0,3500.00,0.0000,0.00,0.00,0.00,0.0000,0.00,0.00,0.00,1.0000,0,0
98.1,3,Dormitorio2,0.00,20.03,20.03,20.03,0.0008,30.00,2.399,2.400,2.400,0.000,0.20856,1,0,154,0.0005,100.0,0,-1.0,2500.00,0.0000,0.00,0.00,0.00,0.0000,0.00,0.00,0.00,1.0000,0,0
98.1,4,Cocina,0.00,20.01,20.01,20.01,0.0009,30.00,2.400,2.400,2.400,0.000,0.20878,0,0,74,0.0005,100.0,0,-1.0,3500.00,0.0000,0.00,0.00,0.00,0.0000,0.00,0.00,0.00,1.0000,0,0
98.1,5,Bano,0.00,20.02,20.02,20.02,0.0007,30.00,2.399,2.400,2.400,0.000,0.20861,1,0,135,0.0005,100.0,0,-1.0,400.00,0.0000,0.00,0.00,0.00,0.0000,0.00,0.00,0.00,1.0000,0,0
99.1,0,Salon,378.51,97.37,42.56,42.56,0.1437,30.00,2.319,1.489,2.400,1.967,0.19696,59,215,9447,0.0022,100.0,0,-1.0,5984.58,0.0000,472.10,378.51,0.00,0.0000,472.10,0.00,0.00,1.0000,0,0
99.1,1,Pasillo,0.00,67.06,21.50,21.50,0.0191,30.00,2.389,2.110,2.400,0.307,0.20497,14,83,2219,0.0007,100.0,0,-1.0,800.00,0.0000,0.00,0.00,0.00,0.0000,0.00,0.00,0.00,1.0000,0,0
99.1,2,Dormitorio1,0.00,20.02,20.02,20.02,0.0009,30.00,2.400,2.400,2.400,0.000,0.20867,1,0,112,0.0005,100.0,0,-1.0,3500.00,0.0000,0.00,0.00,0.00,0.0000,0.00,0.00,0.00,1.0000,0,0
99.1,3,Dormitorio2,0.00,20.03,20.03,20.03,0.0009,30.00,2.399,2.400,2.400,0.000,0.20853,1,0,165,0.0005,100.0,0,-1.0,2500.00,0.0000,0.00,0.00,0.00,0.0000,0.00,0.00,0.00,1.0000,0,0
99.1,4,Cocina,0.00,20.01,20.01,20.01,0.0009,30.00,2.400,2.400,2.400,0.000,0.20877,0,0,79,0.0005,100.0,0,-1.0,3500.00,0.0000,0.00,0.00,0.00,0.0000,0.00,0.00,0.00,1.0000,0,0
99.1,5,Bano,0.00,20.03,20.03,20.03,0.0008,30.00,2.399,2.400,2.400,0.000,0.20858,1,0,145,0.0005,100.0,0,-1.0,400.00,0.0000,0.00,0.00,0.00,0.0000,0.00,0.00,0.00,1.0000,0,0
100.1,0,Salon,387.27,100.66,43.34,43.34,0.1456,30.00,2.317,1.496,2.400,1.999,0.19660,60,229,9733,0.0023,100.0,0,-1.0,5984.10,0.0000,482.14,387.27,0.00,0.0000,482.14,0.00,0.00,1.0000,0,0
100.1,1,Pasillo,0.00,67.30,21.74,21.74,0.0200,30.00,2.389,2.090,2.400,0.341,0.20478,15,85,2335,0.0007,100.0,0,-1.0,800.00,0.0000,0.00,0.00,0.00,0.0000,0.00,0.00,0.00,1.0000,0,0
100.1,2,Dormitorio1,0.00,20.02,20.02,20.02,0.0010,30.00,2.400,2.400,2.400,0.000,0.20865,1,0,120,0.0005,100.0,0,-1.0,3500.00,0.0000,0.00,0.00,0.00,0.0000,0.00,0.00,0.00,1.0000,0,0
100.1,3,Dormitorio2,0.00,20.03,20.03,20.03,0.0010,30.00,2.399,2.400,2.400,0.000,0.20850,1,0,176,0.0005,100.0,0,-1.0,2500.00,0.0000,0.00,0.00,0.00,0.0000,0.00,0.00,0.00,1.0000,0,0
100.1,4,Cocina,0.00,20.02,20.02,20.02,0.0010,30.00,2.400,2.400,2.400,0.000,0.20875,1,0,85,0.0005,100.0,0,-1.0,3500.00,0.0000,0.00,0.00,0.00,0.0000,0.00,0.00,0.00,1.0000,0,0
100.1,5,Bano,0.00,20.03,20.03,20.03,0.0008,30.00,2.399,2.400,2.400,0.000,0.20855,1,0,154,0.0005,100.0,0,-1.0,400.00,0.0000,0.00,0.00,0.00,0.0000,0.00,0.00,0.00,1.0000,0,0
101.1,0,Salon,396.15,104.26,44.10,44.10,0.1442,30.00,2.319,1.506,2.400,1.998,0.19623,62,249,10024,0.0023,100.0,0,-1.0,5983.61,0.0000,492.33,396.15,0.00,0.0000,492.33,0.00,0.00,1.0000,0,0
101.1,1,Pasillo,0.00,67.54,22.01,22.01,0.0209,30.00,2.388,2.071,2.400,0.374,0.20458,15,87,2456,0.0007,100.0,0,-1.0,800.00,0.0000,0.00,0.00,0.00,0.0000,0.00,0.00,0.00,1.0000,0,0
101.1,2,Dormitorio1,0.00,20.02,20.02,20.02,0.0010,30.00,2.399,2.400,2.400,0.000,0.20863,1,0,128,0.0005,100.0,0,-1.0,3500.00,0.0000,0.00,0.00,0.00,0.0000,0.00,0.00,0.00,1.0000,0,0
101.1,3,Dormitorio2,0.00,20.04,20.04,20.04,0.0010,30.00,2.399,2.400,2.400,0.000,0.20846,1,0,188,0.0005,100.0,0,-1.0,2500.00,0.0000,0.00,0.00,0.00,0.0000,0.00,0.00,0.00,1.0000,0,0
101.1,4,Cocina,0.00,20.02,20.02,20.02,0.0010,30.00,2.400,2.400,2.400,0.000,0.20873,1,0,90,0.0005,100.0,0,-1.0,3500.00,0.0000,0.00,0.00,0.00,0.0000,0.00,0.00,0.00,1.0000,0,0
101.1,5,Bano,0.00,20.03,20.03,20.03,0.0009,30.00,2.399,2.400,2.400,0.000,0.20852,1,0,165,0.0005,100.0,0,-1.0,400.00,0.0000,0.00,0.00,0.00,0.0000,0.00,0.00,0.00,1.0000,0,0
102.1,0,Salon,405.16,108.27,44.85,44.85,0.1424,30.00,2.321,1.518,2.400,2.000,0.19585,64,273,10320,0.0024,100.0,0,-1.0,5983.12,0.0000,502.71,405.16,0.00,0.0000,502.71,0.00,0.00,1.0000,0,0
102.1,1,Pasillo,0.00,67.78,22.29,22.29,0.0218,30.00,2.388,2.053,2.400,0.408,0.20438,16,89,2578,0.0008,100.0,0,-1.0,800.00,0.0000,0.00,0.00,0.00,0.0000,0.00,0.00,0.00,1.0000,0,0
102.1,2,Dormitorio1,0.00,20.03,20.03,20.03,0.0011,30.00,2.399,2.400,2.400,0.000,0.20860,1,0,136,0.0005,100.0,0,-1.0,3500.00,0.0000,0.00,0.00,0.00,0.0000,0.00,0.00,0.00,1.0000,0,0
102.1,3,Dormitorio2,0.00,20.04,20.04,20.04,0.0011,30.00,2.399,2.400,2.400,0.000,0.20843,1,0,200,0.0005,100.0,0,-1.0,2500.00,0.0000,0.00,0.00,0.00,0.0000,0.00,0.00,0.00,1.0000,0,0
102.1,4,Cocina,0.00,20.02,20.02,20.02,0.0011,30.00,2.400,2.400,2.400,0.000,0.20872,1,0,97,0.0005,100.0,0,-1.0,3500.00,0.0000,0.00,0.00,0.00,0.0000,0.00,0.00,0.00,1.0000,0,0
102.1,5,Bano,0.00,20.03,20.03,20.03,0.0009,30.00,2.399,2.400,2.400,0.000,0.20849,1,0,176,0.0005,100.0,0,-1.0,400.00,0.0000,0.00,0.00,0.00,0.0000,0.00,0.00,0.00,1.0000,0,0
103.1,0,Salon,414.30,112.73,45.58,45.58,0.1408,30.00,2.324,1.532,2.400,2.011,0.19546,66,299,10622,0.0025,100.0,0,-1.0,5982.61,0.0000,513.27,414.30,0.00,0.0000,513.27,0.00,0.00,1.0000,0,0
103.1,1,Pasillo,0.00,68.03,22.59,22.59,0.0226,30.00,2.387,2.036,2.400,0.441,0.20419,17,91,2703,0.0008,100.0,0,-1.0,800.00,0.0000,0.00,0.00,0.00,0.0000,0.00,0.00,0.00,1.0000,0,0
103.1,2,Dormitorio1,0.00,20.03,20.03,20.03,0.0012,30.00,2.399,2.400,2.400,0.000,0.20858,1,0,146,0.0005,100.0,0,-1.0,3500.00,0.0000,0.00,0.00,0.00,0.0000,0.00,0.00,0.00,1.0000,0,0
103.1,3,Dormitorio2,0.00,20.04,20.04,20.04,0.0012,30.00,2.399,2.400,2.400,0.000,0.20839,1,0,214,0.0005,100.0,0,-1.0,2500.00,0.0000,0.00,0.00,0.00,0.0000,0.00,0.00,0.00,1.0000,0,0
103.1,4,Cocina,0.00,20.02,20.02,20.02,0.0012,30.00,2.400,2.400,2.400,0.000,0.20870,1,0,103,0.0005,100.0,0,-1.0,3500.00,0.0000,0.00,0.00,0.00,0.0000,0.00,0.00,0.00,1.0000,0,0
103.1,5,Bano,0.00,20.04,20.04,20.04,0.0010,30.00,2.399,2.400,2.400,0.000,0.20846,1,0,188,0.0005,100.0,0,-1.0,400.00,0.0000,0.00,0.00,0.00,0.0000,0.00,0.00,0.00,1.0000,0,0
104.1,0,Salon,423.57,117.68,46.29,46.29,0.1394,30.00,2.326,1.548,2.400,2.028,0.19506,68,327,10929,0.0026,100.0,0,-1.0,5982.09,0.0000,524.02,423.57,0.00,0.0000,524.02,0.00,0.00,1.0000,0,0
104.1,1,Pasillo,0.00,68.29,22.91,22.91,0.0234,30.00,2.387,2.021,2.400,0.473,0.20399,18,94,2828,0.0008,100.0,0,-1.0,800.00,0.0000,0.00,0.00,0.00,0.0000,0.00,0.00,0.00,1.0000,0,0
104.1,2,Dormitorio1,0.00,20.03,20.03,20.03,0.0013,30.00,2.399,2.400,2.400,0.000,0.20855,1,0,157,0.0005,100.0,0,-1.0,3500.00,0.0000,0.00,0.00,0.00,0.0000,0.00,0.00,0.00,1.0000,0,0
104.1,3,Dormitorio2,0.00,20.04,20.04,20.04,0.0013,30.00,2.399,2.400,2.400,0.000,0.20835,1,0,230,0.0005,100.0,0,-1.0,2500.00,0.0000,0.00,0.00,0.00,0.0000,0.00,0.00,0.00,1.0000,0,0
104.1,4,Cocina,0.00,20.02,20.02,20.02,0.0013,30.00,2.400,2.400,2.400,0.000,0.20868,1,0,111,0.0005,100.0,0,-1.0,3500.00,0.0000,0.00,0.00,0.00,0.0000,0.00,0.00,0.00,1.0000,0,0
104.1,5,Bano,0.00,20.04,20.04,20.04,0.0011,30.00,2.399,2.400,2.400,0.000,0.20842,1,0,203,0.0005,100.0,0,-1.0,400.00,0.0000,0.00,0.00,0.00,0.0000,0.00,0.00,0.00,1.0000,0,0
105.1,0,Salon,432.99,123.16,46.98,46.98,0.1380,30.00,2.328,1.566,2.400,2.050,0.19466,70,358,11244,0.0027,100.0,0,-1.0,5981.56,0.0000,534.99,432.99,0.00,0.0000,534.99,0.00,0.00,1.0000,0,0
105.1,1,Pasillo,0.00,68.53,23.24,23.24,0.0241,30.00,2.386,2.008,2.400,0.504,0.20380,19,97,2952,0.0008,100.0,0,-1.0,800.00,0.0000,0.00,0.00,0.00,0.0000,0.00,0.00,0.00,1.0000,0,0
105.1,2,Dormitorio1,0.00,20.03,20.03,20.03,0.0014,30.00,2.399,2.400,2.400,0.000,0.20851,1,0,169,0.0005,100.0,0,-1.0,3500.00,0.0000,0.00,0.00,0.00,0.0000,0.00,0.00,0.00,1.0000,0,0
105.1,3,Dormitorio2,0.00,20.05,20.05,20.05,0.0014,30.00,2.399,2.400,2.400,0.000,0.20830,1,0,248,0.0005,100.0,0,-1.0,2500.00,0.0000,0.00,0.00,0.00,0.0000,0.00,0.00,0.00,1.0000,0,0
105.1,4,Cocina,0.00,20.02,20.02,20.02,0.0014,30.00,2.400,2.400,2.400,0.000,0.20865,1,0,120,0.0005,100.0,0,-1.0,3500.00,0.0000,0.00,0.00,0.00,0.0000,0.00,0.00,0.00,1.0000,0,0
105.1,5,Bano,0.00,20.04,20.04,20.04,0.0012,30.00,2.399,2.400,2.400,0.000,0.20838,1,0,218,0.0005,100.0,0,-1.0,400.00,0.0000,0.00,0.00,0.00,0.0000,0.00,0.00,0.00,1.0000,0,0
106.1,0,Salon,442.55,129.10,47.67,47.67,0.1369,30.00,2.330,1.585,2.400,2.075,0.19424,72,392,11566,0.0028,100.0,0,-1.0,5981.02,0.0000,546.16,442.55,0.00,0.0000,546.16,0.00,0.00,1.0000,0,0
106.1,1,Pasillo,0.00,68.52,23.62,23.62,0.0248,30.00,2.386,1.995,2.400,0.534,0.20361,19,100,3075,0.0009,100.0,0,-1.0,800.00,0.0000,0.00,0.00,0.00,0.0000,0.00,0.00,0.00,1.0000,0,0
106.1,2,Dormitorio1,0.00,20.03,20.03,20.03,0.0015,30.00,2.399,2.400,2.400,0.000,0.20848,1,0,183,0.0005,100.0,0,-1.0,3500.00,0.0000,0.00,0.00,0.00,0.0000,0.00,0.00,0.00,1.0000,0,0
106.1,3,Dormitorio2,0.00,20.05,20.05,20.05,0.0015,30.00,2.399,2.400,2.400,0.000,0.20825,2,0,268,0.0005,100.0,0,-1.0,2500.00,0.0000,0.00,0.00,0.00,0.0000,0.00,0.00,0.00,1.0000,0,0
106.1,4,Cocina,0.00,20.02,20.02,20.02,0.0015,30.00,2.399,2.400,2.400,0.000,0.20863,1,0,130,0.0005,100.0,0,-1.0,3500.00,0.0000,0.00,0.00,0.00,0.0000,0.00,0.00,0.00,1.0000,0,0
106.1,5,Bano,0.00,20.04,20.04,20.04,0.0013,30.00,2.399,2.400,2.400,0.000,0.20833,1,0,236,0.0005,100.0,0,-1.0,400.00,0.0000,0.00,0.00,0.00,0.0000,0.00,0.00,0.00,1.0000,0,0
107.1,0,Salon,452.26,135.23,48.34,48.34,0.1359,30.00,2.332,1.604,2.400,2.103,0.19381,74,427,11896,0.0029,100.0,0,-1.0,5980.47,0.0000,557.49,452.26,0.00,0.0000,557.49,0.00,0.00,1.0000,0,0
107.1,1,Pasillo,0.00,68.17,24.07,24.07,0.0254,30.00,2.386,1.986,2.400,0.561,0.20343,20,104,3194,0.0009,100.0,0,-1.0,800.00,0.0000,0.00,0.00,0.00,0.0000,0.00,0.00,0.00,1.0000,0,0
107.1,2,Dormitorio1,0.00,20.04,20.04,20.04,0.0016,30.00,2.399,2.400,2.400,0.000,0.20844,1,0,197,0.0005,100.0,0,-1.0,3500.00,0.0000,0.00,0.00,0.00,0.0000,0.00,0.00,0.00,1.0000,0,0
107.1,3,Dormitorio2,0.00,20.05,20.05,20.05,0.0016,30.00,2.399,2.400,2.400,0.000,0.20819,2,0,289,0.0005,100.0,0,-1.0,2500.00,0.0000,0.00,0.00,0.00,0.0000,0.00,0.00,0.00,1.0000,0,0
107.1,4,Cocina,0.00,20.03,20.03,20.03,0.0016,30.00,2.399,2.400,2.400,0.000,0.20860,1,0,140,0.0005,100.0,0,-1.0,3500.00,0.0000,0.00,0.00,0.00,0.0000,0.00,0.00,0.00,1.0000,0,0
107.1,5,Bano,0.00,20.05,20.05,20.05,0.0014,30.00,2.399,2.400,2.400,0.000,0.20828,2,0,255,0.0005,100.0,0,-1.0,400.00,0.0000,0.00,0.00,0.00,0.0000,0.00,0.00,0.00,1.0000,0,0
108.1,0,Salon,462.12,141.49,49.00,49.00,0.1351,30.00,2.334,1.624,2.400,2.131,0.19337,76,463,12234,0.0030,100.0,0,-1.0,5979.90,0.0000,568.98,462.12,0.00,0.0000,568.98,0.00,0.00,1.0000,0,0
108.1,1,Pasillo,0.00,67.82,24.52,24.52,0.0259,30.00,2.385,1.980,2.400,0.584,0.20326,21,107,3311,0.0009,100.0,0,-1.0,800.00,0.0000,0.00,0.00,0.00,0.0000,0.00,0.00,0.00,1.0000,0,0
108.1,2,Dormitorio1,0.00,20.04,20.04,20.04,0.0017,30.00,2.399,2.400,2.400,0.000,0.20840,1,0,213,0.0005,100.0,0,-1.0,3500.00,0.0000,0.00,0.00,0.00,0.0000,0.00,0.00,0.00,1.0000,0,0
108.1,3,Dormitorio2,0.00,20.06,20.06,20.06,0.0017,30.00,2.399,2.400,2.400,0.000,0.20813,2,0,312,0.0006,100.0,0,-1.0,2500.00,0.0000,0.00,0.00,0.00,0.0000,0.00,0.00,0.00,1.0000,0,0
108.1,4,Cocina,0.00,20.03,20.03,20.03,0.0018,30.00,2.399,2.400,2.400,0.000,0.20857,1,0,151,0.0005,100.0,0,-1.0,3500.00,0.0000,0.00,0.00,0.00,0.0000,0.00,0.00,0.00,1.0000,0,0
108.1,5,Bano,0.00,20.05,20.05,20.05,0.0015,30.00,2.399,2.400,2.400,0.000,0.20823,2,0,275,0.0006,100.0,0,-1.0,400.00,0.0000,0.00,0.00,0.00,0.0000,0.00,0.00,0.00,1.0000,0,0
109.1,0,Salon,472.14,147.85,49.66,49.66,0.1344,30.00,2.335,1.643,2.400,2.158,0.19292,78,500,12580,0.0031,100.0,0,-1.0,5979.33,0.0000,580.62,472.14,0.00,0.0000,580.62,0.00,0.00,1.0000,0,0
109.1,1,Pasillo,0.00,67.48,24.98,24.98,0.0263,30.00,2.385,1.975,2.400,0.605,0.20309,21,111,3425,0.0009,100.0,0,-1.0,800.00,0.0000,0.00,0.00,0.00,0.0000,0.00,0.00,0.00,1.0000,0,0
109.1,2,Dormitorio1,0.00,20.04,20.04,20.04,0.0019,30.00,2.399,2.400,2.400,0.000,0.20835,1,0,230,0.0006,100.0,0,-1.0,3500.00,0.0000,0.00,0.00,0.00,0.0000,0.00,0.00,0.00,1.0000,0,0
109.1,3,Dormitorio2,0.00,20.06,20.06,20.06,0.0018,30.00,2.399,2.400,2.400,0.000,0.20807,2,0,337,0.0006,100.0,0,-1.0,2500.00,0.0000,0.00,0.00,0.00,0.0000,0.00,0.00,0.00,1.0000,0,0
109.1,4,Cocina,0.00,20.03,20.03,20.03,0.0019,30.00,2.399,2.400,2.400,0.000,0.20854,1,0,163,0.0005,100.0,0,-1.0,3500.00,0.0000,0.00,0.00,0.00,0.0000,0.00,0.00,0.00,1.0000,0,0
109.1,5,Bano,0.00,20.05,20.05,20.05,0.0016,30.00,2.399,2.400,2.400,0.000,0.20817,2,0,297,0.0006,100.0,0,-1.0,400.00,0.0000,0.00,0.00,0.00,0.0000,0.00,0.00,0.00,1.0000,0,0
110.1,0,Salon,482.30,154.28,50.31,50.31,0.1339,30.00,2.337,1.663,2.399,2.183,0.19246,80,537,12935,0.0032,100.0,0,-1.0,5978.74,0.0000,592.41,482.30,0.00,0.0000,592.41,0.00,0.00,1.0000,0,0
110.1,1,Pasillo,0.00,67.14,25.43,25.43,0.0267,30.00,2.385,1.971,2.400,0.622,0.20292,22,115,3537,0.0010,100.0,0,-1.0,800.00,0.0000,0.00,0.00,0.00,0.0000,0.00,0.00,0.00,1.0000,0,0
110.1,2,Dormitorio1,0.00,20.04,20.04,20.04,0.0020,30.00,2.399,2.400,2.400,0.000,0.20831,2,0,248,0.0006,100.0,0,-1.0,3500.00,0.0000,0.00,0.00,0.00,0.0000,0.00,0.00,0.00,1.0000,0,0
110.1,3,Dormitorio2,0.00,20.06,20.06,20.06,0.0020,30.00,2.398,2.400,2.400,0.000,0.20800,2,0,363,0.0006,100.0,0,-1.0,2500.00,0.0000,0.00,0.00,0.00,0.0000,0.00,0.00,0.00,1.0000,0,0
110.1,4,Cocina,0.00,20.03,20.03,20.03,0.0020,30.00,2.399,2.400,2.400,0.000,0.20850,1,0,176,0.0006,100.0,0,-1.0,3500.00,0.0000,0.00,0.00,0.00,0.0000,0.00,0.00,0.00,1.0000,0,0
110.1,5,Bano,0.00,20.06,20.06,20.06,0.0017,30.00,2.399,2.400,2.400,0.000,0.20811,2,0,320,0.0006,100.0,0,-1.0,400.00,0.0000,0.00,0.00,0.00,0.0000,0.00,0.00,0.00,1.0000,0,0
111.1,0,Salon,492.62,160.72,50.96,50.96,0.1336,30.00,2.338,1.682,2.394,2.206,0.19199,82,574,13299,0.0033,100.0,0,-1.0,5978.14,0.0000,604.35,492.62,0.00,0.0000,604.35,0.00,0.00,1.0000,0,0
111.1,1,Pasillo,0.00,66.81,25.88,25.88,0.0271,30.00,2.385,1.969,2.400,0.636,0.20275,23,119,3646,0.0010,100.0,0,-1.0,800.00,0.0000,0.00,0.00,0.00,0.0000,0.00,0.00,0.00,1.0000,0,0
111.1,2,Dormitorio1,0.00,20.05,20.05,20.05,0.0022,30.00,2.399,2.400,2.400,0.000,0.20826,2,0,267,0.0006,100.0,0,-1.0,3500.00,0.0000,0.00,0.00,0.00,0.0000,0.00,0.00,0.00,1.0000,0,0
111.1,3,Dormitorio2,0.00,20.07,20.07,20.07,0.0021,30.00,2.398,2.400,2.400,0.000,0.20793,2,0,391,0.0006,100.0,0,-1.0,2500.00,0.0000,0.00,0.00,0.00,0.0000,0.00,0.00,0.00,1.0000,0,0
111.1,4,Cocina,0.00,20.03,20.03,20.03,0.0022,30.00,2.399,2.400,2.400,0.000,0.20846,1,0,190,0.0006,100.0,0,-1.0,3500.00,0.0000,0.00,0.00,0.00,0.0000,0.00,0.00,0.00,1.0000,0,0
111.1,5,Bano,0.00,20.06,20.06,20.06,0.0018,30.00,2.399,2.400,2.400,0.000,0.20805,2,0,344,0.0006,100.0,0,-1.0,400.00,0.0000,0.00,0.00,0.00,0.0000,0.00,0.00,0.00,1.0000,0,0
112.1,0,Salon,503.09,167.15,51.61,51.61,0.1335,30.00,2.338,1.700,2.386,2.226,0.19151,85,611,13673,0.0034,100.0,0,-1.0,5977.53,0.0000,616.42,503.09,0.00,0.0000,616.42,0.00,0.00,1.0000,0,0
112.1,1,Pasillo,0.00,66.50,26.32,26.32,0.0274,30.00,2.384,1.968,2.400,0.647,0.20257,23,124,3754,0.0010,100.0,0,-1.0,800.00,0.0000,0.00,0.00,0.00,0.0000,0.00,0.00,0.00,1.0000,0,0
112.1,2,Dormitorio1,0.00,20.05,20.05,20.05,0.0023,30.00,2.399,2.400,2.400,0.000,0.20820,2,0,287,0.0006,100.0,0,-1.0,3500.00,0.0000,0.00,0.00,0.00,0.0000,0.00,0.00,0.00,1.0000,0,0
112.1,3,Dormitorio2,0.00,20.07,20.07,20.07,0.0022,30.00,2.398,2.400,2.400,0.000,0.20786,3,0,419,0.0006,100.0,0,-1.0,2500.00,0.0000,0.00,0.00,0.00,0.0000,0.00,0.00,0.00,1.0000,0,0
112.1,4,Cocina,0.00,20.03,20.03,20.03,0.0023,30.00,2.399,2.400,2.400,0.000,0.20843,1,0,204,0.0006,100.0,0,-1.0,3500.00,0.0000,0.00,0.00,0.00,0.0000,0.00,0.00,0.00,1.0000,0,0
112.1,5,Bano,0.00,20.06,20.06,20.06,0.0020,30.00,2.398,2.400,2.400,0.000,0.20799,2,0,370,0.0006,100.0,0,-1.0,400.00,0.0000,0.00,0.00,0.00,0.0000,0.00,0.00,0.00,1.0000,0,0
113.1,0,Salon,513.70,173.52,52.26,52.26,0.1335,30.00,2.339,1.718,2.376,2.244,0.19102,87,648,14055,0.0035,100.0,0,-1.0,5976.91,0.0000,628.61,513.70,0.00,0.0000,628.61,0.00,0.00,1.0000,0,0
113.1,1,Pasillo,0.00,66.20,26.75,26.75,0.0277,30.00,2.384,1.968,2.400,0.655,0.20240,24,128,3860,0.0011,100.0,0,-1.0,800.00,0.0000,0.00,0.00,0.00,0.0000,0.00,0.00,0.00,1.0000,0,0
113.1,2,Dormitorio1,0.00,20.05,20.05,20.05,0.0024,30.00,2.399,2.400,2.400,0.000,0.20815,2,0,308,0.0006,100.0,0,-1.0,3500.00,0.0000,0.00,0.00,0.00,0.0000,0.00,0.00,0.00,1.0000,0,0
113.1,3,Dormitorio2,0.00,20.07,20.07,20.07,0.0024,30.00,2.398,2.400,2.400,0.000,0.20778,3,0,449,0.0006,100.0,0,-1.0,2500.00,0.0000,0.00,0.00,0.00,0.0000,0.00,0.00,0.00,1.0000,0,0
113.1,4,Cocina,0.00,20.03,20.03,20.03,0.0025,30.00,2.399,2.400,2.400,0.000,0.20839,1,0,219,0.0006,100.0,0,-1.0,3500.00,0.0000,0.00,0.00,0.00,0.0000,0.00,0.00,0.00,1.0000,0,0
113.1,5,Bano,0.00,20.07,20.07,20.07,0.0021,30.00,2.398,2.400,2.400,0.000,0.20792,2,0,396,0.0006,100.0,0,-1.0,400.00,0.0000,0.00,0.00,0.00,0.0000,0.00,0.00,0.00,1.0000,0,0
114.1,0,Salon,524.46,179.82,52.92,52.92,0.1337,30.00,2.340,1.713,2.364,2.267,0.19052,89,685,14444,0.0036,100.0,0,-1.0,5976.27,0.0000,640.94,524.46,0.00,0.0000,640.94,0.00,0.00,1.0000,0,0
114.1,1,Pasillo,0.00,66.02,27.17,27.17,0.0279,30.00,2.384,1.968,2.400,0.661,0.20221,25,133,3967,0.0011,100.0,0,-1.0,800.00,0.0000,0.00,0.00,0.00,0.0000,0.00,0.00,0.00,1.0000,0,0
114.1,2,Dormitorio1,0.00,20.05,20.05,20.05,0.0026,30.00,2.399,2.400,2.400,0.000,0.20810,2,0,329,0.0006,100.0,0,-1.0,3500.00,0.0000,0.00,0.00,0.00,0.0000,0.00,0.00,0.00,1.0000,0,0
114.1,3,Dormitorio2,0.00,20.08,20.08,20.08,0.0025,30.00,2.398,2.400,2.400,0.000,0.20771,3,0,480,0.0006,100.0,0,-1.0,2500.00,0.0000,0.00,0.00,0.00,0.0000,0.00,0.00,0.00,1.0000,0,0
114.1,4,Cocina,0.00,20.04,20.04,20.04,0.0026,30.00,2.399,2.400,2.400,0.000,0.20835,1,0,234,0.0006,100.0,0,-1.0,3500.00,0.0000,0.00,0.00,0.00,0.0000,0.00,0.00,0.00,1.0000,0,0
114.1,5,Bano,0.00,20.07,20.07,20.07,0.0022,30.00,2.398,2.400,2.400,0.000,0.20785,3,0,424,0.0006,100.0,0,-1.0,400.00,0.0000,0.00,0.00,0.00,0.0000,0.00,0.00,0.00,1.0000,0,0
115.1,0,Salon,535.36,186.03,53.59,53.59,0.1340,30.00,2.340,1.706,2.351,2.304,0.19001,92,723,14840,0.0037,100.0,0,-1.0,5975.62,0.0000,653.38,535.36,0.00,0.0000,653.38,0.00,0.00,1.0000,0,0
115.1,1,Pasillo,0.00,66.07,27.59,27.59,0.0282,30.00,2.384,1.968,2.400,0.666,0.20203,25,138,4081,0.0011,100.0,0,-1.0,800.00,0.0000,0.00,0.00,0.00,0.0000,0.00,0.00,0.00,1.0000,0,0
115.1,2,Dormitorio1,0.00,20.05,20.05,20.05,0.0028,30.00,2.399,2.400,2.400,0.000,0.20804,2,0,351,0.0006,100.0,0,-1.0,3500.00,0.0000,0.00,0.00,0.00,0.0000,0.00,0.00,0.00,1.0000,0,0
115.1,3,Dormitorio2,0.00,20.08,20.08,20.08,0.0027,30.00,2.398,2.400,2.400,0.000,0.20763,3,0,512,0.0006,100.0,0,-1.0,2500.00,0.0000,0.00,0.00,0.00,0.0000,0.00,0.00,0.00,1.0000,0,0
115.1,4,Cocina,0.00,20.04,20.04,20.04,0.0028,30.00,2.399,2.400,2.400,0.000,0.20831,2,0,250,0.0006,100.0,0,-1.0,3500.00,0.0000,0.00,0.00,0.00,0.0000,0.00,0.00,0.00,1.0000,0,0
115.1,5,Bano,0.00,20.07,20.07,20.07,0.0023,30.00,2.398,2.400,2.400,0.000,0.20778,3,0,452,0.0006,100.0,0,-1.0,400.00,0.0000,0.00,0.00,0.00,0.0000,0.00,0.00,0.00,1.0000,0,0
116.1,0,Salon,546.41,192.13,54.28,54.28,0.1343,30.00,2.340,1.699,2.336,2.350,0.18949,94,760,15240,0.0038,100.0,0,-1.0,5974.96,0.0000,665.95,546.41,0.00,0.0000,665.95,0.00,0.00,1.0000,0,0
116.1,1,Pasillo,0.00,66.34,28.00,28.00,0.0285,30.00,2.384,1.968,2.400,0.671,0.20183,26,144,4203,0.0012,100.0,0,-1.0,800.00,0.0000,0.00,0.00,0.00,0.0000,0.00,0.00,0.00,1.0000,0,0
116.1,2,Dormitorio1,0.00,20.06,20.06,20.06,0.0029,30.00,2.399,2.400,2.400,0.000,0.20798,2,0,374,0.0006,100.0,0,-1.0,3500.00,0.0000,0.00,0.00,0.00,0.0000,0.00,0.00,0.00,1.0000,0,0
116.1,3,Dormitorio2,0.00,20.09,20.09,20.09,0.0028,30.00,2.398,2.400,2.400,0.000,0.20755,3,0,545,0.0006,100.0,0,-1.0,2500.00,0.0000,0.00,0.00,0.00,0.0000,0.00,0.00,0.00,1.0000,0,0
116.1,4,Cocina,0.00,20.04,20.04,20.04,0.0030,30.00,2.399,2.400,2.400,0.000,0.20826,2,0,267,0.0006,100.0,0,-1.0,3500.00,0.0000,0.00,0.00,0.00,0.0000,0.00,0.00,0.00,1.0000,0,0
116.1,5,Bano,0.00,20.07,20.07,20.07,0.0025,30.00,2.398,2.400,2.400,0.000,0.20770,3,0,481,0.0006,100.0,0,-1.0,400.00,0.0000,0.00,0.00,0.00,0.0000,0.00,0.00,0.00,1.0000,0,0
117.1,0,Salon,557.60,198.12,54.98,54.98,0.1348,30.00,2.340,1.692,2.321,2.405,0.18897,97,799,15645,0.0040,100.0,0,-1.0,5974.29,0.0000,678.63,557.60,0.00,0.0000,678.63,0.00,0.00,1.0000,0,0
117.1,1,Pasillo,0.00,66.83,28.40,28.40,0.0288,30.00,2.383,1.967,2.400,0.676,0.20163,27,149,4331,0.0012,100.0,0,-1.0,800.00,0.0000,0.00,0.00,0.00,0.0000,0.00,0.00,0.00,1.0000,0,0
117.1,2,Dormitorio1,0.00,20.06,20.06,20.06,0.0031,30.00,2.398,2.400,2.400,0.000,0.20792,2,0,398,0.0006,100.0,0,-1.0,3500.00,0.0000,0.00,0.00,0.00,0.0000,0.00,0.00,0.00,1.0000,0,0
117.1,3,Dormitorio2,0.00,20.09,20.09,20.09,0.0030,30.00,2.398,2.400,2.400,0.000,0.20746,4,0,578,0.0006,100.0,0,-1.0,2500.00,0.0000,0.00,0.00,0.00,0.0000,0.00,0.00,0.00,1.0000,0,0
117.1,4,Cocina,0.00,20.04,20.04,20.04,0.0031,30.00,2.399,2.400,2.400,0.000,0.20822,2,0,284,0.0006,100.0,0,-1.0,3500.00,0.0000,0.00,0.00,0.00,0.0000,0.00,0.00,0.00,1.0000,0,0
117.1,5,Bano,0.00,20.08,20.08,20.08,0.0026,30.00,2.398,2.400,2.400,0.000,0.20763,3,0,511,0.0006,100.0,0,-1.0,400.00,0.0000,0.00,0.00,0.00,0.0000,0.00,0.00,0.00,1.0000,0,0
118.1,0,Salon,568.92,203.92,55.70,55.70,0.1354,30.00,2.340,1.684,2.299,2.464,0.18843,99,838,16055,0.0041,100.0,0,-1.0,5973.61,0.0000,691.42,568.92,0.00,0.0000,691.42,0.00,0.00,1.0000,0,0
118.1,1,Pasillo,0.00,67.61,28.81,28.81,0.0291,30.00,2.383,1.966,2.400,0.681,0.20143,28,155,4468,0.0012,100.0,0,-1.0,800.00,0.0000,0.00,0.00,0.00,0.0000,0.00,0.00,0.00,1.0000,0,0
118.1,2,Dormitorio1,0.00,20.06,20.06,20.06,0.0032,30.00,2.398,2.400,2.400,0.000,0.20786,3,0,422,0.0006,100.0,0,-1.0,3500.00,0.0000,0.00,0.00,0.00,0.0000,0.00,0.00,0.00,1.0000,0,0
118.1,3,Dormitorio2,0.00,20.09,20.09,20.09,0.0031,30.00,2.398,2.400,2.400,0.000,0.20738,4,0,613,0.0006,100.0,0,-1.0,2500.00,0.0000,0.00,0.00,0.00,0.0000,0.00,0.00,0.00,1.0000,0,0
118.1,4,Cocina,0.00,20.04,20.04,20.04,0.0033,30.00,2.399,2.400,2.400,0.000,0.20817,2,0,301,0.0006,100.0,0,-1.0,3500.00,0.0000,0.00,0.00,0.00,0.0000,0.00,0.00,0.00,1.0000,0,0
118.1,5,Bano,0.00,20.08,20.08,20.08,0.0027,30.00,2.398,2.400,2.400,0.000,0.20755,3,0,543,0.0006,100.0,0,-1.0,400.00,0.0000,0.00,0.00,0.00,0.0000,0.00,0.00,0.00,1.0000,0,0
119.1,0,Salon,580.38,209.57,56.43,56.43,0.1360,30.00,2.340,1.677,2.276,2.528,0.18789,102,877,16470,0.0042,100.0,0,-1.0,5972.91,0.0000,704.31,580.38,0.00,0.0000,704.31,0.00,0.00,1.0000,0,0
119.1,1,Pasillo,0.00,68.60,29.22,29.22,0.0295,30.00,2.383,1.964,2.400,0.689,0.20121,29,161,4612,0.0013,100.0,0,-1.0,800.00,0.0000,0.00,0.00,0.00,0.0000,0.00,0.00,0.00,1.0000,0,0
119.1,2,Dormitorio1,0.00,20.06,20.06,20.06,0.0034,30.00,2.398,2.400,2.400,0.000,0.20779,3,0,447,0.0006,100.0,0,-1.0,3500.00,0.0000,0.00,0.00,0.00,0.0000,0.00,0.00,0.00,1.0000,0,0
119.1,3,Dormitorio2,0.00,20.10,20.10,20.10,0.0033,30.00,2.397,2.400,2.400,0.000,0.20729,4,0,650,0.0006,100.0,0,-1.0,2500.00,0.0000,0.00,0.00,0.00,0.0000,0.00,0.00,0.00,1.0000,0,0
119.1,4,Cocina,0.00,20.05,20.05,20.05,0.0035,30.00,2.399,2.400,2.400,0.000,0.20813,2,0,319,0.0006,100.0,0,-1.0,3500.00,0.0000,0.00,0.00,0.00,0.0000,0.00,0.00,0.00,1.0000,0,0
119.1,5,Bano,0.00,20.08,20.08,20.08,0.0029,30.00,2.398,2.400,2.400,0.000,0.20747,4,0,575,0.0006,100.0,0,-1.0,400.00,0.0000,0.00,0.00,0.00,0.0000,0.00,0.00,0.00,1.0000,0,0
120.1,0,Salon,591.97,215.06,57.18,57.18,0.1366,30.00,2.340,1.670,2.254,2.595,0.18735,104,917,16888,0.0043,100.0,0,-1.0,5972.20,0.0000,717.31,591.97,0.00,0.0000,717.31,0.00,0.00,1.0000,0,0
120.1,1,Pasillo,0.00,69.79,29.65,29.65,0.0298,30.00,2.383,1.961,2.400,0.698,0.20100,30,167,4765,0.0013,100.0,0,-1.0,800.00,0.0000,0.00,0.00,0.00,0.0000,0.00,0.00,0.00,1.0000,0,0
120.1,2,Dormitorio1,0.00,20.07,20.07,20.07,0.0036,30.00,2.398,2.400,2.400,0.000,0.20773,3,0,474,0.0006,100.0,0,-1.0,3500.00,0.0000,0.00,0.00,0.00,0.0000,0.00,0.00,0.00,1.0000,0,0
120.1,3,Dormitorio2,0.00,20.10,20.10,20.10,0.0034,30.00,2.397,2.400,2.400,0.000,0.20720,4,0,688,0.0007,100.0,0,-1.0,2500.00,0.0000,0.00,0.00,0.00,0.0000,0.00,0.00,0.00,1.0000,0,0
120.1,4,Cocina,0.00,20.05,20.05,20.05,0.0036,30.00,2.399,2.400,2.400,0.000,0.20808,2,0,339,0.0006,100.0,0,-1.0,3500.00,0.0000,0.00,0.00,0.00,0.0000,0.00,0.00,0.00,1.0000,0,0
120.1,5,Bano,0.00,20.09,20.09,20.09,0.0030,30.00,2.398,2.400,2.400,0.000,0.20739,4,0,609,0.0006,100.0,0,-1.0,400.00,0.0000,0.00,0.00,0.00,0.0000,0.00,0.00,0.00,1.0000,0,0
121.1,0,Salon,603.69,220.40,57.93,57.93,0.1374,30.00,2.340,1.663,2.233,2.663,0.18679,107,957,17311,0.0045,100.0,0,-1.0,5971.47,0.0000,730.41,603.69,0.00,0.0000,730.41,0.00,0.00,1.0000,0,0
121.1,1,Pasillo,0.00,71.16,30.08,30.08,0.0302,30.00,2.382,1.958,2.400,0.709,0.20078,31,173,4926,0.0013,100.0,0,-1.0,800.00,0.0000,0.00,0.00,0.00,0.0000,0.00,0.00,0.00,1.0000,0,0
121.1,2,Dormitorio1,0.00,20.07,20.07,20.07,0.0037,30.00,2.398,2.400,2.400,0.000,0.20766,3,0,502,0.0006,100.0,0,-1.0,3500.00,0.0000,0.00,0.00,0.00,0.0000,0.00,0.00,0.00,1.0000,0,0
121.1,3,Dormitorio2,0.00,20.11,20.11,20.11,0.0036,30.00,2.397,2.400,2.400,0.000,0.20710,4,0,727,0.0007,100.0,0,-1.0,2500.00,0.0000,0.00,0.00,0.00,0.0000,0.00,0.00,0.00,1.0000,0,0
121.1,4,Cocina,0.00,20.05,20.05,20.05,0.0038,30.00,2.399,2.400,2.400,0.000,0.20803,2,0,359,0.0006,100.0,0,-1.0,3500.00,0.0000,0.00,0.00,0.00,0.0000,0.00,0.00,0.00,1.0000,0,0
121.1,5,Bano,0.00,20.09,20.09,20.09,0.0032,30.00,2.398,2.400,2.400,0.000,0.20730,4,0,644,0.0007,100.0,0,-1.0,400.00,0.0000,0.00,0.00,0.00,0.0000,0.00,0.00,0.00,1.0000,0,0
122.1,0,Salon,615.54,225.57,58.70,58.70,0.1381,30.00,2.340,1.656,2.213,2.732,0.18623,109,998,17737,0.0046,100.0,0,-1.0,5970.73,0.0000,743.61,615.54,0.00,0.0000,743.61,0.00,0.00,1.0000,0,0
122.1,1,Pasillo,0.00,72.71,30.53,30.53,0.0306,30.00,2.382,1.955,2.400,0.723,0.20055,32,180,5096,0.0014,100.0,0,-1.0,800.00,0.0000,0.00,0.00,0.00,0.0000,0.00,0.00,0.00,1.0000,0,0
122.1,2,Dormitorio1,0.00,20.07,20.07,20.07,0.0039,30.00,2.398,2.400,2.400,0.000,0.20759,3,0,531,0.0006,100.0,0,-1.0,3500.00,0.0000,0.00,0.00,0.00,0.0000,0.00,0.00,0.00,1.0000,0,0
122.1,3,Dormitorio2,0.00,20.11,20.11,20.11,0.0038,30.00,2.397,2.400,2.400,0.000,0.20700,5,0,769,0.0007,100.0,0,-1.0,2500.00,0.0000,0.00,0.00,0.00,0.0000,0.00,0.00,0.00,1.0000,0,0
122.1,4,Cocina,0.00,20.05,20.05,20.05,0.0040,30.00,2.399,2.400,2.400,0.000,0.20797,2,0,380,0.0006,100.0,0,-1.0,3500.00,0.0000,0.00,0.00,0.00,0.0000,0.00,0.00,0.00,1.0000,0,0
122.1,5,Bano,0.00,20.10,20.10,20.10,0.0033,30.00,2.397,2.400,2.400,0.000,0.20721,4,0,681,0.0007,100.0,0,-1.0,400.00,0.0000,0.00,0.00,0.00,0.0000,0.00,0.00,0.00,1.0000,0,0
123.1,0,Salon,627.51,230.56,59.47,59.47,0.1390,30.00,2.339,1.649,2.194,2.802,0.18566,112,1039,18167,0.0048,100.0,0,-1.0,5969.98,0.0000,756.92,627.51,0.00,0.0000,756.92,0.00,0.00,1.0000,0,0
123.1,1,Pasillo,0.00,74.43,31.00,31.00,0.0311,30.00,2.382,1.951,2.400,0.740,0.20033,33,186,5275,0.0014,100.0,0,-1.0,800.00,0.0000,0.00,0.00,0.00,0.0000,0.00,0.00,0.00,1.0000,0,0
123.1,2,Dormitorio1,0.00,20.08,20.08,20.08,0.0041,30.00,2.398,2.400,2.400,0.000,0.20751,3,0,562,0.0007,100.0,0,-1.0,3500.00,0.0000,0.00,0.00,0.00,0.0000,0.00,0.00,0.00,1.0000,0,0
123.1,3,Dormitorio2,0.00,20.11,20.11,20.11,0.0039,30.00,2.397,2.400,2.400,0.000,0.20690,5,0,812,0.0007,100.0,0,-1.0,2500.00,0.0000,0.00,0.00,0.00,0.0000,0.00,0.00,0.00,1.0000,0,0
123.1,4,Cocina,0.00,20.05,20.05,20.05,0.0042,30.00,2.398,2.400,2.400,0.000,0.20792,2,0,402,0.0006,100.0,0,-1.0,3500.00,0.0000,0.00,0.00,0.00,0.0000,0.00,0.00,0.00,1.0000,0,0
123.1,5,Bano,0.00,20.10,20.10,20.10,0.0035,30.00,2.397,2.400,2.400,0.000,0.20712,4,0,720,0.0007,100.0,0,-1.0,400.00,0.0000,0.00,0.00,0.00,0.0000,0.00,0.00,0.00,1.0000,0,0
124.1,0,Salon,639.60,235.38,60.25,60.25,0.1398,30.00,2.339,1.641,2.176,2.873,0.18508,115,1081,18599,0.0049,100.0,0,-1.0,5969.22,0.0000,770.32,639.60,0.00,0.0000,770.32,0.00,0.00,1.0000,0,0
124.1,1,Pasillo,0.00,76.32,31.48,31.48,0.0316,30.00,2.381,1.946,2.400,0.759,0.20011,34,193,5463,0.0015,100.0,0,-1.0,800.00,0.0000,0.00,0.00,0.00,0.0000,0.00,0.00,0.00,1.0000,0,0
124.1,2,Dormitorio1,0.00,20.08,20.08,20.08,0.0043,30.00,2.398,2.400,2.400,0.000,0.20743,4,0,594,0.0007,100.0,0,-1.0,3500.00,0.0000,0.00,0.00,0.00,0.0000,0.00,0.00,0.00,1.0000,0,0
124.1,3,Dormitorio2,0.00,20.12,20.12,20.12,0.0041,30.00,2.397,2.400,2.400,0.000,0.20679,5,0,859,0.0007,100.0,0,-1.0,2500.00,0.0000,0.00,0.00,0.00,0.0000,0.00,0.00,0.00,1.0000,0,0
124.1,4,Cocina,0.00,20.06,20.06,20.06,0.0044,30.00,2.398,2.400,2.400,0.000,0.20786,3,0,425,0.0006,100.0,0,-1.0,3500.00,0.0000,0.00,0.00,0.00,0.0000,0.00,0.00,0.00,1.0000,0,0
124.1,5,Bano,0.00,20.11,20.11,20.11,0.0036,30.00,2.397,2.400,2.400,0.000,0.20702,5,0,761,0.0007,100.0,0,-1.0,400.00,0.0000,0.00,0.00,0.00,0.0000,0.00,0.00,0.00,1.0000,0,0
125.1,0,Salon,651.82,240.02,61.05,61.05,0.1408,30.00,2.338,1.634,2.159,2.943,0.18450,117,1123,19034,0.0051,99.9,0,-1.0,5968.44,0.0000,783.81,651.82,0.00,0.0000,783.81,0.00,0.00,1.0000,0,0
125.1,1,Pasillo,0.00,78.37,31.98,31.98,0.0321,30.00,2.381,1.942,2.400,0.781,0.19989,35,201,5660,0.0015,100.0,0,-1.0,800.00,0.0000,0.00,0.00,0.00,0.0000,0.00,0.00,0.00,1.0000,0,0
125.1,2,Dormitorio1,0.00,20.08,20.08,20.08,0.0045,30.00,2.398,2.400,2.400,0.000,0.20735,4,0,629,0.0007,100.0,0,-1.0,3500.00,0.0000,0.00,0.00,0.00,0.0000,0.00,0.00,0.00,1.0000,0,0
125.1,3,Dormitorio2,0.00,20.13,20.13,20.13,0.0043,30.00,2.397,2.400,2.400,0.000,0.20668,6,0,908,0.0007,100.0,0,-1.0,2500.00,0.0000,0.00,0.00,0.00,0.0000,0.00,0.00,0.00,1.0000,0,0
125.1,4,Cocina,0.00,20.06,20.06,20.06,0.0046,30.00,2.398,2.400,2.400,0.000,0.20780,3,0,450,0.0007,100.0,0,-1.0,3500.00,0.0000,0.00,0.00,0.00,0.0000,0.00,0.00,0.00,1.0000,0,0
125.1,5,Bano,0.00,20.11,20.11,20.11,0.0038,30.00,2.397,2.400,2.400,0.000,0.20692,5,0,805,0.0007,100.0,0,-1.0,400.00,0.0000,0.00,0.00,0.00,0.0000,0.00,0.00,0.00,1.0000,0,0
126.1,0,Salon,664.15,244.43,61.85,61.85,0.1417,30.00,2.338,1.627,2.143,3.012,0.18391,120,1166,19471,0.0052,99.9,0,-1.0,5967.65,0.0000,797.39,664.15,0.00,0.0000,797.39,0.00,0.00,1.0000,0,0
126.1,1,Pasillo,0.00,80.57,32.51,32.51,0.0326,30.00,2.381,1.937,2.400,0.805,0.19967,36,208,5866,0.0015,100.0,0,-1.0,800.00,0.0000,0.00,0.00,0.00,0.0000,0.00,0.00,0.00,1.0000,0,0
126.1,2,Dormitorio1,0.00,20.09,20.09,20.09,0.0047,30.00,2.398,2.400,2.400,0.000,0.20727,4,0,665,0.0007,100.0,0,-1.0,3500.00,0.0000,0.00,0.00,0.00,0.0000,0.00,0.00,0.00,1.0000,0,0
126.1,3,Dormitorio2,0.00,20.13,20.13,20.13,0.0045,30.00,2.397,2.400,2.400,0.000,0.20656,6,0,960,0.0007,100.0,0,-1.0,2500.00,0.0000,0.00,0.00,0.00,0.0000,0.00,0.00,0.00,1.0000,0,0
126.1,4,Cocina,0.00,20.06,20.06,20.06,0.0048,30.00,2.398,2.400,2.400,0.000,0.20774,3,0,477,0.0007,100.0,0,-1.0,3500.00,0.0000,0.00,0.00,0.00,0.0000,0.00,0.00,0.00,1.0000,0,0
126.1,5,Bano,0.00,20.12,20.12,20.12,0.0039,30.00,2.397,2.400,2.400,0.000,0.20682,5,0,852,0.0007,100.0,0,-1.0,400.00,0.0000,0.00,0.00,0.00,0.0000,0.00,0.00,0.00,1.0000,0,0
127.1,0,Salon,676.60,248.51,62.66,62.66,0.1427,30.00,2.338,1.620,2.127,3.081,0.18332,123,1207,19910,0.0054,99.9,0,-1.0,5966.84,0.0000,811.02,676.60,0.00,0.0000,811.02,0.00,0.00,1.0000,0,0
127.1,1,Pasillo,0.00,82.92,33.06,33.06,0.0331,30.00,2.380,1.932,2.400,0.832,0.19946,38,216,6081,0.0016,100.0,0,-1.0,800.00,0.0000,0.00,0.00,0.00,0.0000,0.00,0.00,0.00,1.0000,0,0
127.1,2,Dormitorio1,0.00,20.09,20.09,20.09,0.0049,30.00,2.397,2.400,2.400,0.000,0.20718,4,0,705,0.0007,100.0,0,-1.0,3500.00,0.0000,0.00,0.00,0.00,0.0000,0.00,0.00,0.00,1.0000,0,0
127.1,3,Dormitorio2,0.00,20.14,20.14,20.14,0.0047,30.00,2.396,2.400,2.400,0.000,0.20644,6,0,1016,0.0007,100.0,0,-1.0,2500.00,0.0000,0.00,0.00,0.00,0.0000,0.00,0.00,0.00,1.0000,0,0
127.1,4,Cocina,0.00,20.06,20.06,20.06,0.0050,30.00,2.398,2.400,2.400,0.000,0.20767,3,0,506,0.0007,100.0,0,-1.0,3500.00,0.0000,0.00,0.00,0.00,0.0000,0.00,0.00,0.00,1.0000,0,0
127.1,5,Bano,0.00,20.12,20.12,20.12,0.0041,30.00,2.397,2.400,2.400,0.000,0.20671,6,0,902,0.0007,100.0,0,-1.0,400.00,0.0000,0.00,0.00,0.00,0.0000,0.00,0.00,0.00,1.0000,0,0
128.1,0,Salon,689.15,252.27,63.47,63.47,0.1438,30.00,2.337,1.612,2.113,3.148,0.18272,126,1248,20351,0.0056,99.9,0,-1.0,5966.03,0.0000,824.71,689.15,0.00,0.0000,824.71,0.00,0.00,1.0000,0,0
128.1,1,Pasillo,0.00,85.39,33.64,33.64,0.0337,30.00,2.380,1.927,2.400,0.862,0.19925,39,224,6305,0.0016,100.0,0,-1.0,800.00,0.0000,0.00,0.00,0.00,0.0000,0.00,0.00,0.00,1.0000,0,0
128.1,2,Dormitorio1,0.00,20.10,20.10,20.10,0.0051,30.00,2.397,2.400,2.400,0.000,0.20708,5,0,747,0.0007,100.0,0,-1.0,3500.00,0.0000,0.00,0.00,0.00,0.0000,0.00,0.00,0.00,1.0000,0,0
128.1,3,Dormitorio2,0.00,20.15,20.15,20.15,0.0049,30.00,2.396,2.400,2.400,0.000,0.20631,7,0,1075,0.0007,100.0,0,-1.0,2500.00,0.0000,0.00,0.00,0.00,0.0000,0.00,0.00,0.00,1.0000,0,0
128.1,4,Cocina,0.00,20.07,20.07,20.07,0.0052,30.00,2.398,2.400,2.400,0.000,0.20760,3,0,536,0.0007,100.0,0,-1.0,3500.00,0.0000,0.00,0.00,0.00,0.0000,0.00,0.00,0.00,1.0000,0,0
128.1,5,Bano,0.00,20.13,20.13,20.13,0.0043,30.00,2.397,2.400,2.400,0.000,0.20659,6,0,955,0.0007,100.0,0,-1.0,400.00,0.0000,0.00,0.00,0.00,0.0000,0.00,0.00,0.00,1.0000,0,0
129.1,0,Salon,701.80,255.74,64.29,64.29,0.1448,30.00,2.337,1.605,2.099,3.214,0.18211,128,1288,20792,0.0059,99.9,0,-1.0,5965.19,0.0000,838.46,701.80,0.00,0.0000,838.46,0.00,0.00,1.0000,0,0
129.1,1,Pasillo,0.00,87.99,34.25,34.25,0.0343,30.00,2.379,1.922,2.400,0.894,0.19905,41,233,6537,0.0017,100.0,0,-1.0,800.00,0.0000,0.00,0.00,0.00,0.0000,0.00,0.00,0.00,1.0000,0,0
129.1,2,Dormitorio1,0.00,20.10,20.10,20.10,0.0053,30.00,2.397,2.400,2.400,0.000,0.20698,5,0,792,0.0007,100.0,0,-1.0,3500.00,0.0000,0.00,0.00,0.00,0.0000,0.00,0.00,0.00,1.0000,0,0
129.1,3,Dormitorio2,0.00,20.15,20.15,20.15,0.0051,30.00,2.396,2.400,2.400,0.000,0.20618,7,0,1139,0.0007,100.0,0,-1.0,2500.00,0.0000,0.00,0.00,0.00,0.0000,0.00,0.00,0.00,1.0000,0,0
129.1,4,Cocina,0.00,20.07,20.07,20.07,0.0055,30.00,2.398,2.400,2.400,0.000,0.20752,4,0,569,0.0007,100.0,0,-1.0,3500.00,0.0000,0.00,0.00,0.00,0.0000,0.00,0.00,0.00,1.0000,0,0
129.1,5,Bano,0.00,20.13,20.13,20.13,0.0045,30.00,2.397,2.400,2.400,0.000,0.20647,6,0,1012,0.0007,100.0,0,-1.0,400.00,0.0000,0.00,0.00,0.00,0.0000,0.00,0.00,0.00,1.0000,0,0
130.1,0,Salon,714.56,258.96,65.11,65.11,0.1460,30.00,2.337,1.598,2.087,3.279,0.18150,131,1327,21234,0.0061,99.9,0,-1.0,5964.35,0.0000,852.27,714.56,0.00,0.0000,852.27,0.00,0.00,1.0000,0,0
130.1,1,Pasillo,0.00,90.71,34.88,34.88,0.0349,30.00,2.379,1.916,2.400,0.929,0.19885,42,242,6778,0.0017,100.0,0,-1.0,800.00,0.0000,0.00,0.00,0.00,0.0000,0.00,0.00,0.00,1.0000,0,0
130.1,2,Dormitorio1,0.00,20.11,20.11,20.11,0.0056,30.00,2.397,2.400,2.400,0.000,0.20688,5,0,840,0.0007,100.0,0,-1.0,3500.00,0.0000,0.00,0.00,0.00,0.0000,0.00,0.00,0.00,1.0000,0,0
130.1,3,Dormitorio2,0.00,20.16,20.16,20.16,0.0053,30.00,2.396,2.400,2.400,0.000,0.20604,7,0,1208,0.0008,100.0,0,-1.0,2500.00,0.0000,0.00,0.00,0.00,0.0000,0.00,0.00,0.00,1.0000,0,0
130.1,4,Cocina,0.00,20.08,20.08,20.08,0.0057,30.00,2.398,2.400,2.400,0.000,0.20745,4,0,604,0.0007,100.0,0,-1.0,3500.00,0.0000,0.00,0.00,0.00,0.0000,0.00,0.00,0.00,1.0000,0,0
130.1,5,Bano,0.00,20.14,20.14,20.14,0.0047,30.00,2.396,2.400,2.400,0.000,0.20634,7,0,1073,0.0007,100.0,0,-1.0,400.00,0.0000,0.00,0.00,0.00,0.0000,0.00,0.00,0.00,1.0000,0,0
131.1,0,Salon,727.41,261.95,65.95,65.95,0.1471,30.00,2.336,1.591,2.075,3.342,0.18089,134,1366,21677,0.0064,99.9,0,-1.0,5963.49,0.0000,866.15,727.41,0.00,0.0000,866.15,0.00,0.00,1.0000,0,0
131.1,1,Pasillo,0.00,93.54,35.55,35.55,0.0355,30.00,2.378,1.911,2.400,0.966,0.19866,44,251,7028,0.0018,100.0,0,-1.0,800.00,0.0000,0.00,0.00,0.00,0.0000,0.00,0.00,0.00,1.0000,0,0
131.1,2,Dormitorio1,0.00,20.11,20.11,20.11,0.0058,30.00,2.397,2.400,2.400,0.000,0.20677,6,0,893,0.0007,100.0,0,-1.0,3500.00,0.0000,0.00,0.00,0.00,0.0000,0.00,0.00,0.00,1.0000,0,0
131.1,3,Dormitorio2,0.00,20.17,20.17,20.17,0.0055,30.00,2.396,2.400,2.400,0.000,0.20589,8,0,1281,0.0008,100.0,0,-1.0,2500.00,0.0000,0.00,0.00,0.00,0.0000,0.00,0.00,0.00,1.0000,0,0
131.1,4,Cocina,0.00,20.08,20.08,20.08,0.0060,30.00,2.398,2.400,2.400,0.000,0.20736,4,0,642,0.0007,100.0,0,-1.0,3500.00,0.0000,0.00,0.00,0.00,0.0000,0.00,0.00,0.00,1.0000,0,0
131.1,5,Bano,0.00,20.15,20.15,20.15,0.0049,30.00,2.396,2.400,2.400,0.000,0.20621,7,0,1139,0.0008,100.0,0,-1.0,400.00,0.0000,0.00,0.00,0.00,0.0000,0.00,0.00,0.00,1.0000,0,0
132.1,0,Salon,740.36,264.75,66.78,66.78,0.1483,30.00,2.336,1.584,2.064,3.404,0.18026,136,1404,22119,0.0067,99.9,0,-1.0,5962.61,0.0000,880.11,740.36,0.00,0.0000,880.11,0.00,0.00,1.0000,0,0
132.1,1,Pasillo,0.00,96.47,36.25,36.25,0.0362,30.00,2.378,1.906,2.400,1.005,0.19848,45,260,7286,0.0018,100.0,0,-1.0,800.00,0.0000,0.00,0.00,0.00,0.0000,0.00,0.00,0.00,1.0000,0,0
132.1,2,Dormitorio1,0.00,20.12,20.12,20.12,0.0061,30.00,2.397,2.400,2.400,0.000,0.20665,6,0,949,0.0007,100.0,0,-1.0,3500.00,0.0000,0.00,0.00,0.00,0.0000,0.00,0.00,0.00,1.0000,0,0
132.1,3,Dormitorio2,0.00,20.18,20.18,20.18,0.0058,30.00,2.396,2.400,2.400,0.000,0.20574,8,0,1360,0.0008,100.0,0,-1.0,2500.00,0.0000,0.00,0.00,0.00,0.0000,0.00,0.00,0.00,1.0000,0,0
132.1,4,Cocina,0.00,20.09,20.09,20.09,0.0063,30.00,2.398,2.400,2.400,0.000,0.20728,4,0,683,0.0007,100.0,0,-1.0,3500.00,0.0000,0.00,0.00,0.00,0.0000,0.00,0.00,0.00,1.0000,0,0
132.1,5,Bano,0.00,20.16,20.16,20.16,0.0051,30.00,2.396,2.400,2.400,0.000,0.20607,7,0,1210,0.0008,100.0,0,-1.0,400.00,0.0000,0.00,0.00,0.00,0.0000,0.00,0.00,0.00,1.0000,0,0
133.1,0,Salon,753.40,267.38,67.62,67.62,0.1495,30.00,2.335,1.577,2.054,3.464,0.17964,139,1442,22561,0.0069,99.9,0,-1.0,5961.73,0.0000,894.15,753.40,0.00,0.0000,894.15,0.00,0.00,1.0000,0,0
133.1,1,Pasillo,0.00,99.50,36.98,36.98,0.0368,30.00,2.377,1.901,2.400,1.046,0.19830,47,270,7552,0.0019,100.0,0,-1.0,800.00,0.0000,0.00,0.00,0.00,0.0000,0.00,0.00,0.00,1.0000,0,0
133.1,2,Dormitorio1,0.00,20.13,20.13,20.13,0.0064,30.00,2.397,2.400,2.400,0.000,0.20653,6,0,1009,0.0008,100.0,0,-1.0,3500.00,0.0000,0.00,0.00,0.00,0.0000,0.00,0.00,0.00,1.0000,0,0
133.1,3,Dormitorio2,0.00,20.19,20.19,20.19,0.0060,30.00,2.395,2.400,2.400,0.000,0.20558,9,0,1445,0.0008,100.0,0,-1.0,2500.00,0.0000,0.00,0.00,0.00,0.0000,0.00,0.00,0.00,1.0000,0,0
133.1,4,Cocina,0.00,20.09,20.09,20.09,0.0066,30.00,2.398,2.400,2.400,0.000,0.20719,4,0,727,0.0007,100.0,0,-1.0,3500.00,0.0000,0.00,0.00,0.00,0.0000,0.00,0.00,0.00,1.0000,0,0
133.1,5,Bano,0.00,20.17,20.17,20.17,0.0054,30.00,2.396,2.400,2.400,0.000,0.20592,8,0,1286,0.0008,100.0,0,-1.0,400.00,0.0000,0.00,0.00,0.00,0.0000,0.00,0.00,0.00,1.0000,0,0
134.1,0,Salon,766.53,269.86,68.46,68.46,0.1507,30.00,2.335,1.569,2.045,3.523,0.17901,142,1479,23002,0.0072,99.9,0,-1.0,5960.83,0.0000,908.27,766.53,0.00,0.0000,908.27,0.00,0.00,1.0000,0,0
134.1,1,Pasillo,0.00,102.63,37.75,37.75,0.0375,30.00,2.376,1.896,2.400,1.089,0.19813,48,281,7825,0.0019,100.0,0,-1.0,800.00,0.0000,0.00,0.00,0.00,0.0000,0.00,0.00,0.00,1.0000,0,0
134.1,2,Dormitorio1,0.00,20.14,20.14,20.14,0.0067,30.00,2.397,2.400,2.400,0.000,0.20641,7,0,1074,0.0008,100.0,0,-1.0,3500.00,0.0000,0.00,0.00,0.00,0.0000,0.00,0.00,0.00,1.0000,0,0
134.1,3,Dormitorio2,0.00,20.21,20.21,20.21,0.0063,30.00,2.395,2.400,2.400,0.000,0.20542,9,0,1535,0.0008,100.0,0,-1.0,2500.00,0.0000,0.00,0.00,0.00,0.0000,0.00,0.00,0.00,1.0000,0,0
134.1,4,Cocina,0.00,20.10,20.10,20.10,0.0069,30.00,2.398,2.400,2.400,0.000,0.20709,5,0,774,0.0007,100.0,0,-1.0,3500.00,0.0000,0.00,0.00,0.00,0.0000,0.00,0.00,0.00,1.0000,0,0
134.1,5,Bano,0.00,20.18,20.18,20.18,0.0056,30.00,2.396,2.400,2.400,0.000,0.20577,8,0,1367,0.0008,100.0,0,-1.0,400.00,0.0000,0.00,0.00,0.00,0.0000,0.00,0.00,0.00,1.0000,0,0
135.1,0,Salon,779.76,272.22,69.31,69.31,0.1520,30.00,2.334,1.562,2.036,3.580,0.17837,144,1515,23441,0.0075,99.9,0,-1.0,5959.91,0.0000,922.48,779.76,0.00,0.0000,922.48,0.00,0.00,1.0000,0,0
135.1,1,Pasillo,0.00,105.87,38.55,38.55,0.0383,30.00,2.376,1.891,2.400,1.133,0.19796,50,292,8107,0.0020,100.0,0,-1.0,800.00,0.0000,0.00,0.00,0.00,0.0000,0.00,0.00,0.00,1.0000,0,0
135.1,2,Dormitorio1,0.00,20.15,20.15,20.15,0.0070,30.00,2.396,2.400,2.400,0.000,0.20628,7,0,1143,0.0008,100.0,0,-1.0,3500.00,0.0000,0.00,0.00,0.00,0.0000,0.00,0.00,0.00,1.0000,0,0
135.1,3,Dormitorio2,0.00,20.22,20.22,20.22,0.0066,30.00,2.395,2.400,2.400,0.000,0.20525,10,0,1633,0.0008,100.0,0,-1.0,2500.00,0.0000,0.00,0.00,0.00,0.0000,0.00,0.00,0.00,1.0000,0,0
135.1,4,Cocina,0.00,20.10,20.10,20.10,0.0072,30.00,2.397,2.400,2.400,0.000,0.20699,5,0,825,0.0007,100.0,0,-1.0,3500.00,0.0000,0.00,0.00,0.00,0.0000,0.00,0.00,0.00,1.0000,0,0
135.1,5,Bano,0.00,20.19,20.19,20.19,0.0059,30.00,2.395,2.400,2.400,0.000,0.20561,9,0,1455,0.0008,100.0,0,-1.0,400.00,0.0000,0.00,0.00,0.00,0.0000,0.00,0.00,0.00,1.0000,0,0
136.1,0,Salon,793.07,274.47,70.17,70.17,0.1533,30.00,2.334,1.555,2.027,3.637,0.17773,147,1552,23878,0.0078,99.9,0,-1.0,5958.98,0.0000,936.77,793.07,0.00,0.0000,936.77,0.00,0.00,1.0000,0,0
136.1,1,Pasillo,0.00,109.19,39.38,39.38,0.0390,30.00,2.375,1.887,2.400,1.179,0.19779,52,303,8396,0.0021,100.0,0,-1.0,800.00,0.0000,0.00,0.00,0.00,0.0000,0.00,0.00,0.00,1.0000,0,0
136.1,2,Dormitorio1,0.00,20.16,20.16,20.16,0.0073,30.00,2.396,2.400,2.400,0.000,0.20614,8,0,1218,0.0008,100.0,0,-1.0,3500.00,0.0000,0.00,0.00,0.00,0.0000,0.00,0.00,0.00,1.0000,0,0
136.1,3,Dormitorio2,0.00,20.23,20.23,20.23,0.0069,30.00,2.395,2.400,2.400,0.000,0.20507,11,0,1738,0.0008,100.0,0,-1.0,2500.00,0.0000,0.00,0.00,0.00,0.0000,0.00,0.00,0.00,1.0000,0,0
136.1,4,Cocina,0.00,20.11,20.11,20.11,0.0076,30.00,2.397,2.400,2.400,0.000,0.20689,5,0,880,0.0008,100.0,0,-1.0,3500.00,0.0000,0.00,0.00,0.00,0.0000,0.00,0.00,0.00,1.0000,0,0
136.1,5,Bano,0.00,20.20,20.20,20.20,0.0062,30.00,2.395,2.400,2.400,0.000,0.20545,10,0,1549,0.0008,100.0,0,-1.0,400.00,0.0000,0.00,0.00,0.00,0.0000,0.00,0.00,0.00,1.0000,0,0
137.1,0,Salon,806.48,276.64,71.02,71.02,0.1546,30.00,2.333,1.548,2.019,3.693,0.17709,150,1587,24315,0.0082,99.9,0,-1.0,5958.03,0.0000,951.17,806.48,0.00,0.0000,951.17,0.00,0.00,1.0000,0,0
137.1,1,Pasillo,0.00,112.57,40.25,40.25,0.0397,30.00,2.375,1.883,2.400,1.226,0.19762,54,315,8690,0.0021,100.0,0,-1.0,800.00,0.0000,0.00,0.00,0.00,0.0000,0.00,0.00,0.00,1.0000,0,0
137.1,2,Dormitorio1,0.00,20.17,20.17,20.17,0.0077,30.00,2.396,2.400,2.400,0.000,0.20600,8,0,1299,0.0008,100.0,0,-1.0,3500.00,0.0000,0.00,0.00,0.00,0.0000,0.00,0.00,0.00,1.0000,0,0
137.1,3,Dormitorio2,0.00,20.25,20.25,20.25,0.0072,30.00,2.394,2.400,2.400,0.000,0.20488,11,0,1850,0.0009,100.0,0,-1.0,2500.00,0.0000,0.00,0.00,0.00,0.0000,0.00,0.00,0.00,1.0000,0,0
137.1,4,Cocina,0.00,20.12,20.12,20.12,0.0080,30.00,2.397,2.400,2.400,0.000,0.20678,6,0,938,0.0008,100.0,0,-1.0,3500.00,0.0000,0.00,0.00,0.00,0.0000,0.00,0.00,0.00,1.0000,0,0
137.1,5,Bano,0.00,20.22,20.22,20.22,0.0065,30.00,2.395,2.400,2.400,0.000,0.20528,10,0,1649,0.0008,100.0,0,-1.0,400.00,0.0000,0.00,0.00,0.00,0.0000,0.00,0.00,0.00,1.0000,0,0
138.1,0,Salon,819.98,278.78,71.88,71.88,0.1560,30.00,2.332,1.541,2.012,3.748,0.17644,152,1622,24753,0.0085,99.9,0,-1.0,5957.08,0.0000,965.67,819.98,0.00,0.0000,965.67,0.00,0.00,1.0000,0,0
138.1,1,Pasillo,0.00,115.88,41.15,41.15,0.0405,30.00,2.374,1.879,2.400,1.274,0.19744,56,327,8984,0.0022,100.0,0,-1.0,800.00,0.0000,0.00,0.00,0.00,0.0000,0.00,0.00,0.00,1.0000,0,0
138.1,2,Dormitorio1,0.00,20.18,20.18,20.18,0.0081,30.00,2.396,2.400,2.400,0.000,0.20585,9,0,1385,0.0008,100.0,0,-1.0,3500.00,0.0000,0.00,0.00,0.00,0.0000,0.00,0.00,0.00,1.0000,0,0
138.1,3,Dormitorio2,0.00,20.26,20.26,20.26,0.0076,30.00,2.394,2.400,2.400,0.000,0.20469,12,0,1969,0.0009,100.0,0,-1.0,2500.00,0.0000,0.00,0.00,0.00,0.0000,0.00,0.00,0.00,1.0000,0,0
138.1,4,Cocina,0.00,20.12,20.12,20.12,0.0084,30.00,2.397,2.400,2.400,0.000,0.20666,6,0,1001,0.0008,100.0,0,-1.0,3500.00,0.0000,0.00,0.00,0.00,0.0000,0.00,0.00,0.00,1.0000,0,0
138.1,5,Bano,0.00,20.23,20.23,20.23,0.0068,30.00,2.395,2.400,2.400,0.000,0.20510,11,0,1757,0.0009,100.0,0,-1.0,400.00,0.0000,0.00,0.00,0.00,0.0000,0.00,0.00,0.00,1.0000,0,0
139.1,0,Salon,833.57,280.91,72.75,72.75,0.1575,30.00,2.332,1.534,2.005,3.802,0.17579,155,1656,25193,0.0088,99.9,0,-1.0,5956.10,0.0000,980.29,833.57,0.00,0.0000,980.29,0.00,0.00,1.0000,0,0
139.1,1,Pasillo,0.00,119.15,42.08,42.08,0.0412,30.00,2.373,1.876,2.400,1.322,0.19727,57,339,9276,0.0022,100.0,0,-1.0,800.00,0.0000,0.00,0.00,0.00,0.0000,0.00,0.00,0.00,1.0000,0,0
139.1,2,Dormitorio1,0.00,20.19,20.19,20.19,0.0084,30.00,2.396,2.400,2.400,0.000,0.20569,9,0,1476,0.0008,100.0,0,-1.0,3500.00,0.0000,0.00,0.00,0.00,0.0000,0.00,0.00,0.00,1.0000,0,0
139.1,3,Dormitorio2,0.00,20.28,20.28,20.28,0.0079,30.00,2.394,2.400,2.400,0.000,0.20449,13,0,2096,0.0009,100.0,0,-1.0,2500.00,0.0000,0.00,0.00,0.00,0.0000,0.00,0.00,0.00,1.0000,0,0
139.1,4,Cocina,0.00,20.13,20.13,20.13,0.0088,30.00,2.397,2.400,2.400,0.000,0.20654,7,0,1069,0.0008,100.0,0,-1.0,3500.00,0.0000,0.00,0.00,0.00,0.0000,0.00,0.00,0.00,1.0000,0,0
139.1,5,Bano,0.00,20.25,20.25,20.25,0.0071,30.00,2.395,2.400,2.400,0.000,0.20492,12,0,1872,0.0009,100.0,0,-1.0,400.00,0.0000,0.00,0.00,0.00,0.0000,0.00,0.00,0.00,1.0000,0,0
140.1,0,Salon,847.26,283.02,73.62,73.62,0.1590,30.00,2.331,1.527,1.998,3.856,0.17514,158,1689,25635,0.0092,99.9,0,-1.0,5955.11,0.0000,995.02,847.26,0.00,0.0000,995.02,0.00,0.00,1.0000,0,0
140.1,1,Pasillo,0.00,122.38,43.05,43.05,0.0419,30.00,2.373,1.873,2.400,1.370,0.19710,59,352,9567,0.0023,100.0,0,-1.0,800.00,0.0000,0.00,0.00,0.00,0.0000,0.00,0.00,0.00,1.0000,0,0
140.1,2,Dormitorio1,0.00,30.13,20.20,20.20,0.0089,30.00,2.395,2.400,2.400,0.000,0.20553,10,15,1574,0.0008,100.0,0,-1.0,3500.00,0.0000,0.00,0.00,0.00,0.0000,0.00,0.00,0.00,1.0000,0,0
140.1,3,Dormitorio2,0.00,30.12,20.30,20.30,0.0083,30.00,2.394,2.400,2.400,0.000,0.20429,14,13,2231,0.0009,100.0,0,-1.0,2500.00,0.0000,0.00,0.00,0.00,0.0000,0.00,0.00,0.00,1.0000,0,0
140.1,4,Cocina,0.00,30.14,20.14,20.14,0.0092,30.00,2.397,2.400,2.400,0.000,0.20642,7,15,1141,0.0008,100.0,0,-1.0,3500.00,0.0000,0.00,0.00,0.00,0.0000,0.00,0.00,0.00,1.0000,0,0
140.1,5,Bano,0.00,20.26,20.26,20.26,0.0074,30.00,2.394,2.400,2.400,0.000,0.20473,12,0,1993,0.0009,100.0,0,-1.0,400.00,0.0000,0.00,0.00,0.00,0.0000,0.00,0.00,0.00,1.0000,0,0
141.1,0,Salon,861.05,285.13,74.50,74.50,0.1605,30.00,2.330,1.520,1.992,3.910,0.17448,161,1722,26078,0.0095,99.9,0,-1.0,5954.11,0.0000,1009.87,861.05,0.00,0.0000,1009.87,0.00,0.00,1.0000,0,0
141.1,1,Pasillo,0.00,125.60,44.03,44.03,0.0426,30.00,2.372,1.871,2.400,1.417,0.19692,61,365,9857,0.0024,100.0,0,-1.0,800.00,0.0000,0.00,0.00,0.00,0.0000,0.00,0.00,0.00,1.0000,0,0
141.1,2,Dormitorio1,0.00,30.77,20.21,20.21,0.0093,30.00,2.395,2.400,2.400,0.000,0.20537,10,15,1677,0.0009,100.0,0,-1.0,3500.00,0.0000,0.00,0.00,0.00,0.0000,0.00,0.00,0.00,1.0000,0,0
141.1,3,Dormitorio2,0.00,30.76,20.32,20.32,0.0087,30.00,2.393,2.400,2.400,0.000,0.20407,15,14,2374,0.0009,100.0,0,-1.0,2500.00,0.0000,0.00,0.00,0.00,0.0000,0.00,0.00,0.00,1.0000,0,0
141.1,4,Cocina,0.00,30.78,20.15,20.15,0.0097,30.00,2.397,2.400,2.400,0.000,0.20629,8,16,1217,0.0008,100.0,0,-1.0,3500.00,0.0000,0.00,0.00,0.00,0.0000,0.00,0.00,0.00,1.0000,0,0
141.1,5,Bano,0.00,20.28,20.28,20.28,0.0078,30.00,2.394,2.400,2.400,0.000,0.20453,13,0,2122,0.0009,100.0,0,-1.0,400.00,0.0000,0.00,0.00,0.00,0.0000,0.00,0.00,0.00,1.0000,0,0
142.1,0,Salon,874.94,287.22,75.39,75.39,0.1622,30.00,2.329,1.513,1.986,3.964,0.17382,163,1754,26522,0.0099,99.9,0,-1.0,5953.09,0.0000,1024.83,874.94,0.00,0.0000,1024.83,0.00,0.00,1.0000,0,0
142.1,1,Pasillo,0.00,128.80,45.04,45.04,0.0433,30.00,2.371,1.869,2.400,1.464,0.19674,63,378,10147,0.0024,100.0,0,-1.0,800.00,0.0000,0.00,0.00,0.00,0.0000,0.00,0.00,0.00,1.0000,0,0
142.1,2,Dormitorio1,0.00,31.41,20.23,20.23,0.0097,30.00,2.395,2.400,2.400,0.000,0.20520,11,16,1787,0.0009,100.0,0,-1.0,3500.00,0.0000,0.00,0.00,0.00,0.0000,0.00,0.00,0.00,1.0000,0,0
142.1,3,Dormitorio2,0.00,31.40,20.34,20.34,0.0091,30.00,2.393,2.400,2.400,0.000,0.20386,16,15,2525,0.0010,100.0,0,-1.0,2500.00,0.0000,0.00,0.00,0.00,0.0000,0.00,0.00,0.00,1.0000,0,0
142.1,4,Cocina,0.00,31.42,20.16,20.16,0.0102,30.00,2.396,2.400,2.400,0.000,0.20616,8,17,1298,0.0008,100.0,0,-1.0,3500.00,0.0000,0.00,0.00,0.00,0.0000,0.00,0.00,0.00,1.0000,0,0
142.1,5,Bano,0.00,20.30,20.30,20.30,0.0081,30.00,2.394,2.400,2.400,0.000,0.20433,14,0,2258,0.0009,100.0,0,-1.0,400.00,0.0000,0.00,0.00,0.00,0.0000,0.00,0.00,0.00,1.0000,0,0
143.1,0,Salon,888.92,289.32,76.29,76.29,0.1638,30.00,2.328,1.506,1.980,4.017,0.17315,166,1786,26969,0.0103,99.9,0,-1.0,5952.06,0.0000,1039.92,888.92,0.00,0.0000,1039.92,0.00,0.00,1.0000,0,0
143.1,1,Pasillo,0.00,131.99,46.08,46.08,0.0440,30.00,2.371,1.867,2.400,1.510,0.19656,64,392,10436,0.0025,100.0,0,-1.0,800.00,0.0000,0.00,0.00,0.00,0.0000,0.00,0.00,0.00,1.0000,0,0
143.1,2,Dormitorio1,0.00,31.97,20.24,20.24,0.0102,30.00,2.395,2.400,2.400,0.000,0.20502,12,17,1902,0.0009,100.0,0,-1.0,3500.00,0.0000,0.00,0.00,0.00,0.0000,0.00,0.00,0.00,1.0000,0,0
143.1,3,Dormitorio2,0.00,31.96,20.36,20.36,0.0095,30.00,2.393,2.400,2.400,0.000,0.20364,17,16,2683,0.0010,100.0,0,-1.0,2500.00,0.0000,0.00,0.00,0.00,0.0000,0.00,0.00,0.00,1.0000,0,0
143.1,4,Cocina,0.00,31.99,20.17,20.17,0.0106,30.00,2.396,2.400,2.400,0.000,0.20602,9,18,1383,0.0008,100.0,0,-1.0,3500.00,0.0000,0.00,0.00,0.00,0.0000,0.00,0.00,0.00,1.0000,0,0
143.1,5,Bano,0.00,30.45,20.31,20.31,0.0085,30.00,2.393,2.400,2.400,0.000,0.20412,15,14,2401,0.0009,100.0,0,-1.0,400.00,0.0000,0.00,0.00,0.00,0.0000,0.00,0.00,0.00,1.0000,0,0
144.1,0,Salon,903.02,291.41,77.19,77.19,0.1656,30.00,2.327,1.498,1.975,4.071,0.17248,169,1817,27416,0.0107,99.9,0,-1.0,5951.01,0.0000,1055.11,903.02,0.00,0.0000,1055.11,0.00,0.00,1.0000,0,0
144.1,1,Pasillo,0.00,135.18,47.13,47.13,0.0448,30.00,2.370,1.866,2.400,1.554,0.19636,66,405,10735,0.0026,100.0,0,-1.0,800.00,0.0000,0.00,0.00,0.00,0.0000,0.00,0.00,0.00,1.0000,0,0
144.1,2,Dormitorio1,0.00,32.26,20.25,20.25,0.0107,30.00,2.394,2.400,2.400,0.000,0.20484,12,18,2021,0.0009,100.0,0,-1.0,3500.00,0.0000,0.00,0.00,0.00,0.0000,0.00,0.00,0.00,1.0000,0,0
144.1,3,Dormitorio2,0.00,32.25,20.38,20.38,0.0099,30.00,2.392,2.400,2.400,0.000,0.20341,18,16,2845,0.0010,100.0,0,-1.0,2500.00,0.0000,0.00,0.00,0.00,0.0000,0.00,0.00,0.00,1.0000,0,0
144.1,4,Cocina,0.00,32.27,20.18,20.18,0.0112,30.00,2.396,2.400,2.400,0.000,0.20588,9,19,1471,0.0009,100.0,0,-1.0,3500.00,0.0000,0.00,0.00,0.00,0.0000,0.00,0.00,0.00,1.0000,0,0
144.1,5,Bano,0.00,30.70,20.33,20.33,0.0089,30.00,2.393,2.400,2.400,0.000,0.20391,16,14,2548,0.0010,100.0,0,-1.0,400.00,0.0000,0.00,0.00,0.00,0.0000,0.00,0.00,0.00,1.0000,0,0
145.1,0,Salon,917.21,293.50,78.11,78.11,0.1674,30.00,2.326,1.491,1.969,4.125,0.17180,172,1847,27865,0.0111,99.9,0,-1.0,5949.95,0.0000,1070.43,917.21,0.00,0.0000,1070.43,0.00,0.00,1.0000,0,0
145.1,1,Pasillo,0.00,138.36,48.21,48.21,0.0456,30.00,2.369,1.863,2.400,1.599,0.19614,68,419,11046,0.0026,100.0,0,-1.0,800.00,0.0000,0.00,0.00,0.00,0.0000,0.00,0.00,0.00,1.0000,0,0
145.1,2,Dormitorio1,0.00,32.55,20.27,20.27,0.0111,30.00,2.394,2.400,2.400,0.000,0.20466,13,18,2142,0.0009,100.0,0,-1.0,3500.00,0.0000,0.00,0.00,0.00,0.0000,0.00,0.00,0.00,1.0000,0,0
145.1,3,Dormitorio2,0.00,32.54,20.40,20.40,0.0103,30.00,2.392,2.400,2.400,0.000,0.20319,19,16,3011,0.0010,100.0,0,-1.0,2500.00,0.0000,0.00,0.00,0.00,0.0000,0.00,0.00,0.00,1.0000,0,0
145.1,4,Cocina,0.00,32.57,20.19,20.19,0.0117,30.00,2.396,2.400,2.400,0.000,0.20574,10,19,1561,0.0009,100.0,0,-1.0,3500.00,0.0000,0.00,0.00,0.00,0.0000,0.00,0.00,0.00,1.0000,0,0
145.1,5,Bano,0.00,30.96,20.35,20.35,0.0093,30.00,2.393,2.400,2.400,0.000,0.20371,17,15,2698,0.0010,100.0,0,-1.0,400.00,0.0000,0.00,0.00,0.00,0.0000,0.00,0.00,0.00,1.0000,0,0
146.1,0,Salon,931.51,295.59,79.03,79.03,0.1693,30.00,2.325,1.484,1.964,4.180,0.17112,174,1878,28316,0.0115,99.9,0,-1.0,5948.87,0.0000,1085.87,931.51,0.00,0.0000,1085.87,0.00,0.00,1.0000,0,0
146.1,1,Pasillo,0.00,141.51,49.31,49.31,0.0464,30.00,2.368,1.861,2.400,1.643,0.19589,70,433,11369,0.0027,100.0,0,-1.0,800.00,0.0000,0.00,0.00,0.00,0.0000,0.00,0.00,0.00,1.0000,0,0
146.1,2,Dormitorio1,0.00,32.86,20.28,20.28,0.0116,30.00,2.394,2.400,2.400,0.000,0.20448,14,18,2267,0.0009,100.0,0,-1.0,3500.00,0.0000,0.00,0.00,0.00,0.0000,0.00,0.00,0.00,1.0000,0,0
146.1,3,Dormitorio2,0.00,32.84,20.42,20.42,0.0108,30.00,2.392,2.400,2.400,0.000,0.20297,20,17,3180,0.0011,100.0,0,-1.0,2500.00,0.0000,0.00,0.00,0.00,0.0000,0.00,0.00,0.00,1.0000,0,0
146.1,4,Cocina,0.00,32.87,20.20,20.20,0.0122,30.00,2.396,2.400,2.400,0.000,0.20559,10,20,1654,0.0009,100.0,0,-1.0,3500.00,0.0000,0.00,0.00,0.00,0.0000,0.00,0.00,0.00,1.0000,0,0
146.1,5,Bano,0.00,31.23,20.37,20.37,0.0097,30.00,2.392,2.400,2.400,0.000,0.20350,18,15,2852,0.0010,100.0,0,-1.0,400.00,0.0000,0.00,0.00,0.00,0.0000,0.00,0.00,0.00,1.0000,0,0
147.1,0,Salon,945.91,297.68,79.96,79.96,0.1712,30.00,2.324,1.477,1.959,4.234,0.17043,177,1907,28767,0.0119,99.9,0,-1.0,5947.78,0.0000,1101.42,945.91,0.00,0.0000,1101.42,0.00,0.00,1.0000,0,0
147.1,1,Pasillo,0.00,144.64,50.44,50.44,0.0473,30.00,2.368,1.858,2.400,1.687,0.19563,72,447,11704,0.0028,100.0,0,-1.0,800.00,0.0000,0.00,0.00,0.00,0.0000,0.00,0.00,0.00,1.0000,0,0
147.1,2,Dormitorio1,0.00,33.17,20.30,20.30,0.0121,30.00,2.394,2.400,2.400,0.000,0.20430,15,19,2394,0.0010,100.0,0,-1.0,3500.00,0.0000,0.00,0.00,0.00,0.0000,0.00,0.00,0.00,1.0000,0,0
147.1,3,Dormitorio2,0.00,33.15,20.45,20.45,0.0112,30.00,2.391,2.400,2.400,0.000,0.20275,21,17,3352,0.0011,100.0,0,-1.0,2500.00,0.0000,0.00,0.00,0.00,0.0000,0.00,0.00,0.00,1.0000,0,0
147.1,4,Cocina,0.00,33.18,20.21,20.21,0.0127,30.00,2.395,2.400,2.400,0.000,0.20545,11,20,1749,0.0009,100.0,0,-1.0,3500.00,0.0000,0.00,0.00,0.00,0.0000,0.00,0.00,0.00,1.0000,0,0
147.1,5,Bano,0.00,31.50,20.39,20.39,0.0101,30.00,2.392,2.400,2.400,0.000,0.20329,19,15,3009,0.0010,100.0,0,-1.0,400.00,0.0000,0.00,0.00,0.00,0.0000,0.00,0.00,0.00,1.0000,0,0
148.1,0,Salon,960.43,299.78,80.91,80.91,0.1732,30.00,2.323,1.470,1.954,4.289,0.16973,180,1937,29220,0.0123,99.9,0,-1.0,5946.67,0.0000,1117.10,960.43,0.00,0.0000,1117.10,0.00,0.00,1.0000,0,0
148.1,1,Pasillo,0.00,147.74,51.59,51.59,0.0482,30.00,2.367,1.854,2.400,1.731,0.19535,74,461,12050,0.0029,100.0,0,-1.0,800.00,0.0000,0.00,0.00,0.00,0.0000,0.00,0.00,0.00,1.0000,0,0
148.1,2,Dormitorio1,0.00,33.48,20.32,20.32,0.0126,30.00,2.393,2.400,2.400,0.000,0.20411,16,19,2525,0.0010,100.0,0,-1.0,3500.00,0.0000,0.00,0.00,0.00,0.0000,0.00,0.00,0.00,1.0000,0,0
148.1,3,Dormitorio2,0.00,33.47,20.47,20.47,0.0116,30.00,2.391,2.400,2.400,0.000,0.20252,22,17,3529,0.0011,100.0,0,-1.0,2500.00,0.0000,0.00,0.00,0.00,0.0000,0.00,0.00,0.00,1.0000,0,0
148.1,4,Cocina,0.00,33.50,20.22,20.22,0.0133,30.00,2.395,2.400,2.400,0.000,0.20530,11,21,1846,0.0009,100.0,0,-1.0,3500.00,0.0000,0.00,0.00,0.00,0.0000,0.00,0.00,0.00,1.0000,0,0
148.1,5,Bano,0.00,31.77,20.41,20.41,0.0105,30.00,2.392,2.400,2.400,0.000,0.20308,20,16,3169,0.0011,100.0,0,-1.0,400.00,0.0000,0.00,0.00,0.00,0.0000,0.00,0.00,0.00,1.0000,0,0
149.1,0,Salon,975.05,301.88,81.87,81.87,0.1752,30.00,2.321,1.463,1.949,4.344,0.16902,183,1967,29674,0.0128,99.9,0,-1.0,5945.54,0.0000,1132.90,975.05,0.00,0.0000,1132.90,0.00,0.00,1.0000,0,0
149.1,1,Pasillo,0.00,150.80,52.77,52.77,0.0492,30.00,2.366,1.850,2.400,1.776,0.19505,77,476,12408,0.0029,100.0,0,-1.0,800.00,0.0000,0.00,0.00,0.00,0.0000,0.00,0.00,0.00,1.0000,0,0
149.1,2,Dormitorio1,0.00,33.80,20.33,20.33,0.0131,30.00,2.393,2.400,2.400,0.000,0.20393,16,20,2659,0.0010,100.0,0,-1.0,3500.00,0.0000,0.00,0.00,0.00,0.0000,0.00,0.00,0.00,1.0000,0,0
149.1,3,Dormitorio2,0.00,33.79,20.50,20.50,0.0121,30.00,2.391,2.400,2.400,0.000,0.20229,23,18,3709,0.0011,100.0,0,-1.0,2500.00,0.0000,0.00,0.00,0.00,0.0000,0.00,0.00,0.00,1.0000,0,0
149.1,4,Cocina,0.00,33.82,20.23,20.23,0.0138,30.00,2.395,2.400,2.400,0.000,0.20515,12,21,1947,0.0009,100.0,0,-1.0,3500.00,0.0000,0.00,0.00,0.00,0.0000,0.00,0.00,0.00,1.0000,0,0
149.1,5,Bano,0.00,32.05,20.44,20.44,0.0109,30.00,2.392,2.400,2.400,0.000,0.20286,21,16,3334,0.0011,100.0,0,-1.0,400.00,0.0000,0.00,0.00,0.00,0.0000,0.00,0.00,0.00,1.0000,0,0
150.1,0,Salon,989.78,303.98,82.83,82.83,0.1774,30.00,2.320,1.456,1.944,4.400,0.16831,185,1996,30130,0.0132,99.9,0,-1.0,5944.40,0.0000,1148.81,989.78,0.00,0.0000,1148.81,0.00,0.00,1.0000,0,0
150.1,1,Pasillo,0.00,153.83,53.99,53.99,0.0503,30.00,2.365,1.846,2.397,1.821,0.19474,79,490,12776,0.0030,100.0,0,-1.0,800.00,0.0000,0.00,0.00,0.00,0.0000,0.00,0.00,0.00,1.0000,0,0
150.1,2,Dormitorio1,0.00,34.13,20.35,20.35,0.0136,30.00,2.393,2.400,2.400,0.000,0.20374,17,20,2796,0.0010,100.0,0,-1.0,3500.00,0.0000,0.00,0.00,0.00,0.0000,0.00,0.00,0.00,1.0000,0,0
150.1,3,Dormitorio2,0.00,34.11,20.52,20.52,0.0125,30.00,2.390,2.400,2.400,0.000,0.20206,24,18,3894,0.0012,100.0,0,-1.0,2500.00,0.0000,0.00,0.00,0.00,0.0000,0.00,0.00,0.00,1.0000,0,0
150.1,4,Cocina,0.00,34.15,20.25,20.25,0.0144,30.00,2.395,2.400,2.400,0.000,0.20500,13,22,2050,0.0009,100.0,0,-1.0,3500.00,0.0000,0.00,0.00,0.00,0.0000,0.00,0.00,0.00,1.0000,0,0
150.1,5,Bano,0.00,32.34,20.46,20.46,0.0113,30.00,2.391,2.400,2.400,0.000,0.20265,22,16,3502,0.0011,100.0,0,-1.0,400.00,0.0000,0.00,0.00,0.00,0.0000,0.00,0.00,0.00,1.0000,0,0
151.1,0,Salon,1004.62,306.08,83.81,83.81,0.1795,30.00,2.319,1.449,1.939,4.456,0.16759,188,2025,30586,0.0137,99.9,0,-1.0,5943.24,0.0000,1164.85,1004.62,0.00,0.0000,1164.85,0.00,0.00,1.0000,0,0
151.1,1,Pasillo,0.00,156.83,55.23,55.23,0.0513,30.00,2.364,1.842,2.391,1.866,0.19442,81,505,13155,0.0031,100.0,0,-1.0,800.00,0.0000,0.00,0.00,0.00,0.0000,0.00,0.00,0.00,1.0000,0,0
151.1,2,Dormitorio1,0.00,34.46,20.37,20.37,0.0142,30.00,2.393,2.400,2.400,0.000,0.20355,18,21,2937,0.0011,100.0,0,-1.0,3500.00,0.0000,0.00,0.00,0.00,0.0000,0.00,0.00,0.00,1.0000,0,0
151.1,3,Dormitorio2,0.00,34.44,20.55,20.55,0.0130,30.00,2.390,2.400,2.400,0.000,0.20183,25,18,4084,0.0012,100.0,0,-1.0,2500.00,0.0000,0.00,0.00,0.00,0.0000,0.00,0.00,0.00,1.0000,0,0
151.1,4,Cocina,0.00,34.48,20.26,20.26,0.0149,30.00,2.395,2.400,2.400,0.000,0.20485,13,22,2155,0.0010,100.0,0,-1.0,3500.00,0.0000,0.00,0.00,0.00,0.0000,0.00,0.00,0.00,1.0000,0,0
151.1,5,Bano,0.00,32.62,20.48,20.48,0.0117,30.00,2.391,2.400,2.400,0.000,0.20243,23,17,3675,0.0011,100.0,0,-1.0,400.00,0.0000,0.00,0.00,0.00,0.0000,0.00,0.00,0.00,1.0000,0,0
152.1,0,Salon,1019.58,308.19,84.81,84.81,0.1818,30.00,2.317,1.442,1.935,4.512,0.16686,191,2054,31043,0.0142,99.9,0,-1.0,5942.07,0.0000,1181.01,1019.58,0.00,0.0000,1181.01,0.00,0.00,1.0000,0,0
152.1,1,Pasillo,0.00,159.79,56.50,56.50,0.0525,30.00,2.363,1.837,2.383,1.912,0.19408,84,519,13545,0.0032,100.0,0,-1.0,800.00,0.0000,0.00,0.00,0.00,0.0000,0.00,0.00,0.00,1.0000,0,0
152.1,2,Dormitorio1,0.00,34.79,20.39,20.39,0.0147,30.00,2.392,2.400,2.400,0.000,0.20335,19,21,3082,0.0011,100.0,0,-1.0,3500.00,0.0000,0.00,0.00,0.00,0.0000,0.00,0.00,0.00,1.0000,0,0
152.1,3,Dormitorio2,0.00,34.77,20.58,20.58,0.0134,30.00,2.389,2.400,2.400,0.000,0.20160,26,19,4278,0.0012,100.0,0,-1.0,2500.00,0.0000,0.00,0.00,0.00,0.0000,0.00,0.00,0.00,1.0000,0,0
152.1,4,Cocina,0.00,34.81,20.27,20.27,0.0155,30.00,2.394,2.400,2.400,0.000,0.20469,14,23,2264,0.0010,100.0,0,-1.0,3500.00,0.0000,0.00,0.00,0.00,0.0000,0.00,0.00,0.00,1.0000,0,0
152.1,5,Bano,0.00,32.91,20.51,20.51,0.0121,30.00,2.391,2.400,2.400,0.000,0.20220,24,17,3852,0.0012,100.0,0,-1.0,400.00,0.0000,0.00,0.00,0.00,0.0000,0.00,0.00,0.00,1.0000,0,0
153.1,0,Salon,1034.64,310.30,85.81,85.81,0.1840,30.00,2.316,1.435,1.930,4.568,0.16613,194,2083,31501,0.0147,99.9,0,-1.0,5940.88,0.0000,1197.29,1034.64,0.00,0.0000,1197.29,0.00,0.00,1.0000,0,0
153.1,1,Pasillo,0.00,162.71,57.80,57.80,0.0536,30.00,2.361,1.832,2.374,1.958,0.19373,86,534,13944,0.0033,100.0,0,-1.0,800.00,0.0000,0.00,0.00,0.00,0.0000,0.00,0.00,0.00,1.0000,0,0
153.1,2,Dormitorio1,0.00,35.12,20.41,20.41,0.0152,30.00,2.392,2.400,2.400,0.000,0.20316,20,22,3231,0.0011,100.0,0,-1.0,3500.00,0.0000,0.00,0.00,0.00,0.0000,0.00,0.00,0.00,1.0000,0,0
153.1,3,Dormitorio2,0.00,35.11,20.61,20.61,0.0139,30.00,2.389,2.400,2.400,0.000,0.20136,28,19,4477,0.0013,100.0,0,-1.0,2500.00,0.0000,0.00,0.00,0.00,0.0000,0.00,0.00,0.00,1.0000,0,0
153.1,4,Cocina,0.00,35.14,20.29,20.29,0.0161,30.00,2.394,2.400,2.400,0.000,0.20454,15,23,2376,0.0010,100.0,0,-1.0,3500.00,0.0000,0.00,0.00,0.00,0.0000,0.00,0.00,0.00,1.0000,0,0
153.1,5,Bano,0.00,33.21,20.53,20.53,0.0126,30.00,2.390,2.400,2.400,0.000,0.20198,25,18,4034,0.0012,100.0,0,-1.0,400.00,0.0000,0.00,0.00,0.00,0.0000,0.00,0.00,0.00,1.0000,0,0
154.0,0,Salon,1048.55,312.23,86.74,86.74,0.1862,30.00,2.315,1.429,1.926,4.620,0.16545,196,2110,31922,0.0152,99.8,0,-1.0,5939.77,0.0000,1212.31,1048.55,0.00,0.0000,1212.31,0.00,0.00,1.0000,0,0
154.0,1,Pasillo,0.00,165.37,59.02,59.02,0.0543,30.00,2.360,1.828,2.366,1.986,0.19341,88,553,14319,0.0034,100.0,0,-1.0,800.00,0.0000,0.00,0.00,0.00,0.0000,0.00,0.00,0.00,1.0000,0,0
154.0,2,Dormitorio1,0.00,35.30,20.43,20.43,0.0157,30.00,2.392,2.400,2.400,0.000,0.20297,21,22,3371,0.0011,100.0,0,-1.0,3500.00,0.0000,0.00,0.00,0.00,0.0000,0.00,0.00,0.00,1.0000,0,0
154.0,3,Dormitorio2,0.00,35.29,20.64,20.64,0.0143,30.00,2.389,2.400,2.400,0.000,0.20113,29,20,4664,0.0013,100.0,0,-1.0,2500.00,0.0000,0.00,0.00,0.00,0.0000,0.00,0.00,0.00,1.0000,0,0
154.0,4,Cocina,0.00,35.32,20.30,20.30,0.0167,30.00,2.394,2.400,2.400,0.000,0.20439,15,24,2481,0.0010,100.0,0,-1.0,3500.00,0.0000,0.00,0.00,0.00,0.0000,0.00,0.00,0.00,1.0000,0,0
154.0,5,Bano,0.00,33.36,20.56,20.56,0.0130,30.00,2.390,2.400,2.400,0.000,0.20177,26,18,4205,0.0012,100.0,0,-1.0,400.00,0.0000,0.00,0.00,0.00,0.0000,0.00,0.00,0.00,1.0000,0,0
155.0,0,Salon,1063.84,314.34,87.77,87.77,0.1886,30.00,2.313,1.422,1.922,4.678,0.16470,199,2139,32382,0.0157,99.8,0,-1.0,5938.55,0.0000,1228.82,1063.84,0.00,0.0000,1228.82,0.00,0.00,1.0000,0,0
155.0,1,Pasillo,0.00,168.43,60.35,60.35,0.0542,30.00,2.360,1.830,2.356,1.992,0.19304,91,582,14737,0.0035,100.0,0,-1.0,800.00,0.0000,0.00,0.00,0.00,0.0000,0.00,0.00,0.00,1.0000,0,0
155.0,2,Dormitorio1,0.00,35.30,20.45,20.45,0.0163,30.00,2.391,2.400,2.400,0.000,0.20277,22,23,3528,0.0012,100.0,0,-1.0,3500.00,0.0000,0.00,0.00,0.00,0.0000,0.00,0.00,0.00,1.0000,0,0
155.0,3,Dormitorio2,0.00,35.28,20.67,20.67,0.0148,30.00,2.388,2.400,2.400,0.000,0.20089,30,20,4873,0.0013,100.0,0,-1.0,2500.00,0.0000,0.00,0.00,0.00,0.0000,0.00,0.00,0.00,1.0000,0,0
155.0,4,Cocina,0.00,35.31,20.31,20.31,0.0173,30.00,2.394,2.400,2.400,0.000,0.20422,16,25,2599,0.0010,100.0,0,-1.0,3500.00,0.0000,0.00,0.00,0.00,0.0000,0.00,0.00,0.00,1.0000,0,0
155.0,5,Bano,0.00,33.35,20.58,20.58,0.0134,30.00,2.389,2.400,2.400,0.000,0.20154,27,18,4395,0.0013,100.0,0,-1.0,400.00,0.0000,0.00,0.00,0.00,0.0000,0.00,0.00,0.00,1.0000,0,0
156.0,0,Salon,1079.23,316.45,88.81,88.81,0.1910,30.00,2.312,1.414,1.917,4.735,0.16395,202,2167,32842,0.0162,99.8,0,-1.0,5937.31,0.0000,1245.45,1079.23,0.00,0.0000,1245.45,0.00,0.00,1.0000,0,0
156.0,1,Pasillo,0.00,171.71,61.66,61.66,0.0539,30.00,2.360,1.834,2.346,1.986,0.19265,93,615,15166,0.0036,100.0,0,-1.0,800.00,0.0000,0.00,0.00,0.00,0.0000,0.00,0.00,0.00,1.0000,0,0
156.0,2,Dormitorio1,0.00,35.22,20.47,20.47,0.0168,30.00,2.391,2.400,2.400,0.000,0.20256,23,23,3688,0.0012,100.0,0,-1.0,3500.00,0.0000,0.00,0.00,0.00,0.0000,0.00,0.00,0.00,1.0000,0,0
156.0,3,Dormitorio2,0.00,35.21,20.70,20.70,0.0153,30.00,2.388,2.400,2.400,0.000,0.20064,31,21,5086,0.0014,100.0,0,-1.0,2500.00,0.0000,0.00,0.00,0.00,0.0000,0.00,0.00,0.00,1.0000,0,0
156.0,4,Cocina,0.00,35.24,20.33,20.33,0.0179,30.00,2.393,2.400,2.400,0.000,0.20405,17,25,2720,0.0011,100.0,0,-1.0,3500.00,0.0000,0.00,0.00,0.00,0.0000,0.00,0.00,0.00,1.0000,0,0
156.0,5,Bano,0.00,33.29,20.61,20.61,0.0138,30.00,2.389,2.400,2.400,0.000,0.20130,28,19,4591,0.0013,100.0,0,-1.0,400.00,0.0000,0.00,0.00,0.00,0.0000,0.00,0.00,0.00,1.0000,0,0
157.0,0,Salon,1094.75,318.56,89.87,89.87,0.1934,30.00,2.310,1.407,1.913,4.793,0.16319,205,2196,33303,0.0168,99.8,0,-1.0,5936.06,0.0000,1262.21,1094.75,0.00,0.0000,1262.21,0.00,0.00,1.0000,0,0
157.0,1,Pasillo,0.00,175.17,62.93,62.93,0.0541,30.00,2.360,1.838,2.336,1.999,0.19225,96,643,15608,0.0036,100.0,0,-1.0,800.00,0.0000,0.00,0.00,0.00,0.0000,0.00,0.00,0.00,1.0000,0,0
157.0,2,Dormitorio1,0.00,35.35,20.49,20.49,0.0174,30.00,2.391,2.400,2.400,0.000,0.20235,24,24,3852,0.0012,100.0,0,-1.0,3500.00,0.0000,0.00,0.00,0.00,0.0000,0.00,0.00,0.00,1.0000,0,0
157.0,3,Dormitorio2,0.00,35.33,20.73,20.73,0.0157,30.00,2.388,2.400,2.400,0.000,0.20038,33,21,5305,0.0014,100.0,0,-1.0,2500.00,0.0000,0.00,0.00,0.00,0.0000,0.00,0.00,0.00,1.0000,0,0
157.0,4,Cocina,0.00,35.36,20.34,20.34,0.0185,30.00,2.393,2.400,2.400,0.000,0.20388,18,26,2844,0.0011,100.0,0,-1.0,3500.00,0.0000,0.00,0.00,0.00,0.0000,0.00,0.00,0.00,1.0000,0,0
157.0,5,Bano,0.00,33.40,20.64,20.64,0.0143,30.00,2.389,2.400,2.400,0.000,0.20106,30,19,4790,0.0013,100.0,0,-1.0,400.00,0.0000,0.00,0.00,0.00,0.0000,0.00,0.00,0.00,1.0000,0,0
158.0,0,Salon,1110.37,320.68,90.93,90.93,0.1959,30.00,2.308,1.400,1.909,4.851,0.16242,208,2225,33765,0.0173,99.8,0,-1.0,5934.79,0.0000,1279.08,1110.37,0.00,0.0000,1279.08,0.00,0.00,1.0000,0,0
158.0,1,Pasillo,0.00,178.75,64.20,64.20,0.0541,30.00,2.360,1.844,2.326,2.000,0.19184,99,675,16061,0.0037,100.0,0,-1.0,800.00,0.0000,0.00,0.00,0.00,0.0000,0.00,0.00,0.00,1.0000,0,0
158.0,2,Dormitorio1,0.00,35.40,20.51,20.51,0.0179,30.00,2.391,2.400,2.400,0.000,0.20213,25,25,4020,0.0012,100.0,0,-1.0,3500.00,0.0000,0.00,0.00,0.00,0.0000,0.00,0.00,0.00,1.0000,0,0
158.0,3,Dormitorio2,0.00,35.38,20.76,20.76,0.0162,30.00,2.387,2.400,2.400,0.000,0.20012,34,21,5527,0.0014,100.0,0,-1.0,2500.00,0.0000,0.00,0.00,0.00,0.0000,0.00,0.00,0.00,1.0000,0,0
158.0,4,Cocina,0.00,35.42,20.36,20.36,0.0190,30.00,2.393,2.400,2.400,0.000,0.20371,18,27,2972,0.0011,100.0,0,-1.0,3500.00,0.0000,0.00,0.00,0.00,0.0000,0.00,0.00,0.00,1.0000,0,0
158.0,5,Bano,0.00,33.44,20.67,20.67,0.0147,30.00,2.388,2.400,2.400,0.000,0.20081,31,20,4994,0.0014,100.0,0,-1.0,400.00,0.0000,0.00,0.00,0.00,0.0000,0.00,0.00,0.00,1.0000,0,0
159.0,0,Salon,1126.12,322.79,92.02,92.02,0.1984,30.00,2.307,1.393,1.904,4.910,0.16164,210,2254,34227,0.0179,99.8,0,-1.0,5933.50,0.0000,1296.08,1126.12,0.00,0.0000,1296.08,0.00,0.00,1.0000,0,0
159.0,1,Pasillo,0.00,182.42,65.44,65.44,0.0538,30.00,2.360,1.849,2.317,1.988,0.19142,102,711,16527,0.0038,100.0,0,-1.0,800.00,0.0000,0.00,0.00,0.00,0.0000,0.00,0.00,0.00,1.0000,0,0
159.0,2,Dormitorio1,0.00,35.39,20.53,20.53,0.0184,30.00,2.390,2.400,2.400,0.000,0.20191,26,25,4192,0.0013,100.0,0,-1.0,3500.00,0.0000,0.00,0.00,0.00,0.0000,0.00,0.00,0.00,1.0000,0,0
159.0,3,Dormitorio2,0.00,35.37,20.80,20.80,0.0166,30.00,2.387,2.400,2.400,0.000,0.19985,35,22,5755,0.0015,100.0,0,-1.0,2500.00,0.0000,0.00,0.00,0.00,0.0000,0.00,0.00,0.00,1.0000,0,0
159.0,4,Cocina,0.00,35.40,20.37,20.37,0.0196,30.00,2.393,2.400,2.400,0.000,0.20353,19,27,3102,0.0011,100.0,0,-1.0,3500.00,0.0000,0.00,0.00,0.00,0.0000,0.00,0.00,0.00,1.0000,0,0
159.0,5,Bano,0.00,33.43,20.70,20.70,0.0151,30.00,2.388,2.400,2.400,0.000,0.20056,32,20,5203,0.0014,100.0,0,-1.0,400.00,0.0000,0.00,0.00,0.00,0.0000,0.00,0.00,0.00,1.0000,0,0
160.0,0,Salon,1141.98,324.91,93.11,93.11,0.2010,30.00,2.305,1.386,1.900,4.969,0.16085,213,2284,34690,0.0185,99.8,0,-1.0,5932.19,0.0000,1313.20,1141.98,0.00,0.0000,1313.20,0.00,0.00,1.0000,0,0
160.0,1,Pasillo,0.00,186.13,66.68,66.68,0.0541,30.00,2.360,1.854,2.308,1.994,0.19098,105,741,17005,0.0040,100.0,0,-1.0,800.00,0.0000,0.00,0.00,0.00,0.0000,0.00,0.00,0.00,1.0000,0,0
160.0,2,Dormitorio1,0.00,35.56,20.56,20.56,0.0189,30.00,2.390,2.400,2.400,0.000,0.20169,27,26,4368,0.0013,100.0,0,-1.0,3500.00,0.0000,0.00,0.00,0.00,0.0000,0.00,0.00,0.00,1.0000,0,0
160.0,3,Dormitorio2,0.00,35.54,20.83,20.83,0.0170,30.00,2.387,2.400,2.400,0.000,0.19958,37,23,5988,0.0015,100.0,0,-1.0,2500.00,0.0000,0.00,0.00,0.00,0.0000,0.00,0.00,0.00,1.0000,0,0
160.0,4,Cocina,0.00,35.57,20.39,20.39,0.0202,30.00,2.393,2.400,2.400,0.000,0.20335,20,28,3235,0.0012,100.0,0,-1.0,3500.00,0.0000,0.00,0.00,0.00,0.0000,0.00,0.00,0.00,1.0000,0,0
160.0,5,Bano,0.00,33.58,20.73,20.73,0.0155,30.00,2.388,2.400,2.400,0.000,0.20030,33,21,5416,0.0014,100.0,0,-1.0,400.00,0.0000,0.00,0.00,0.00,0.0000,0.00,0.00,0.00,1.0000,0,0
161.0,0,Salon,1157.96,327.03,94.22,94.22,0.2036,30.00,2.304,1.379,1.896,5.028,0.16006,216,2313,35153,0.0191,99.8,0,-1.0,5930.87,0.0000,1330.44,1157.96,0.00,0.0000,1330.44,0.00,0.00,1.0000,0,0
161.0,1,Pasillo,0.00,189.83,67.91,67.91,0.0540,30.00,2.359,1.859,2.299,1.988,0.19053,108,775,17495,0.0041,100.0,0,-1.0,800.00,0.0000,0.00,0.00,0.00,0.0000,0.00,0.00,0.00,1.0000,0,0
161.0,2,Dormitorio1,0.00,35.65,20.58,20.58,0.0194,30.00,2.390,2.400,2.400,0.000,0.20146,28,26,4548,0.0013,100.0,0,-1.0,3500.00,0.0000,0.00,0.00,0.00,0.0000,0.00,0.00,0.00,1.0000,0,0
161.0,3,Dormitorio2,0.00,35.63,20.87,20.87,0.0174,30.00,2.386,2.400,2.400,0.000,0.19931,38,23,6225,0.0015,100.0,0,-1.0,2500.00,0.0000,0.00,0.00,0.00,0.0000,0.00,0.00,0.00,1.0000,0,0
161.0,4,Cocina,0.00,35.66,20.41,20.41,0.0208,30.00,2.392,2.400,2.400,0.000,0.20316,21,29,3372,0.0012,100.0,0,-1.0,3500.00,0.0000,0.00,0.00,0.00,0.0000,0.00,0.00,0.00,1.0000,0,0
161.0,5,Bano,0.00,33.66,20.76,20.76,0.0158,30.00,2.388,2.400,2.400,0.000,0.20004,35,21,5634,0.0015,100.0,0,-1.0,400.00,0.0000,0.00,0.00,0.00,0.0000,0.00,0.00,0.00,1.0000,0,0
162.0,0,Salon,1174.05,329.15,95.34,95.34,0.2062,30.00,2.302,1.372,1.892,5.087,0.15926,219,2342,35615,0.0198,99.8,0,-1.0,5929.53,0.0000,1347.80,1174.05,0.00,0.0000,1347.80,0.00,0.00,1.0000,0,0
162.0,1,Pasillo,0.00,193.51,69.13,69.13,0.0546,30.00,2.359,1.863,2.290,2.000,0.19006,111,801,17998,0.0042,100.0,0,-1.0,800.00,0.0000,0.00,0.00,0.00,0.0000,0.00,0.00,0.00,1.0000,0,0
162.0,2,Dormitorio1,0.00,35.91,20.60,20.60,0.0199,30.00,2.390,2.400,2.400,0.000,0.20122,29,27,4733,0.0014,100.0,0,-1.0,3500.00,0.0000,0.00,0.00,0.00,0.0000,0.00,0.00,0.00,1.0000,0,0
162.0,3,Dormitorio2,0.00,35.90,20.90,20.90,0.0178,30.00,2.386,2.400,2.400,0.000,0.19902,40,24,6468,0.0016,100.0,0,-1.0,2500.00,0.0000,0.00,0.00,0.00,0.0000,0.00,0.00,0.00,1.0000,0,0
162.0,4,Cocina,0.00,35.93,20.42,20.42,0.0213,30.00,2.392,2.400,2.400,0.000,0.20297,22,30,3512,0.0012,100.0,0,-1.0,3500.00,0.0000,0.00,0.00,0.00,0.0000,0.00,0.00,0.00,1.0000,0,0
162.0,5,Bano,0.00,33.89,20.79,20.79,0.0162,30.00,2.387,2.400,2.400,0.000,0.19978,36,22,5857,0.0015,100.0,0,-1.0,400.00,0.0000,0.00,0.00,0.00,0.0000,0.00,0.00,0.00,1.0000,0,0
163.0,0,Salon,1190.27,331.27,96.48,96.48,0.2088,30.00,2.300,1.365,1.887,5.147,0.15846,222,2372,36078,0.0204,99.8,0,-1.0,5928.17,0.0000,1365.29,1190.27,0.00,0.0000,1365.29,0.00,0.00,1.0000,0,0
163.0,1,Pasillo,0.00,197.14,70.36,70.36,0.0545,30.00,2.359,1.866,2.281,1.986,0.18959,114,839,18512,0.0043,100.0,0,-1.0,800.00,0.0000,0.00,0.00,0.00,0.0000,0.00,0.00,0.00,1.0000,0,0
163.0,2,Dormitorio1,0.00,35.97,20.63,20.63,0.0204,30.00,2.389,2.400,2.400,0.000,0.20098,30,28,4922,0.0014,100.0,0,-1.0,3500.00,0.0000,0.00,0.00,0.00,0.0000,0.00,0.00,0.00,1.0000,0,0
163.0,3,Dormitorio2,0.00,35.95,20.94,20.94,0.0182,30.00,2.386,2.400,2.400,0.000,0.19873,41,24,6716,0.0016,100.0,0,-1.0,2500.00,0.0000,0.00,0.00,0.00,0.0000,0.00,0.00,0.00,1.0000,0,0
163.0,4,Cocina,0.00,35.99,20.44,20.44,0.0219,30.00,2.392,2.400,2.400,0.000,0.20278,23,30,3656,0.0012,100.0,0,-1.0,3500.00,0.0000,0.00,0.00,0.00,0.0000,0.00,0.00,0.00,1.0000,0,0
163.0,5,Bano,0.00,33.94,20.82,20.82,0.0166,30.00,2.387,2.400,2.400,0.000,0.19950,38,22,6085,0.0016,100.0,0,-1.0,400.00,0.0000,0.00,0.00,0.00,0.0000,0.00,0.00,0.00,1.0000,0,0
164.0,0,Salon,1206.60,333.39,97.62,97.62,0.2115,30.00,2.298,1.358,1.883,5.207,0.15764,225,2402,36540,0.0211,99.8,0,-1.0,5926.80,0.0000,1382.89,1206.60,0.00,0.0000,1382.89,0.00,0.00,1.0000,0,0
164.0,1,Pasillo,0.00,200.72,71.59,71.59,0.0549,30.00,2.358,1.869,2.273,1.991,0.18911,117,868,19039,0.0044,100.0,0,-1.0,800.00,0.0000,0.00,0.00,0.00,0.0000,0.00,0.00,0.00,1.0000,0,0
164.0,2,Dormitorio1,0.00,36.20,20.65,20.65,0.0209,30.00,2.389,2.400,2.400,0.000,0.20074,32,28,5115,0.0014,100.0,0,-1.0,3500.00,0.0000,0.00,0.00,0.00,0.0000,0.00,0.00,0.00,1.0000,0,0
164.0,3,Dormitorio2,0.00,36.18,20.98,20.98,0.0186,30.00,2.385,2.400,2.400,0.000,0.19844,43,25,6970,0.0017,100.0,0,-1.0,2500.00,0.0000,0.00,0.00,0.00,0.0000,0.00,0.00,0.00,1.0000,0,0
164.0,4,Cocina,0.00,36.21,20.46,20.46,0.0224,30.00,2.392,2.400,2.400,0.000,0.20258,23,31,3803,0.0013,100.0,0,-1.0,3500.00,0.0000,0.00,0.00,0.00,0.0000,0.00,0.00,0.00,1.0000,0,0
164.0,5,Bano,0.00,34.14,20.86,20.86,0.0170,30.00,2.387,2.400,2.400,0.000,0.19923,39,23,6318,0.0016,100.0,0,-1.0,400.00,0.0000,0.00,0.00,0.00,0.0000,0.00,0.00,0.00,1.0000,0,0
165.0,0,Salon,1223.05,335.51,98.79,98.79,0.2142,30.00,2.297,1.351,1.879,5.267,0.15682,227,2432,37002,0.0218,99.8,0,-1.0,5925.41,0.0000,1400.62,1223.05,0.00,0.0000,1400.62,0.00,0.00,1.0000,0,0
165.0,1,Pasillo,0.00,203.86,72.82,72.82,0.0550,30.00,2.358,1.871,2.262,1.986,0.18863,121,903,19578,0.0045,100.0,0,-1.0,800.00,0.0000,0.00,0.00,0.00,0.0000,0.00,0.00,0.00,1.0000,0,0
165.0,2,Dormitorio1,0.00,36.30,20.68,20.68,0.0214,30.00,2.389,2.400,2.400,0.000,0.20049,33,29,5313,0.0015,100.0,0,-1.0,3500.00,0.0000,0.00,0.00,0.00,0.0000,0.00,0.00,0.00,1.0000,0,0
165.0,3,Dormitorio2,0.00,38.46,21.02,21.02,0.0190,30.00,2.385,2.399,2.400,0.000,0.19813,45,134,7230,0.0017,100.0,0,-1.0,2500.00,0.0000,0.00,0.00,0.00,0.0000,0.00,0.00,0.00,1.0000,0,0
165.0,4,Cocina,0.00,36.32,20.48,20.48,0.0230,30.00,2.392,2.400,2.400,0.000,0.20237,24,32,3954,0.0013,100.0,0,-1.0,3500.00,0.0000,0.00,0.00,0.00,0.0000,0.00,0.00,0.00,1.0000,0,0
165.0,5,Bano,0.00,34.23,20.89,20.89,0.0174,30.00,2.386,2.400,2.400,0.000,0.19894,40,23,6557,0.0016,100.0,0,-1.0,400.00,0.0000,0.00,0.00,0.00,0.0000,0.00,0.00,0.00,1.0000,0,0
166.0,0,Salon,1239.62,337.63,99.96,99.96,0.2169,30.00,2.295,1.344,1.875,5.328,0.15599,230,2463,37463,0.0225,99.8,0,-1.0,5924.00,0.0000,1418.47,1239.62,0.00,0.0000,1418.47,0.00,0.00,1.0000,0,0
166.0,1,Pasillo,0.00,206.95,74.05,74.05,0.0557,30.00,2.357,1.873,2.253,1.998,0.18814,124,928,20130,0.0046,100.0,0,-1.0,800.00,0.0000,0.00,0.00,0.00,0.0000,0.00,0.00,0.00,1.0000,0,0
166.0,2,Dormitorio1,0.00,36.59,20.70,20.70,0.0218,30.00,2.388,2.400,2.400,0.000,0.20023,34,30,5516,0.0015,100.0,0,-1.0,3500.00,0.0000,0.00,0.00,0.00,0.0000,0.00,0.00,0.00,1.0000,0,0
166.0,3,Dormitorio2,0.00,114.11,21.06,21.06,0.0194,30.00,2.383,2.388,2.400,0.003,0.19782,46,402,7496,0.0018,100.0,0,-1.0,2500.00,0.0000,0.00,0.00,0.00,0.0000,0.00,0.00,0.00,1.0000,0,0
166.0,4,Cocina,0.00,36.61,20.49,20.49,0.0235,30.00,2.391,2.400,2.400,0.000,0.20217,25,33,4109,0.0013,100.0,0,-1.0,3500.00,0.0000,0.00,0.00,0.00,0.0000,0.00,0.00,0.00,1.0000,0,0
166.0,5,Bano,0.00,34.48,20.92,20.92,0.0177,30.00,2.386,2.400,2.400,0.000,0.19865,42,24,6801,0.0017,100.0,0,-1.0,400.00,0.0000,0.00,0.00,0.00,0.0000,0.00,0.00,0.00,1.0000,0,0
167.0,0,Salon,1256.31,339.75,101.15,101.15,0.2197,30.00,2.293,1.337,1.871,5.388,0.15516,233,2494,37923,0.0232,99.8,0,-1.0,5922.57,0.0000,1436.45,1256.31,0.00,0.0000,1436.45,0.00,0.00,1.0000,0,0
167.0,1,Pasillo,0.00,210.00,75.29,75.29,0.0558,30.00,2.357,1.874,2.245,1.987,0.18763,127,966,20695,0.0048,100.0,0,-1.0,800.00,0.0000,0.00,0.00,0.00,0.0000,0.00,0.00,0.00,1.0000,0,0
167.0,2,Dormitorio1,0.00,36.66,20.73,20.73,0.0223,30.00,2.388,2.400,2.400,0.000,0.19997,35,31,5724,0.0015,100.0,0,-1.0,3500.00,0.0000,0.00,0.00,0.00,0.0000,0.00,0.00,0.00,1.0000,0,0
167.0,3,Dormitorio2,0.00,131.85,21.13,21.13,0.0198,30.00,2.382,2.374,2.400,0.013,0.19751,48,407,7767,0.0018,100.0,0,-1.0,2500.00,0.0000,0.00,0.00,0.00,0.0000,0.00,0.00,0.00,1.0000,0,0
167.0,4,Cocina,0.00,36.68,20.51,20.51,0.0241,30.00,2.391,2.400,2.400,0.000,0.20195,26,34,4267,0.0013,100.0,0,-1.0,3500.00,0.0000,0.00,0.00,0.00,0.0000,0.00,0.00,0.00,1.0000,0,0
167.0,5,Bano,0.00,34.54,20.96,20.96,0.0181,30.00,2.386,2.400,2.400,0.000,0.19835,43,24,7052,0.0017,100.0,0,-1.0,400.00,0.0000,0.00,0.00,0.00,0.0000,0.00,0.00,0.00,1.0000,0,0
168.0,0,Salon,1273.12,341.86,102.35,102.35,0.2225,30.00,2.291,1.330,1.867,5.449,0.15431,236,2525,38382,0.0240,99.8,0,-1.0,5921.12,0.0000,1454.55,1273.12,0.00,0.0000,1454.55,0.00,0.00,1.0000,0,0
168.0,1,Pasillo,0.00,213.02,76.54,76.54,0.0564,30.00,2.356,1.874,2.238,1.995,0.18713,131,994,21272,0.0050,99.9,0,-1.0,800.00,0.0000,0.00,0.00,0.00,0.0000,0.00,0.00,0.00,1.0000,0,0
168.0,2,Dormitorio1,0.00,36.91,20.76,20.76,0.0228,30.00,2.388,2.400,2.400,0.000,0.19970,37,31,5937,0.0016,100.0,0,-1.0,3500.00,0.0000,0.00,0.00,0.00,0.0000,0.00,0.00,0.00,1.0000,0,0
168.0,3,Dormitorio2,0.00,137.47,21.21,21.21,0.0202,30.00,2.381,2.361,2.400,0.031,0.19719,50,413,8044,0.0019,100.0,0,-1.0,2500.00,0.0000,0.00,0.00,0.00,0.0000,0.00,0.00,0.00,1.0000,0,0
168.0,4,Cocina,0.00,36.92,20.53,20.53,0.0246,30.00,2.391,2.400,2.400,0.000,0.20174,27,34,4430,0.0014,100.0,0,-1.0,3500.00,0.0000,0.00,0.00,0.00,0.0000,0.00,0.00,0.00,1.0000,0,0
168.0,5,Bano,0.00,34.76,20.99,20.99,0.0185,30.00,2.385,2.400,2.400,0.000,0.19805,45,25,7308,0.0018,100.0,0,-1.0,400.00,0.0000,0.00,0.00,0.00,0.0000,0.00,0.00,0.00,1.0000,0,0
169.0,0,Salon,1290.05,343.98,103.57,103.57,0.2253,30.00,2.289,1.322,1.862,5.511,0.15346,239,2556,38839,0.0247,99.8,0,-1.0,5919.66,0.0000,1472.76,1290.05,0.00,0.0000,1472.76,0.00,0.00,1.0000,0,0
169.0,1,Pasillo,0.00,216.02,77.79,77.79,0.0567,30.00,2.356,1.874,2.232,1.995,0.18661,135,1028,21861,0.0052,99.9,0,-1.0,800.00,0.0000,0.00,0.00,0.00,0.0000,0.00,0.00,0.00,1.0000,0,0
169.0,2,Dormitorio1,0.00,37.07,20.78,20.78,0.0233,30.00,2.388,2.400,2.400,0.000,0.19943,38,32,6155,0.0016,100.0,0,-1.0,3500.00,0.0000,0.00,0.00,0.00,0.0000,0.00,0.00,0.00,1.0000,0,0
169.0,3,Dormitorio2,0.00,139.47,21.31,21.31,0.0205,30.00,2.381,2.347,2.400,0.054,0.19685,51,419,8328,0.0019,100.0,0,-1.0,2500.00,0.0000,0.00,0.00,0.00,0.0000,0.00,0.00,0.00,1.0000,0,0
169.0,4,Cocina,0.00,37.09,20.55,20.55,0.0252,30.00,2.391,2.400,2.400,0.000,0.20152,28,35,4597,0.0014,100.0,0,-1.0,3500.00,0.0000,0.00,0.00,0.00,0.0000,0.00,0.00,0.00,1.0000,0,0
169.0,5,Bano,0.00,65.27,21.03,21.03,0.0188,30.00,2.385,2.396,2.400,0.000,0.19774,47,270,7570,0.0018,100.0,0,-1.0,400.00,0.0000,0.00,0.00,0.00,0.0000,0.00,0.00,0.00,1.0000,0,0
170.0,0,Salon,1307.10,346.09,104.79,104.79,0.2281,30.00,2.287,1.315,1.858,5.572,0.15261,241,2588,39295,0.0255,99.7,0,-1.0,5918.17,0.0000,1491.11,1307.10,0.00,0.0000,1491.11,0.00,0.00,1.0000,0,0
170.0,1,Pasillo,0.00,219.01,79.05,79.05,0.0572,30.00,2.355,1.873,2.225,2.000,0.18609,138,1059,22463,0.0054,99.9,0,-1.0,800.00,0.0000,0.00,0.00,0.00,0.0000,0.00,0.00,0.00,1.0000,0,0
170.0,2,Dormitorio1,0.00,37.28,20.81,20.81,0.0238,30.00,2.387,2.400,2.400,0.000,0.19915,39,33,6379,0.0017,100.0,0,-1.0,3500.00,0.0000,0.00,0.00,0.00,0.0000,0.00,0.00,0.00,1.0000,0,0
170.0,3,Dormitorio2,0.00,139.96,21.44,21.44,0.0209,30.00,2.380,2.333,2.400,0.082,0.19652,53,425,8619,0.0020,100.0,0,-1.0,2500.00,0.0000,0.00,0.00,0.00,0.0000,0.00,0.00,0.00,1.0000,0,0
170.0,4,Cocina,0.00,37.30,20.57,20.57,0.0258,30.00,2.390,2.400,2.400,0.000,0.20129,29,36,4768,0.0014,100.0,0,-1.0,3500.00,0.0000,0.00,0.00,0.00,0.0000,0.00,0.00,0.00,1.0000,0,0
170.0,5,Bano,0.00,123.38,21.08,21.08,0.0192,30.00,2.383,2.385,2.400,0.005,0.19743,48,468,7839,0.0019,100.0,0,-1.0,400.00,0.0000,0.00,0.00,0.00,0.0000,0.00,0.00,0.00,1.0000,0,0
171.0,0,Salon,1324.27,348.20,106.03,106.03,0.2309,30.00,2.285,1.308,1.854,5.634,0.15174,244,2620,39749,0.0263,99.7,0,-1.0,5916.67,0.0000,1509.57,1324.27,0.00,0.0000,1509.57,0.00,0.00,1.0000,0,0
171.0,1,Pasillo,0.00,221.99,80.32,80.32,0.0574,30.00,2.355,1.873,2.219,1.997,0.18556,142,1097,23077,0.0056,99.9,0,-1.0,800.00,0.0000,0.00,0.00,0.00,0.0000,0.00,0.00,0.00,1.0000,0,0
171.0,2,Dormitorio1,0.00,37.41,20.84,20.84,0.0242,30.00,2.387,2.400,2.400,0.000,0.19886,41,34,6608,0.0017,100.0,0,-1.0,3500.00,0.0000,0.00,0.00,0.00,0.0000,0.00,0.00,0.00,1.0000,0,0
171.0,3,Dormitorio2,0.00,139.70,21.58,21.58,0.0213,30.00,2.380,2.320,2.400,0.113,0.19618,55,431,8916,0.0021,100.0,0,-1.0,2500.00,0.0000,0.00,0.00,0.00,0.0000,0.00,0.00,0.00,1.0000,0,0
171.0,4,Cocina,0.00,37.43,20.59,20.59,0.0263,30.00,2.390,2.400,2.400,0.000,0.20106,30,37,4944,0.0015,100.0,0,-1.0,3500.00,0.0000,0.00,0.00,0.00,0.0000,0.00,0.00,0.00,1.0000,0,0
171.0,5,Bano,0.00,136.67,21.15,21.15,0.0195,30.00,2.382,2.373,2.400,0.017,0.19711,50,474,8114,0.0019,100.0,0,-1.0,400.00,0.0000,0.00,0.00,0.00,0.0000,0.00,0.00,0.00,1.0000,0,0
172.0,0,Salon,1341.56,350.30,107.28,107.28,0.2337,30.00,2.283,1.301,1.850,5.695,0.15087,247,2653,40202,0.0272,99.7,0,-1.0,5915.15,0.0000,1528.16,1341.56,0.00,0.0000,1528.16,0.00,0.00,1.0000,0,0
172.0,1,Pasillo,0.00,224.95,81.59,81.59,0.0574,30.00,2.354,1.873,2.213,1.987,0.18502,146,1140,23704,0.0059,99.9,0,-1.0,800.00,0.0000,0.00,0.00,0.00,0.0000,0.00,0.00,0.00,1.0000,0,0
172.0,2,Dormitorio1,0.00,37.45,20.87,20.87,0.0247,30.00,2.387,2.400,2.400,0.000,0.19857,42,35,6843,0.0018,100.0,0,-1.0,3500.00,0.0000,0.00,0.00,0.00,0.0000,0.00,0.00,0.00,1.0000,0,0
172.0,3,Dormitorio2,0.00,139.04,21.74,21.74,0.0217,30.00,2.380,2.307,2.400,0.146,0.19583,57,436,9222,0.0021,100.0,0,-1.0,2500.00,0.0000,0.00,0.00,0.00,0.0000,0.00,0.00,0.00,1.0000,0,0
172.0,4,Cocina,0.00,37.47,20.61,20.61,0.0269,30.00,2.390,2.400,2.400,0.000,0.20082,32,38,5124,0.0015,100.0,0,-1.0,3500.00,0.0000,0.00,0.00,0.00,0.0000,0.00,0.00,0.00,1.0000,0,0
172.0,5,Bano,0.00,141.31,21.23,21.23,0.0199,30.00,2.381,2.361,2.400,0.035,0.19678,52,480,8396,0.0020,100.0,0,-1.0,400.00,0.0000,0.00,0.00,0.00,0.0000,0.00,0.00,0.00,1.0000,0,0
173.0,0,Salon,1358.97,352.41,108.54,108.54,0.2366,30.00,2.281,1.294,1.846,5.757,0.14999,250,2686,40651,0.0280,99.7,0,-1.0,5913.62,0.0000,1546.86,1358.97,0.00,0.0000,1546.86,0.00,0.00,1.0000,0,0
173.0,1,Pasillo,0.00,227.89,82.86,82.86,0.0580,30.00,2.354,1.873,2.207,1.995,0.18448,150,1173,24344,0.0061,99.9,0,-1.0,800.00,0.0000,0.00,0.00,0.00,0.0000,0.00,0.00,0.00,1.0000,0,0
173.0,2,Dormitorio1,0.00,37.68,20.90,20.90,0.0252,30.00,2.387,2.400,2.400,0.000,0.19828,44,35,7084,0.0018,100.0,0,-1.0,3500.00,0.0000,0.00,0.00,0.00,0.0000,0.00,0.00,0.00,1.0000,0,0
173.0,3,Dormitorio2,0.00,138.14,21.92,21.92,0.0220,30.00,2.379,2.294,2.400,0.181,0.19547,59,442,9535,0.0022,100.0,0,-1.0,2500.00,0.0000,0.00,0.00,0.00,0.0000,0.00,0.00,0.00,1.0000,0,0
173.0,4,Cocina,0.00,37.70,20.63,20.63,0.0274,30.00,2.390,2.400,2.400,0.000,0.20058,33,39,5309,0.0015,100.0,0,-1.0,3500.00,0.0000,0.00,0.00,0.00,0.0000,0.00,0.00,0.00,1.0000,0,0
173.0,5,Bano,0.00,142.98,21.33,21.33,0.0203,30.00,2.381,2.348,2.400,0.057,0.19644,53,486,8684,0.0020,100.0,0,-1.0,400.00,0.0000,0.00,0.00,0.00,0.0000,0.00,0.00,0.00,1.0000,0,0
174.0,0,Salon,1376.50,354.50,109.82,109.82,0.2394,30.00,2.279,1.287,1.842,5.820,0.14911,253,2719,41099,0.0289,99.7,0,-1.0,5912.06,0.0000,1565.69,1376.50,0.00,0.0000,1565.69,0.00,0.00,1.0000,0,0
174.0,1,Pasillo,0.00,230.81,84.14,84.14,0.0583,30.00,2.353,1.873,2.202,1.995,0.18393,154,1211,24997,0.0063,99.9,0,-1.0,800.00,0.0000,0.00,0.00,0.00,0.0000,0.00,0.00,0.00,1.0000,0,0
174.0,2,Dormitorio1,0.00,37.83,20.92,20.92,0.0257,30.00,2.386,2.400,2.400,0.000,0.19797,45,36,7331,0.0018,100.0,0,-1.0,3500.00,0.0000,0.00,0.00,0.00,0.0000,0.00,0.00,0.00,1.0000,0,0
174.0,3,Dormitorio2,0.00,137.11,22.11,22.11,0.0224,30.00,2.379,2.280,2.400,0.218,0.19511,61,448,9855,0.0022,100.0,0,-1.0,2500.00,0.0000,0.00,0.00,0.00,0.0000,0.00,0.00,0.00,1.0000,0,0
174.0,4,Cocina,0.00,37.85,20.65,20.65,0.0280,30.00,2.390,2.400,2.400,0.000,0.20034,34,40,5498,0.0016,100.0,0,-1.0,3500.00,0.0000,0.00,0.00,0.00,0.0000,0.00,0.00,0.00,1.0000,0,0
174.0,5,Bano,0.00,143.31,21.45,21.45,0.0206,30.00,2.381,2.337,2.400,0.084,0.19610,55,493,8979,0.0021,100.0,0,-1.0,400.00,0.0000,0.00,0.00,0.00,0.0000,0.00,0.00,0.00,1.0000,0,0
175.0,0,Salon,1394.15,356.60,111.11,111.11,0.2423,30.00,2.278,1.280,1.838,5.882,0.14822,255,2753,41544,0.0298,99.7,0,-1.0,5910.48,0.0000,1584.65,1394.15,0.00,0.0000,1584.65,0.00,0.00,1.0000,0,0
175.0,1,Pasillo,0.00,233.71,85.42,85.42,0.0584,30.00,2.353,1.873,2.196,1.988,0.18337,158,1256,25663,0.0066,99.9,0,-1.0,800.00,0.0000,0.00,0.00,0.00,0.0000,0.00,0.00,0.00,1.0000,0,0
175.0,2,Dormitorio1,0.00,37.90,20.95,20.95,0.0261,30.00,2.386,2.400,2.400,0.000,0.19766,47,37,7584,0.0019,100.0,0,-1.0,3500.00,0.0000,0.00,0.00,0.00,0.0000,0.00,0.00,0.00,1.0000,0,0
175.0,3,Dormitorio2,0.00,136.03,22.33,22.33,0.0228,30.00,2.379,2.267,2.400,0.255,0.19475,63,454,10183,0.0023,100.0,0,-1.0,2500.00,0.0000,0.00,0.00,0.00,0.0000,0.00,0.00,0.00,1.0000,0,0
175.0,4,Cocina,0.00,37.92,20.67,20.67,0.0285,30.00,2.389,2.400,2.400,0.000,0.20009,35,41,5692,0.0016,100.0,0,-1.0,3500.00,0.0000,0.00,0.00,0.00,0.0000,0.00,0.00,0.00,1.0000,0,0
175.0,5,Bano,0.00,142.95,21.59,21.59,0.0210,30.00,2.380,2.325,2.400,0.112,0.19575,57,499,9281,0.0022,100.0,0,-1.0,400.00,0.0000,0.00,0.00,0.00,0.0000,0.00,0.00,0.00,1.0000,0,0
176.0,0,Salon,1411.92,358.69,112.40,112.40,0.2451,30.00,2.276,1.273,1.834,5.944,0.14732,258,2787,41985,0.0307,99.7,0,-1.0,5908.89,0.0000,1603.72,1411.92,0.00,0.0000,1603.72,0.00,0.00,1.0000,0,0
176.0,1,Pasillo,0.00,236.57,86.71,86.71,0.0591,30.00,2.352,1.873,2.191,1.998,0.18281,162,1288,26344,0.0068,99.9,0,-1.0,800.00,0.0000,0.00,0.00,0.00,0.0000,0.00,0.00,0.00,1.0000,0,0
176.0,2,Dormitorio1,0.00,38.15,20.98,20.98,0.0266,30.00,2.386,2.400,2.400,0.000,0.19735,48,38,7842,0.0019,100.0,0,-1.0,3500.00,0.0000,0.00,0.00,0.00,0.0000,0.00,0.00,0.00,1.0000,0,0
176.0,3,Dormitorio2,0.00,134.93,22.56,22.56,0.0231,30.00,2.378,2.255,2.400,0.293,0.19438,65,460,10518,0.0024,100.0,0,-1.0,2500.00,0.0000,0.00,0.00,0.00,0.0000,0.00,0.00,0.00,1.0000,0,0
176.0,4,Cocina,0.00,38.17,20.69,20.69,0.0291,30.00,2.389,2.400,2.400,0.000,0.19983,36,42,5891,0.0017,100.0,0,-1.0,3500.00,0.0000,0.00,0.00,0.00,0.0000,0.00,0.00,0.00,1.0000,0,0
176.0,5,Bano,0.00,142.25,21.74,21.74,0.0213,30.00,2.380,2.313,2.400,0.143,0.19540,59,506,9590,0.0022,100.0,0,-1.0,400.00,0.0000,0.00,0.00,0.00,0.0000,0.00,0.00,0.00,1.0000,0,0
177.0,0,Salon,1429.81,360.77,113.71,113.71,0.2480,30.00,2.274,1.266,1.830,6.007,0.14641,261,2822,42424,0.0316,99.7,0,-1.0,5907.27,0.0000,1622.92,1429.81,0.00,0.0000,1622.92,0.00,0.00,1.0000,0,0
177.0,1,Pasillo,0.00,239.38,88.00,88.00,0.0591,30.00,2.352,1.872,2.186,1.989,0.18223,166,1336,27037,0.0071,99.9,0,-1.0,800.00,0.0000,0.00,0.00,0.00,0.0000,0.00,0.00,0.00,1.0000,0,0
177.0,2,Dormitorio1,0.00,42.72,21.01,21.01,0.0271,30.00,2.386,2.399,2.400,0.000,0.19703,50,246,8107,0.0020,100.0,0,-1.0,3500.00,0.0000,0.00,0.00,0.00,0.0000,0.00,0.00,0.00,1.0000,0,0
177.0,3,Dormitorio2,0.00,133.81,22.80,22.80,0.0235,30.00,2.378,2.242,2.400,0.331,0.19400,67,466,10861,0.0024,100.0,0,-1.0,2500.00,0.0000,0.00,0.00,0.00,0.0000,0.00,0.00,0.00,1.0000,0,0
177.0,4,Cocina,0.00,38.22,20.71,20.71,0.0296,30.00,2.389,2.400,2.400,0.000,0.19957,38,43,6095,0.0017,100.0,0,-1.0,3500.00,0.0000,0.00,0.00,0.00,0.0000,0.00,0.00,0.00,1.0000,0,0
177.0,5,Bano,0.00,141.34,21.91,21.91,0.0217,30.00,2.380,2.302,2.400,0.176,0.19503,61,512,9907,0.0023,100.0,0,-1.0,400.00,0.0000,0.00,0.00,0.00,0.0000,0.00,0.00,0.00,1.0000,0,0
178.0,0,Salon,1447.83,362.85,115.03,115.03,0.2508,30.00,2.272,1.258,1.826,6.070,0.14550,263,2857,42859,0.0326,99.7,0,-1.0,5905.64,0.0000,1642.24,1447.83,0.00,0.0000,1642.24,0.00,0.00,1.0000,0,0
178.0,1,Pasillo,0.00,242.18,89.29,89.29,0.0598,30.00,2.351,1.871,2.181,1.997,0.18165,171,1371,27746,0.0074,99.9,0,-1.0,800.00,0.0000,0.00,0.00,0.00,0.0000,0.00,0.00,0.00,1.0000,0,0
178.0,2,Dormitorio1,0.00,131.53,21.05,21.05,0.0275,30.00,2.384,2.391,2.400,0.002,0.19671,52,635,8379,0.0021,100.0,0,-1.0,3500.00,0.0000,0.00,0.00,0.00,0.0000,0.00,0.00,0.00,1.0000,0,0
178.0,3,Dormitorio2,0.00,132.70,23.06,23.06,0.0239,30.00,2.378,2.229,2.400,0.369,0.19362,69,472,11213,0.0025,100.0,0,-1.0,2500.00,0.0000,0.00,0.00,0.00,0.0000,0.00,0.00,0.00,1.0000,0,0
178.0,4,Cocina,0.00,38.45,20.73,20.73,0.0302,30.00,2.389,2.400,2.400,0.000,0.19930,39,44,6304,0.0017,100.0,0,-1.0,3500.00,0.0000,0.00,0.00,0.00,0.0000,0.00,0.00,0.00,1.0000,0,0
178.0,5,Bano,0.00,140.33,22.09,22.09,0.0220,30.00,2.379,2.290,2.400,0.209,0.19467,63,519,10231,0.0023,100.0,0,-1.0,400.00,0.0000,0.00,0.00,0.00,0.0000,0.00,0.00,0.00,1.0000,0,0
179.0,0,Salon,1465.96,364.93,116.36,116.36,0.2537,30.00,2.270,1.251,1.822,6.132,0.14458,266,2893,43290,0.0336,99.7,0,-1.0,5903.99,0.0000,1661.68,1465.96,0.00,0.0000,1661.68,0.00,0.00,1.0000,0,0
179.0,1,Pasillo,0.00,244.96,90.59,90.59,0.0602,30.00,2.351,1.871,2.175,1.999,0.18105,175,1412,28469,0.0077,99.9,0,-1.0,800.00,0.0000,0.00,0.00,0.00,0.0000,0.00,0.00,0.00,1.0000,0,0
179.0,2,Dormitorio1,0.00,148.56,21.10,21.10,0.0280,30.00,2.383,2.382,2.400,0.010,0.19638,53,641,8656,0.0021,100.0,0,-1.0,3500.00,0.0000,0.00,0.00,0.00,0.0000,0.00,0.00,0.00,1.0000,0,0
179.0,3,Dormitorio2,0.00,131.59,23.33,23.33,0.0242,30.00,2.378,2.217,2.400,0.407,0.19322,71,478,11572,0.0026,100.0,0,-1.0,2500.00,0.0000,0.00,0.00,0.00,0.0000,0.00,0.00,0.00,1.0000,0,0
179.0,4,Cocina,0.00,38.62,20.75,20.75,0.0307,30.00,2.389,2.400,2.400,0.000,0.19903,40,45,6518,0.0018,100.0,0,-1.0,3500.00,0.0000,0.00,0.00,0.00,0.0000,0.00,0.00,0.00,1.0000,0,0
179.0,5,Bano,0.00,139.25,22.29,22.29,0.0223,30.00,2.379,2.279,2.400,0.243,0.19430,65,526,10563,0.0024,100.0,0,-1.0,400.00,0.0000,0.00,0.00,0.00,0.0000,0.00,0.00,0.00,1.0000,0,0
180.0,0,Salon,1484.22,366.99,117.70,117.70,0.2565,30.00,2.268,1.244,1.818,6.195,0.14365,269,2929,43717,0.0347,99.7,0,-1.0,5902.32,0.0000,1681.24,1484.22,0.00,0.0000,1681.24,0.00,0.00,1.0000,0,0
180.0,1,Pasillo,0.00,247.68,91.90,91.90,0.0605,30.00,2.350,1.871,2.170,1.993,0.18045,180,1459,29206,0.0080,99.9,0,-1.0,800.00,0.0000,0.00,0.00,0.00,0.0000,0.00,0.00,0.00,1.0000,0,0
180.0,2,Dormitorio1,0.00,153.18,21.17,21.17,0.0285,30.00,2.382,2.373,2.400,0.024,0.19605,55,648,8941,0.0022,100.0,0,-1.0,3500.00,0.0000,0.00,0.00,0.00,0.0000,0.00,0.00,0.00,1.0000,0,0
180.0,3,Dormitorio2,0.00,130.52,23.62,23.62,0.0246,30.00,2.377,2.204,2.400,0.445,0.19283,74,484,11939,0.0026,100.0,0,-1.0,2500.00,0.0000,0.00,0.00,0.00,0.0000,0.00,0.00,0.00,1.0000,0,0
180.0,4,Cocina,0.00,38.70,20.78,20.78,0.0313,30.00,2.388,2.400,2.400,0.000,0.19875,41,46,6737,0.0018,100.0,0,-1.0,3500.00,0.0000,0.00,0.00,0.00,0.0000,0.00,0.00,0.00,1.0000,0,0
180.0,5,Bano,0.00,138.14,22.50,22.50,0.0227,30.00,2.379,2.268,2.400,0.277,0.19392,67,533,10902,0.0025,100.0,0,-1.0,400.00,0.0000,0.00,0.00,0.00,0.0000,0.00,0.00,0.00,1.0000,0,0
181.0,0,Salon,1502.60,369.06,119.04,119.04,0.2594,30.00,2.266,1.237,1.814,6.258,0.14271,271,2965,44140,0.0360,99.6,0,-1.0,5900.62,0.0000,1700.93,1502.60,0.00,0.0000,1700.93,0.00,0.00,1.0000,0,0
181.0,1,Pasillo,0.00,250.38,93.22,93.22,0.0609,30.00,2.350,1.870,2.166,1.994,0.17984,184,1503,29959,0.0083,99.9,0,-1.0,800.00,0.0000,0.00,0.00,0.00,0.0000,0.00,0.00,0.00,1.0000,0,0
181.0,2,Dormitorio1,0.00,154.36,21.26,21.26,0.0290,30.00,2.382,2.363,2.400,0.041,0.19571,57,655,9232,0.0022,100.0,0,-1.0,3500.00,0.0000,0.00,0.00,0.00,0.0000,0.00,0.00,0.00,1.0000,0,0
181.0,3,Dormitorio2,0.00,129.45,23.92,23.92,0.0249,30.00,2.377,2.192,2.400,0.482,0.19243,76,490,12315,0.0027,100.0,0,-1.0,2500.00,0.0000,0.00,0.00,0.00,0.0000,0.00,0.00,0.00,1.0000,0,0
181.0,4,Cocina,0.00,38.85,20.80,20.80,0.0318,30.00,2.388,2.400,2.400,0.000,0.19847,43,47,6962,0.0019,100.0,0,-1.0,3500.00,0.0000,0.00,0.00,0.00,0.0000,0.00,0.00,0.00,1.0000,0,0
181.0,5,Bano,0.00,137.00,22.73,22.73,0.0230,30.00,2.378,2.256,2.400,0.312,0.19353,69,540,11250,0.0025,100.0,0,-1.0,400.00,0.0000,0.00,0.00,0.00,0.0000,0.00,0.00,0.00,1.0000,0,0
182.0,0,Salon,1521.10,371.11,120.40,120.40,0.2622,30.00,2.265,1.230,1.809,6.321,0.14177,274,3002,44558,0.0374,99.6,0,-1.0,5898.91,0.0000,1720.73,1521.10,0.00,0.0000,1720.73,0.00,0.00,1.0000,0,0
182.0,1,Pasillo,0.00,253.01,94.54,94.54,0.0615,30.00,2.349,1.868,2.161,1.999,0.17923,189,1542,30726,0.0086,99.9,0,-1.0,800.00,0.0000,0.00,0.00,0.00,0.0000,0.00,0.00,0.00,1.0000,0,0
182.0,2,Dormitorio1,0.00,154.26,21.35,21.35,0.0294,30.00,2.381,2.354,2.400,0.062,0.19536,59,663,9529,0.0023,100.0,0,-1.0,3500.00,0.0000,0.00,0.00,0.00,0.0000,0.00,0.00,0.00,1.0000,0,0
182.0,3,Dormitorio2,0.00,128.42,24.24,24.24,0.0253,30.00,2.377,2.179,2.400,0.519,0.19202,78,497,12700,0.0028,100.0,0,-1.0,2500.00,0.0000,0.00,0.00,0.00,0.0000,0.00,0.00,0.00,1.0000,0,0
182.0,4,Cocina,0.00,39.06,20.82,20.82,0.0324,30.00,2.388,2.400,2.400,0.000,0.19819,44,48,7192,0.0019,100.0,0,-1.0,3500.00,0.0000,0.00,0.00,0.00,0.0000,0.00,0.00,0.00,1.0000,0,0
182.0,5,Bano,0.00,135.88,22.97,22.97,0.0234,30.00,2.378,2.245,2.400,0.346,0.19314,71,546,11605,0.0026,100.0,0,-1.0,400.00,0.0000,0.00,0.00,0.00,0.0000,0.00,0.00,0.00,1.0000,0,0
183.0,0,Salon,1539.72,373.16,121.77,121.77,0.2650,30.00,2.263,1.223,1.805,6.384,0.14082,276,3040,44971,0.0388,99.6,0,-1.0,5897.18,0.0000,1740.66,1539.72,0.00,0.0000,1740.66,0.00,0.00,1.0000,0,0
183.0,1,Pasillo,0.00,255.55,95.88,95.88,0.0623,30.00,2.348,1.865,2.156,2.011,0.17860,194,1579,31509,0.0090,99.9,0,-1.0,800.00,0.0000,0.00,0.00,0.00,0.0000,0.00,0.00,0.00,1.0000,0,0
183.0,2,Dormitorio1,0.00,153.62,21.46,21.46,0.0299,30.00,2.381,2.345,2.399,0.085,0.19501,61,670,9835,0.0023,100.0,0,-1.0,3500.00,0.0000,0.00,0.00,0.00,0.0000,0.00,0.00,0.00,1.0000,0,0
183.0,3,Dormitorio2,0.00,127.44,24.56,24.56,0.0257,30.00,2.376,2.167,2.400,0.555,0.19160,81,503,13094,0.0029,100.0,0,-1.0,2500.00,0.0000,0.00,0.00,0.00,0.0000,0.00,0.00,0.00,1.0000,0,0
183.0,4,Cocina,0.00,39.30,20.84,20.84,0.0330,30.00,2.388,2.400,2.400,0.000,0.19790,46,49,7427,0.0020,100.0,0,-1.0,3500.00,0.0000,0.00,0.00,0.00,0.0000,0.00,0.00,0.00,1.0000,0,0
183.0,5,Bano,0.00,134.80,23.22,23.22,0.0237,30.00,2.378,2.234,2.400,0.380,0.19275,74,553,11969,0.0027,100.0,0,-1.0,400.00,0.0000,0.00,0.00,0.00,0.0000,0.00,0.00,0.00,1.0000,0,0
184.0,0,Salon,1558.47,375.20,123.14,123.14,0.2678,30.00,2.261,1.216,1.801,6.448,0.13985,279,3078,45379,0.0402,99.6,0,-1.0,5895.43,0.0000,1760.71,1558.47,0.00,0.0000,1760.71,0.00,0.00,1.0000,0,0
184.0,1,Pasillo,0.00,257.99,97.24,97.24,0.0633,30.00,2.347,1.860,2.150,2.028,0.17797,199,1612,32305,0.0093,99.9,0,-1.0,800.00,0.0000,0.00,0.00,0.00,0.0000,0.00,0.00,0.00,1.0000,0,0
184.0,2,Dormitorio1,0.00,152.74,21.58,21.58,0.0304,30.00,2.381,2.336,2.399,0.110,0.19465,62,676,10148,0.0024,100.0,0,-1.0,3500.00,0.0000,0.00,0.00,0.00,0.0000,0.00,0.00,0.00,1.0000,0,0
184.0,3,Dormitorio2,0.00,126.53,24.91,24.91,0.0260,30.00,2.376,2.154,2.400,0.591,0.19118,83,509,13497,0.0030,100.0,0,-1.0,2500.00,0.0000,0.00,0.00,0.00,0.0000,0.00,0.00,0.00,1.0000,0,0
184.0,4,Cocina,0.00,39.58,20.87,20.87,0.0335,30.00,2.388,2.400,2.400,0.000,0.19760,47,51,7669,0.0020,100.0,0,-1.0,3500.00,0.0000,0.00,0.00,0.00,0.0000,0.00,0.00,0.00,1.0000,0,0
184.0,5,Bano,0.00,133.78,23.48,23.48,0.0241,30.00,2.378,2.223,2.400,0.414,0.19234,76,559,12342,0.0028,100.0,0,-1.0,400.00,0.0000,0.00,0.00,0.00,0.0000,0.00,0.00,0.00,1.0000,0,0
185.0,0,Salon,1577.33,377.23,124.52,124.52,0.2705,30.00,2.259,1.209,1.797,6.511,0.13888,281,3116,45781,0.0417,99.0,0,-1.0,5893.66,0.0000,1780.88,1577.33,0.00,0.0000,1780.88,0.00,0.00,1.0000,0,0
185.0,1,Pasillo,0.00,260.34,98.64,98.64,0.0644,30.00,2.345,1.855,2.144,2.050,0.17733,204,1644,33115,0.0097,99.9,0,-1.0,800.00,0.0000,0.00,0.00,0.00,0.0000,0.00,0.00,0.00,1.0000,0,0
185.0,2,Dormitorio1,0.00,151.74,21.72,21.72,0.0309,30.00,2.380,2.326,2.399,0.136,0.19429,64,682,10468,0.0025,100.0,0,-1.0,3500.00,0.0000,0.00,0.00,0.00,0.0000,0.00,0.00,0.00,1.0000,0,0
185.0,3,Dormitorio2,0.00,125.70,25.26,25.26,0.0264,30.00,2.376,2.142,2.400,0.627,0.19075,86,515,13910,0.0031,100.0,0,-1.0,2500.00,0.0000,0.00,0.00,0.00,0.0000,0.00,0.00,0.00,1.0000,0,0
185.0,4,Cocina,0.00,39.88,20.89,20.89,0.0341,30.00,2.387,2.400,2.400,0.000,0.19730,49,52,7917,0.0021,100.0,0,-1.0,3500.00,0.0000,0.00,0.00,0.00,0.0000,0.00,0.00,0.00,1.0000,0,0
185.0,5,Bano,0.00,132.82,23.76,23.76,0.0245,30.00,2.377,2.211,2.400,0.448,0.19193,78,565,12724,0.0029,100.0,0,-1.0,400.00,0.0000,0.00,0.00,0.00,0.0000,0.00,0.00,0.00,1.0000,0,0
186.0,0,Salon,1596.32,379.26,125.91,125.91,0.2733,30.00,2.258,1.201,1.793,6.574,0.13790,284,3155,46177,0.0432,99.0,0,-1.0,5891.87,0.0000,1801.18,1596.32,0.00,0.0000,1801.18,0.00,0.00,1.0000,0,0
186.0,1,Pasillo,0.00,262.59,100.07,100.07,0.0657,30.00,2.344,1.849,2.138,2.077,0.17669,209,1674,33938,0.0101,99.9,0,-1.0,800.00,0.0000,0.00,0.00,0.00,0.0000,0.00,0.00,0.00,1.0000,0,0
186.0,2,Dormitorio1,0.00,150.71,21.86,21.86,0.0314,30.00,2.380,2.317,2.399,0.163,0.19391,66,687,10798,0.0025,100.0,0,-1.0,3500.00,0.0000,0.00,0.00,0.00,0.0000,0.00,0.00,0.00,1.0000,0,0
186.0,3,Dormitorio2,0.00,124.95,25.63,25.63,0.0268,30.00,2.375,2.129,2.400,0.663,0.19032,88,520,14334,0.0031,100.0,0,-1.0,2500.00,0.0000,0.00,0.00,0.00,0.0000,0.00,0.00,0.00,1.0000,0,0
186.0,4,Cocina,0.00,40.20,20.91,20.91,0.0347,30.00,2.387,2.400,2.400,0.000,0.19699,50,53,8172,0.0021,100.0,0,-1.0,3500.00,0.0000,0.00,0.00,0.00,0.0000,0.00,0.00,0.00,1.0000,0,0
186.0,5,Bano,0.00,131.94,24.05,24.05,0.0248,30.00,2.377,2.200,2.400,0.482,0.19151,81,571,13116,0.0029,100.0,0,-1.0,400.00,0.0000,0.00,0.00,0.00,0.0000,0.00,0.00,0.00,1.0000,0,0
187.0,0,Salon,1615.43,381.27,127.31,127.31,0.2760,30.00,2.256,1.194,1.789,6.637,0.13691,286,3195,46567,0.0447,98.9,0,-1.0,5890.05,0.0000,1821.59,1615.43,0.00,0.0000,1821.59,0.00,0.00,1.0000,0,0
187.0,1,Pasillo,0.00,264.77,101.54,101.54,0.0670,30.00,2.342,1.843,2.131,2.107,0.17604,214,1702,34775,0.0104,99.9,0,-1.0,800.00,0.0000,0.00,0.00,0.00,0.0000,0.00,0.00,0.00,1.0000,0,0
187.0,2,Dormitorio1,0.00,149.68,22.03,22.03,0.0319,30.00,2.380,2.307,2.399,0.192,0.19354,69,691,11135,0.0026,100.0,0,-1.0,3500.00,0.0000,0.00,0.00,0.00,0.0000,0.00,0.00,0.00,1.0000,0,0
187.0,3,Dormitorio2,0.00,124.28,26.02,26.02,0.0272,30.00,2.375,2.115,2.400,0.699,0.18987,91,525,14769,0.0032,100.0,0,-1.0,2500.00,0.0000,0.00,0.00,0.00,0.0000,0.00,0.00,0.00,1.0000,0,0
187.0,4,Cocina,0.00,40.54,20.94,20.94,0.0353,30.00,2.387,2.400,2.400,0.000,0.19668,52,54,8434,0.0022,100.0,0,-1.0,3500.00,0.0000,0.00,0.00,0.00,0.0000,0.00,0.00,0.00,1.0000,0,0
187.0,5,Bano,0.00,131.14,24.35,24.35,0.0252,30.00,2.377,2.188,2.400,0.516,0.19109,83,576,13519,0.0030,100.0,0,-1.0,400.00,0.0000,0.00,0.00,0.00,0.0000,0.00,0.00,0.00,1.0000,0,0
188.0,0,Salon,1634.65,383.28,128.71,128.71,0.2788,30.00,2.254,1.187,1.785,6.701,0.13591,288,3235,46950,0.0463,98.9,0,-1.0,5888.22,0.0000,1842.13,1634.65,0.00,0.0000,1842.13,0.00,0.00,1.0000,0,0
188.0,1,Pasillo,0.00,266.87,103.05,103.05,0.0685,30.00,2.341,1.836,2.124,2.141,0.17539,219,1729,35624,0.0109,99.9,0,-1.0,800.00,0.0000,0.00,0.00,0.00,0.0000,0.00,0.00,0.00,1.0000,0,0
188.0,2,Dormitorio1,0.00,148.68,22.20,22.20,0.0324,30.00,2.380,2.297,2.399,0.221,0.19315,71,694,11482,0.0027,100.0,0,-1.0,3500.00,0.0000,0.00,0.00,0.00,0.0000,0.00,0.00,0.00,1.0000,0,0
188.0,3,Dormitorio2,0.00,123.68,26.42,26.42,0.0276,30.00,2.375,2.102,2.400,0.735,0.18942,94,530,15216,0.0033,100.0,0,-1.0,2500.00,0.0000,0.00,0.00,0.00,0.0000,0.00,0.00,0.00,1.0000,0,0
188.0,4,Cocina,0.00,40.89,20.96,20.96,0.0360,30.00,2.387,2.400,2.400,0.000,0.19636,54,55,8703,0.0022,100.0,0,-1.0,3500.00,0.0000,0.00,0.00,0.00,0.0000,0.00,0.00,0.00,1.0000,0,0
188.0,5,Bano,0.00,130.41,24.67,24.67,0.0256,30.00,2.376,2.176,2.400,0.550,0.19066,86,581,13932,0.0031,100.0,0,-1.0,400.00,0.0000,0.00,0.00,0.00,0.0000,0.00,0.00,0.00,1.0000,0,0
189.0,0,Salon,1654.00,385.28,130.12,130.12,0.2815,30.00,2.252,1.180,1.781,6.764,0.13490,291,3276,47325,0.0479,98.9,0,-1.0,5886.37,0.0000,1862.78,1654.00,0.00,0.0000,1862.78,0.00,0.00,1.0000,0,0
189.0,1,Pasillo,0.00,268.93,104.60,104.60,0.0701,30.00,2.339,1.829,2.117,2.179,0.17474,224,1756,36486,0.0113,99.9,0,-1.0,800.00,0.0000,0.00,0.00,0.00,0.0000,0.00,0.00,0.00,1.0000,0,0
189.0,2,Dormitorio1,0.00,147.73,22.39,22.39,0.0330,30.00,2.379,2.287,2.399,0.251,0.19276,73,697,11839,0.0028,100.0,0,-1.0,3500.00,0.0000,0.00,0.00,0.00,0.0000,0.00,0.00,0.00,1.0000,0,0
189.0,3,Dormitorio2,0.00,123.17,26.83,26.83,0.0281,30.00,2.374,2.088,2.400,0.772,0.18896,96,534,15674,0.0034,100.0,0,-1.0,2500.00,0.0000,0.00,0.00,0.00,0.0000,0.00,0.00,0.00,1.0000,0,0
189.0,4,Cocina,0.00,41.25,20.99,20.99,0.0366,30.00,2.386,2.400,2.400,0.000,0.19604,55,56,8979,0.0023,100.0,0,-1.0,3500.00,0.0000,0.00,0.00,0.00,0.0000,0.00,0.00,0.00,1.0000,0,0
189.0,5,Bano,0.00,129.76,25.00,25.00,0.0260,30.00,2.376,2.164,2.400,0.585,0.19022,88,585,14356,0.0032,100.0,0,-1.0,400.00,0.0000,0.00,0.00,0.00,0.0000,0.00,0.00,0.00,1.0000,0,0
190.0,0,Salon,1673.48,387.27,131.53,131.53,0.2841,30.00,2.251,1.173,1.777,6.827,0.13388,293,3317,47693,0.0496,98.8,0,-1.0,5884.49,0.0000,1883.56,1673.48,0.00,0.0000,1883.56,0.00,0.00,1.0000,0,0
190.0,1,Pasillo,0.00,270.94,106.20,106.20,0.0719,30.00,2.337,1.822,2.109,2.218,0.17409,230,1782,37360,0.0117,99.9,0,-1.0,800.00,0.0000,0.00,0.00,0.00,0.0000,0.00,0.00,0.00,1.0000,0,0
190.0,2,Dormitorio1,0.00,146.82,22.59,22.59,0.0336,30.00,2.379,2.277,2.399,0.282,0.19237,75,700,12205,0.0028,100.0,0,-1.0,3500.00,0.0000,0.00,0.00,0.00,0.0000,0.00,0.00,0.00,1.0000,0,0
190.0,3,Dormitorio2,0.00,122.74,27.26,27.26,0.0285,30.00,2.374,2.074,2.400,0.809,0.18850,99,539,16145,0.0035,100.0,0,-1.0,2500.00,0.0000,0.00,0.00,0.00,0.0000,0.00,0.00,0.00,1.0000,0,0
190.0,4,Cocina,0.00,56.61,21.01,21.01,0.0373,30.00,2.386,2.399,2.400,0.000,0.19571,57,378,9263,0.0023,100.0,0,-1.0,3500.00,0.0000,0.00,0.00,0.00,0.0000,0.00,0.00,0.00,1.0000,0,0
190.0,5,Bano,0.00,129.19,25.35,25.35,0.0265,30.00,2.375,2.151,2.400,0.620,0.18978,91,589,14791,0.0033,100.0,0,-1.0,400.00,0.0000,0.00,0.00,0.00,0.0000,0.00,0.00,0.00,1.0000,0,0
191.0,0,Salon,1693.07,389.25,132.95,132.95,0.2868,30.00,2.249,1.166,1.773,6.891,0.13285,295,3359,48052,0.0513,98.8,0,-1.0,5882.60,0.0000,1904.46,1693.07,0.00,0.0000,1904.46,0.00,0.00,1.0000,0,0
191.0,1,Pasillo,0.00,272.94,107.84,107.84,0.0737,30.00,2.335,1.815,2.101,2.260,0.17343,235,1808,38247,0.0122,99.9,0,-1.0,800.00,0.0000,0.00,0.00,0.00,0.0000,0.00,0.00,0.00,1.0000,0,0
191.0,2,Dormitorio1,0.00,145.98,22.80,22.80,0.0342,30.00,2.379,2.267,2.399,0.313,0.19196,77,702,12581,0.0029,100.0,0,-1.0,3500.00,0.0000,0.00,0.00,0.00,0.0000,0.00,0.00,0.00,1.0000,0,0
191.0,3,Dormitorio2,0.00,122.39,27.71,27.71,0.0290,30.00,2.373,2.059,2.400,0.847,0.18803,102,542,16629,0.0036,100.0,0,-1.0,2500.00,0.0000,0.00,0.00,0.00,0.0000,0.00,0.00,0.00,1.0000,0,0
191.0,4,Cocina,0.00,156.06,21.05,21.05,0.0380,30.00,2.384,2.392,2.400,0.003,0.19538,59,806,9554,0.0024,100.0,0,-1.0,3500.00,0.0000,0.00,0.00,0.00,0.0000,0.00,0.00,0.00,1.0000,0,0
191.0,5,Bano,0.00,128.69,25.71,25.71,0.0269,30.00,2.375,2.138,2.400,0.656,0.18933,94,593,15239,0.0034,100.0,0,-1.0,400.00,0.0000,0.00,0.00,0.00,0.0000,0.00,0.00,0.00,1.0000,0,0
192.0,0,Salon,1712.78,391.21,134.38,134.38,0.2894,30.00,2.247,1.158,1.769,6.954,0.13182,297,3402,48403,0.0530,98.8,0,-1.0,5880.68,0.0000,1925.47,1712.78,0.00,0.0000,1925.47,0.00,0.00,1.0000,0,0
192.0,1,Pasillo,0.00,274.93,109.53,109.53,0.0756,30.00,2.332,1.807,2.093,2.304,0.17277,241,1834,39145,0.0127,99.9,0,-1.0,800.00,0.0000,0.00,0.00,0.00,0.0000,0.00,0.00,0.00,1.0000,0,0
192.0,2,Dormitorio1,0.00,145.20,23.03,23.03,0.0348,30.00,2.378,2.256,2.399,0.346,0.19155,80,704,12967,0.0030,100.0,0,-1.0,3500.00,0.0000,0.00,0.00,0.00,0.0000,0.00,0.00,0.00,1.0000,0,0
192.0,3,Dormitorio2,0.00,122.11,28.18,28.18,0.0295,30.00,2.373,2.043,2.400,0.887,0.18755,105,546,17126,0.0037,100.0,0,-1.0,2500.00,0.0000,0.00,0.00,0.00,0.0000,0.00,0.00,0.00,1.0000,0,0
192.0,4,Cocina,0.00,168.12,21.10,21.10,0.0387,30.00,2.383,2.384,2.400,0.011,0.19504,61,803,9853,0.0025,100.0,0,-1.0,3500.00,0.0000,0.00,0.00,0.00,0.0000,0.00,0.00,0.00,1.0000,0,0
192.0,5,Bano,0.00,128.28,26.09,26.09,0.0274,30.00,2.375,2.124,2.400,0.692,0.18887,97,596,15699,0.0035,100.0,0,-1.0,400.00,0.0000,0.00,0.00,0.00,0.0000,0.00,0.00,0.00,1.0000,0,0
193.0,0,Salon,1732.62,393.17,135.80,135.80,0.2919,30.00,2.246,1.151,1.765,7.018,0.13078,299,3445,48744,0.0548,98.8,0,-1.0,5878.75,0.0000,1946.61,1732.62,0.00,0.0000,1946.61,0.00,0.00,1.0000,0,0
193.0,1,Pasillo,0.00,276.89,111.26,111.26,0.0776,30.00,2.330,1.800,2.085,2.350,0.17211,246,1860,40054,0.0132,99.9,0,-1.0,800.00,0.0000,0.00,0.00,0.00,0.0000,0.00,0.00,0.00,1.0000,0,0
193.0,2,Dormitorio1,0.00,144.49,23.28,23.28,0.0355,30.00,2.378,2.245,2.399,0.379,0.19114,82,705,13365,0.0031,100.0,0,-1.0,3500.00,0.0000,0.00,0.00,0.00,0.0000,0.00,0.00,0.00,1.0000,0,0
193.0,3,Dormitorio2,0.00,121.92,28.66,28.66,0.0300,30.00,2.372,2.027,2.400,0.927,0.18706,108,549,17637,0.0038,100.0,0,-1.0,2500.00,0.0000,0.00,0.00,0.00,0.0000,0.00,0.00,0.00,1.0000,0,0
193.0,4,Cocina,0.00,170.71,21.16,21.16,0.0395,30.00,2.382,2.375,2.399,0.024,0.19470,63,801,10161,0.0025,100.0,0,-1.0,3500.00,0.0000,0.00,0.00,0.00,0.0000,0.00,0.00,0.00,1.0000,0,0
193.0,5,Bano,0.00,127.93,26.49,26.49,0.0279,30.00,2.374,2.110,2.400,0.730,0.18841,99,599,16172,0.0036,100.0,0,-1.0,400.00,0.0000,0.00,0.00,0.00,0.0000,0.00,0.00,0.00,1.0000,0,0
194.0,0,Salon,1752.58,395.12,137.23,137.23,0.2945,30.00,2.244,1.144,1.761,7.081,0.12973,301,3489,49076,0.0566,98.7,0,-1.0,5876.79,0.0000,1967.87,1752.58,0.00,0.0000,1967.87,0.00,0.00,1.0000,0,0
194.0,1,Pasillo,0.00,278.84,113.04,113.04,0.0796,30.00,2.327,1.792,2.076,2.397,0.17145,252,1887,40974,0.0137,99.9,0,-1.0,800.00,0.0000,0.00,0.00,0.00,0.0000,0.00,0.00,0.00,1.0000,0,0
194.0,2,Dormitorio1,0.00,143.84,23.54,23.54,0.0362,30.00,2.377,2.233,2.399,0.413,0.19072,85,706,13774,0.0032,100.0,0,-1.0,3500.00,0.0000,0.00,0.00,0.00,0.0000,0.00,0.00,0.00,1.0000,0,0
194.0,3,Dormitorio2,0.00,121.79,29.17,29.17,0.0306,30.00,2.372,2.011,2.400,0.969,0.18657,112,552,18162,0.0039,100.0,0,-1.0,2500.00,0.0000,0.00,0.00,0.00,0.0000,0.00,0.00,0.00,1.0000,0,0
194.0,4,Cocina,0.00,171.02,21.24,21.24,0.0403,30.00,2.382,2.366,2.398,0.041,0.19434,64,799,10478,0.0026,100.0,0,-1.0,3500.00,0.0000,0.00,0.00,0.00,0.0000,0.00,0.00,0.00,1.0000,0,0
194.0,5,Bano,0.00,127.66,26.91,26.91,0.0284,30.00,2.374,2.095,2.400,0.768,0.18794,102,602,16658,0.0037,100.0,0,-1.0,400.00,0.0000,0.00,0.00,0.00,0.0000,0.00,0.00,0.00,1.0000,0,0
195.0,0,Salon,1772.65,397.05,138.66,138.66,0.2969,30.00,2.242,1.137,1.757,7.144,0.12867,303,3533,49398,0.0585,98.7,0,-1.0,5874.81,0.0000,1989.25,1772.65,0.00,0.0000,1989.25,0.00,0.00,1.0000,0,0
195.0,1,Pasillo,0.00,280.77,114.86,114.86,0.0818,30.00,2.325,1.785,2.067,2.445,0.17080,258,1914,41904,0.0142,99.9,0,-1.0,800.00,0.0000,0.00,0.00,0.00,0.0000,0.00,0.00,0.00,1.0000,0,0
195.0,2,Dormitorio1,0.00,143.24,23.81,23.81,0.0369,30.00,2.377,2.221,2.399,0.448,0.19029,87,706,14194,0.0032,100.0,0,-1.0,3500.00,0.0000,0.00,0.00,0.00,0.0000,0.00,0.00,0.00,1.0000,0,0
195.0,3,Dormitorio2,0.00,121.73,29.70,29.70,0.0312,30.00,2.371,1.994,2.400,1.012,0.18607,115,555,18703,0.0041,100.0,0,-1.0,2500.00,0.0000,0.00,0.00,0.00,0.0000,0.00,0.00,0.00,1.0000,0,0
195.0,4,Cocina,0.00,170.56,21.33,21.33,0.0411,30.00,2.381,2.357,2.397,0.062,0.19399,66,797,10804,0.0027,100.0,0,-1.0,3500.00,0.0000,0.00,0.00,0.00,0.0000,0.00,0.00,0.00,1.0000,0,0
195.0,5,Bano,0.00,127.45,27.34,27.34,0.0290,30.00,2.373,2.080,2.400,0.808,0.18747,106,604,17158,0.0038,100.0,0,-1.0,400.00,0.0000,0.00,0.00,0.00,0.0000,0.00,0.00,0.00,1.0000,0,0
196.0,0,Salon,1792.85,398.97,140.10,140.10,0.2994,30.00,2.241,1.130,1.753,7.207,0.12761,305,3578,49709,0.0604,98.7,0,-1.0,5872.81,0.0000,2010.74,1792.85,0.00,0.0000,2010.74,0.00,0.00,1.0000,0,0
196.0,1,Pasillo,0.00,282.69,116.73,116.73,0.0840,30.00,2.322,1.778,2.059,2.494,0.17014,263,1941,42845,0.0148,99.9,0,-1.0,800.00,0.0000,0.00,0.00,0.00,0.0000,0.00,0.00,0.00,1.0000,0,0
196.0,2,Dormitorio1,0.00,142.71,24.10,24.10,0.0376,30.00,2.376,2.209,2.399,0.483,0.18986,90,707,14627,0.0033,100.0,0,-1.0,3500.00,0.0000,0.00,0.00,0.00,0.0000,0.00,0.00,0.00,1.0000,0,0
196.0,3,Dormitorio2,0.00,121.73,30.25,30.25,0.0318,30.00,2.370,1.976,2.400,1.057,0.18557,118,558,19258,0.0042,100.0,0,-1.0,2500.00,0.0000,0.00,0.00,0.00,0.0000,0.00,0.00,0.00,1.0000,0,0
196.0,4,Cocina,0.00,169.79,21.44,21.44,0.0420,30.00,2.381,2.348,2.396,0.085,0.19363,69,796,11139,0.0027,100.0,0,-1.0,3500.00,0.0000,0.00,0.00,0.00,0.0000,0.00,0.00,0.00,1.0000,0,0
196.0,5,Bano,0.00,127.30,27.80,27.80,0.0296,30.00,2.373,2.065,2.400,0.849,0.18699,109,606,17673,0.0039,100.0,0,-1.0,400.00,0.0000,0.00,0.00,0.00,0.0000,0.00,0.00,0.00,1.0000,0,0
197.0,0,Salon,1813.17,400.88,141.53,141.53,0.3018,30.00,1.803,1.123,1.749,7.270,0.12654,307,3624,50008,0.0624,98.6,0,-1.0,5870.78,0.0000,2032.36,1813.17,0.00,0.0000,2032.36,0.00,0.00,1.0000,0,0
197.0,1,Pasillo,0.00,284.60,118.63,118.63,0.0864,30.00,2.319,1.771,2.050,2.544,0.16949,269,1969,43797,0.0154,99.8,0,-1.0,800.00,0.0000,0.00,0.00,0.00,0.0000,0.00,0.00,0.00,1.0000,0,0
197.0,2,Dormitorio1,0.00,142.23,24.41,24.41,0.0384,30.00,2.376,2.196,2.399,0.520,0.18942,93,707,15072,0.0034,100.0,0,-1.0,3500.00,0.0000,0.00,0.00,0.00,0.0000,0.00,0.00,0.00,1.0000,0,0
197.0,3,Dormitorio2,0.00,121.79,30.82,30.82,0.0324,30.00,2.370,1.958,2.400,1.104,0.18505,122,560,19830,0.0043,100.0,0,-1.0,2500.00,0.0000,0.00,0.00,0.00,0.0000,0.00,0.00,0.00,1.0000,0,0
197.0,4,Cocina,0.00,168.89,21.56,21.56,0.0429,30.00,2.381,2.338,2.395,0.111,0.19326,71,794,11484,0.0028,100.0,0,-1.0,3500.00,0.0000,0.00,0.00,0.00,0.0000,0.00,0.00,0.00,1.0000,0,0
197.0,5,Bano,0.00,127.21,28.27,28.27,0.0302,30.00,2.372,2.049,2.400,0.892,0.18650,112,608,18201,0.0040,100.0,0,-1.0,400.00,0.0000,0.00,0.00,0.00,0.0000,0.00,0.00,0.00,1.0000,0,0
198.0,0,Salon,1833.61,402.78,142.97,142.97,0.3041,30.00,1.795,1.115,1.745,7.334,0.12546,309,3670,50296,0.0644,98.6,0,-1.0,5868.74,0.0000,2054.09,1833.61,0.00,0.0000,2054.09,0.00,0.00,1.0000,0,0
198.0,1,Pasillo,0.00,286.52,120.58,120.58,0.0888,30.00,2.316,1.764,2.040,2.594,0.16884,275,1998,44758,0.0160,99.8,0,-1.0,800.00,0.0000,0.00,0.00,0.00,0.0000,0.00,0.00,0.00,1.0000,0,0
198.0,2,Dormitorio1,0.00,141.80,24.74,24.74,0.0392,30.00,2.375,2.183,2.399,0.558,0.18898,96,707,15530,0.0035,100.0,0,-1.0,3500.00,0.0000,0.00,0.00,0.00,0.0000,0.00,0.00,0.00,1.0000,0,0
198.0,3,Dormitorio2,0.00,121.90,31.42,31.42,0.0331,30.00,2.369,1.939,2.400,1.152,0.18454,126,562,20417,0.0045,100.0,0,-1.0,2500.00,0.0000,0.00,0.00,0.00,0.0000,0.00,0.00,0.00,1.0000,0,0
198.0,4,Cocina,0.00,167.94,21.70,21.70,0.0438,30.00,2.380,2.329,2.394,0.139,0.19289,73,793,11839,0.0029,100.0,0,-1.0,3500.00,0.0000,0.00,0.00,0.00,0.0000,0.00,0.00,0.00,1.0000,0,0
198.0,5,Bano,0.00,127.17,28.77,28.77,0.0308,30.00,2.371,2.032,2.400,0.936,0.18601,115,610,18745,0.0041,100.0,0,-1.0,400.00,0.0000,0.00,0.00,0.00,0.0000,0.00,0.00,0.00,1.0000,0,0
199.0,0,Salon,1854.17,404.66,144.40,144.40,0.3063,30.00,1.788,1.108,1.741,7.397,0.12438,311,3717,50572,0.0665,98.6,0,-1.0,5866.67,0.0000,2075.95,1854.17,0.00,0.0000,2075.95,0.00,0.00,1.0000,0,0
199.0,1,Pasillo,0.00,288.44,122.57,122.57,0.0913,30.00,2.312,1.757,2.031,2.644,0.16820,281,2027,45730,0.0166,99.8,0,-1.0,800.00,0.0000,0.00,0.00,0.00,0.0000,0.00,0.00,0.00,1.0000,0,0
199.0,2,Dormitorio1,0.00,141.42,25.09,25.09,0.0401,30.00,2.375,2.170,2.399,0.597,0.18853,98,708,16000,0.0036,100.0,0,-1.0,3500.00,0.0000,0.00,0.00,0.00,0.0000,0.00,0.00,0.00,1.0000,0,0
199.0,3,Dormitorio2,0.00,122.06,32.05,32.05,0.0338,30.00,2.368,1.920,2.400,1.203,0.18401,129,564,21021,0.0046,100.0,0,-1.0,2500.00,0.0000,0.00,0.00,0.00,0.0000,0.00,0.00,0.00,1.0000,0,0
199.0,4,Cocina,0.00,166.98,21.86,21.86,0.0448,30.00,2.380,2.318,2.393,0.169,0.19251,75,792,12204,0.0029,100.0,0,-1.0,3500.00,0.0000,0.00,0.00,0.00,0.0000,0.00,0.00,0.00,1.0000,0,0
199.0,5,Bano,0.00,127.18,29.29,29.29,0.0315,30.00,2.371,2.015,2.400,0.982,0.18551,119,612,19305,0.0042,100.0,0,-1.0,400.00,0.0000,0.00,0.00,0.00,0.0000,0.00,0.00,0.00,1.0000,0,0
200.0,0,Salon,1874.85,406.53,145.84,145.84,0.3085,30.00,1.781,1.101,1.737,7.459,0.12329,312,3764,50835,0.0686,98.6,0,-1.0,5864.59,0.0000,2097.92,1874.85,0.00,0.0000,2097.92,0.00,0.00,1.0000,0,0
200.0,1,Pasillo,0.00,290.36,124.60,124.60,0.0938,30.00,2.309,1.751,2.022,2.694,0.16756,287,2057,46712,0.0172,99.8,0,-1.0,800.00,0.0000,0.00,0.00,0.00,0.0000,0.00,0.00,0.00,1.0000,0,0
200.0,2,Dormitorio1,0.00,141.08,25.45,25.45,0.0410,30.00,2.374,2.156,2.399,0.637,0.18807,101,708,16485,0.0037,100.0,0,-1.0,3500.00,0.0000,0.00,0.00,0.00,0.0000,0.00,0.00,0.00,1.0000,0,0
200.0,3,Dormitorio2,0.00,122.27,32.70,32.70,0.0346,30.00,2.367,1.900,2.400,1.256,0.18348,133,566,21642,0.0048,100.0,0,-1.0,2500.00,0.0000,0.00,0.00,0.00,0.0000,0.00,0.00,0.00,1.0000,0,0
200.0,4,Cocina,0.00,166.03,22.02,22.02,0.0458,30.00,2.379,2.308,2.392,0.200,0.19213,77,790,12580,0.0030,100.0,0,-1.0,3500.00,0.0000,0.00,0.00,0.00,0.0000,0.00,0.00,0.00,1.0000,0,0
200.0,5,Bano,0.00,127.24,29.83,29.83,0.0322,30.00,2.370,1.997,2.400,1.030,0.18500,122,613,19880,0.0043,100.0,0,-1.0,400.00,0.0000,0.00,0.00,0.00,0.0000,0.00,0.00,0.00,1.0000,0,0
201.0,0,Salon,1895.51,408.39,147.27,147.27,0.3107,30.00,1.774,1.094,1.733,7.522,0.12220,314,3812,51084,0.0708,98.5,0,-1.0,5862.48,0.0000,2109.71,1895.51,0.00,0.0000,2109.71,0.00,0.00,0.9999,0,0
201.0,1,Pasillo,0.00,292.28,126.66,126.66,0.0965,30.00,2.305,1.745,2.012,2.745,0.16692,293,2088,47703,0.0179,99.8,0,-1.0,800.00,0.0000,0.00,0.00,0.00,0.0000,0.00,0.00,0.00,1.0000,0,0
201.0,2,Dormitorio1,0.00,140.79,25.83,25.83,0.0419,30.00,2.374,2.142,2.399,0.679,0.18762,104,707,16983,0.0038,100.0,0,-1.0,3500.00,0.0000,0.00,0.00,0.00,0.0000,0.00,0.00,0.00,1.0000,0,0
201.0,3,Dormitorio2,0.00,122.51,33.38,33.38,0.0353,30.00,2.366,1.879,2.400,1.311,0.18294,137,568,22281,0.0050,99.9,0,-1.0,2500.00,0.0000,0.00,0.00,0.00,0.0000,0.00,0.00,0.00,1.0000,0,0
201.0,4,Cocina,0.00,165.12,22.21,22.21,0.0469,30.00,2.379,2.298,2.391,0.233,0.19174,80,789,12967,0.0031,100.0,0,-1.0,3500.00,0.0000,0.00,0.00,0.00,0.0000,0.00,0.00,0.00,1.0000,0,0
201.0,5,Bano,0.00,127.34,30.40,30.40,0.0329,30.00,2.369,1.979,2.400,1.079,0.18449,126,614,20472,0.0045,100.0,0,-1.0,400.00,0.0000,0.00,0.00,0.00,0.0000,0.00,0.00,0.00,1.0000,0,0
202.0,0,Salon,1912.81,410.19,148.70,148.70,0.3124,30.00,1.768,1.088,1.729,7.584,0.12110,315,3861,51319,0.0730,98.5,0,-1.0,5860.39,0.0000,2074.57,1912.81,0.00,0.0000,2074.57,0.00,0.00,0.9972,0,0
202.0,1,Pasillo,0.00,294.19,128.76,128.76,0.0992,30.00,2.302,1.738,2.003,2.795,0.16628,299,2119,48702,0.0186,99.8,0,-1.0,800.00,0.0000,0.00,0.00,0.00,0.0000,0.00,0.00,0.00,1.0000,0,0
202.0,2,Dormitorio1,0.00,140.54,26.24,26.24,0.0429,30.00,2.373,2.127,2.399,0.722,0.18715,108,707,17495,0.0039,100.0,0,-1.0,3500.00,0.0000,0.00,0.00,0.00,0.0000,0.00,0.00,0.00,1.0000,0,0
202.0,3,Dormitorio2,0.00,122.80,34.10,34.10,0.0362,30.00,2.365,1.857,2.400,1.368,0.18240,141,569,22937,0.0052,99.9,0,-1.0,2500.00,0.0000,0.00,0.00,0.00,0.0000,0.00,0.00,0.00,1.0000,0,0
202.0,4,Cocina,0.00,164.23,22.41,22.41,0.0480,30.00,2.378,2.287,2.390,0.267,0.19135,82,788,13364,0.0032,100.0,0,-1.0,3500.00,0.0000,0.00,0.00,0.00,0.0000,0.00,0.00,0.00,1.0000,0,0
202.0,5,Bano,0.00,127.47,31.00,31.00,0.0337,30.00,2.368,1.960,2.400,1.130,0.18398,130,616,21080,0.0047,100.0,0,-1.0,400.00,0.0000,0.00,0.00,0.00,0.0000,0.00,0.00,0.00,1.0000,0,0
203.0,0,Salon,1925.04,411.84,150.12,150.12,0.3139,30.00,1.764,1.084,1.690,7.643,0.12000,317,3912,51540,0.0753,98.3,0,-1.0,5858.34,0.0000,2030.62,1925.04,0.00,0.0000,2030.62,0.00,0.00,0.9912,0,0
203.0,1,Pasillo,0.00,296.03,130.89,130.89,0.1019,30.00,2.298,1.733,1.993,2.845,0.16566,305,2152,49700,0.0194,99.8,0,-1.0,800.00,0.0000,0.00,0.00,0.00,0.0000,0.00,0.00,0.00,1.0000,0,0
203.0,2,Dormitorio1,0.00,140.31,26.66,26.66,0.0439,30.00,2.372,2.112,2.399,0.766,0.18668,111,707,18021,0.0040,100.0,0,-1.0,3500.00,0.0000,0.00,0.00,0.00,0.0000,0.00,0.00,0.00,1.0000,0,0
203.0,3,Dormitorio2,0.00,123.11,34.85,34.85,0.0370,30.00,2.364,1.835,2.400,1.428,0.18184,145,571,23611,0.0055,99.9,0,-1.0,2500.00,0.0000,0.00,0.00,0.00,0.0000,0.00,0.00,0.00,1.0000,0,0
203.0,4,Cocina,0.00,163.36,22.63,22.63,0.0491,30.00,2.378,2.275,2.389,0.303,0.19095,85,788,13773,0.0033,100.0,0,-1.0,3500.00,0.0000,0.00,0.00,0.00,0.0000,0.00,0.00,0.00,1.0000,0,0
203.0,5,Bano,0.00,127.63,31.62,31.62,0.0345,30.00,2.367,1.940,2.400,1.184,0.18346,133,617,21704,0.0049,100.0,0,-1.0,400.00,0.0000,0.00,0.00,0.00,0.0000,0.00,0.00,0.00,1.0000,0,0
204.0,0,Salon,1931.91,412.78,151.53,151.53,0.3154,30.00,1.761,1.081,1.490,7.696,0.11890,318,3963,51746,0.0777,96.9,0,-1.0,5856.33,0.0000,1978.56,1931.91,0.00,0.0000,1978.56,0.00,0.00,0.9826,0,0
204.0,1,Pasillo,0.00,297.71,133.04,133.04,0.1046,30.00,2.295,1.728,1.983,2.894,0.16503,311,2187,50688,0.0201,99.8,0,-1.0,800.00,0.0000,0.00,0.00,0.00,0.0000,0.00,0.00,0.00,1.0000,0,0
204.0,2,Dormitorio1,0.00,140.09,27.11,27.11,0.0450,30.00,2.372,2.096,2.399,0.811,0.18620,114,707,18561,0.0041,100.0,0,-1.0,3500.00,0.0000,0.00,0.00,0.00,0.0000,0.00,0.00,0.00,1.0000,0,0
204.0,3,Dormitorio2,0.00,123.43,35.63,35.63,0.0379,30.00,2.363,1.812,2.400,1.490,0.18128,149,572,24302,0.0057,99.9,0,-1.0,2500.00,0.0000,0.00,0.00,0.00,0.0000,0.00,0.00,0.00,1.0000,0,0
204.0,4,Cocina,0.00,162.50,22.86,22.86,0.0503,30.00,2.377,2.264,2.388,0.339,0.19055,87,787,14193,0.0033,100.0,0,-1.0,3500.00,0.0000,0.00,0.00,0.00,0.0000,0.00,0.00,0.00,1.0000,0,0
204.0,5,Bano,0.00,127.80,32.28,32.28,0.0353,30.00,2.366,1.920,2.400,1.239,0.18293,137,618,22344,0.0051,99.9,0,-1.0,400.00,0.0000,0.00,0.00,0.00,0.0000,0.00,0.00,0.00,1.0000,0,0
205.0,0,Salon,1933.30,412.88,152.90,152.90,0.3169,30.00,1.761,1.081,1.318,7.741,0.11781,320,4016,51939,0.0801,95.7,0,-1.0,5854.39,0.0000,1919.47,1933.30,0.00,0.0000,1919.47,0.00,0.00,0.9715,0,0
205.0,1,Pasillo,0.00,299.11,135.20,135.20,0.1072,30.00,2.292,1.724,1.974,2.941,0.16442,317,2224,51657,0.0209,99.8,0,-1.0,800.00,0.0000,0.00,0.00,0.00,0.0000,0.00,0.00,0.00,1.0000,0,0
205.0,2,Dormitorio1,0.00,139.85,27.58,27.58,0.0461,30.00,2.371,2.080,2.399,0.858,0.18572,118,708,19113,0.0042,100.0,0,-1.0,3500.00,0.0000,0.00,0.00,0.00,0.0000,0.00,0.00,0.00,1.0000,0,0
205.0,3,Dormitorio2,0.00,123.73,36.44,36.44,0.0389,30.00,2.362,1.789,2.400,1.554,0.18071,154,574,25008,0.0059,99.9,0,-1.0,2500.00,0.0000,0.00,0.00,0.00,0.0000,0.00,0.00,0.00,1.0000,0,0
205.0,4,Cocina,0.00,161.60,23.11,23.11,0.0516,30.00,2.377,2.252,2.388,0.377,0.19014,90,787,14623,0.0034,100.0,0,-1.0,3500.00,0.0000,0.00,0.00,0.00,0.0000,0.00,0.00,0.00,1.0000,0,0
205.0,5,Bano,0.00,127.94,32.96,32.96,0.0362,30.00,2.365,1.900,2.400,1.296,0.18240,141,619,22999,0.0053,99.9,0,-1.0,400.00,0.0000,0.00,0.00,0.00,0.0000,0.00,0.00,0.00,1.0000,0,0
206.0,0,Salon,1930.93,412.42,154.24,154.24,0.3190,30.00,1.762,1.082,1.169,7.777,0.11672,322,4069,52121,0.0826,94.7,0,-1.0,5852.50,0.0000,1855.07,1930.93,0.00,0.0000,1855.07,0.00,0.00,0.9584,0,0
206.0,1,Pasillo,0.00,300.19,137.36,137.36,0.1098,30.00,2.289,1.722,1.965,2.984,0.16381,323,2262,52600,0.0218,99.8,0,-1.0,800.00,0.0000,0.00,0.00,0.00,0.0000,0.00,0.00,0.00,1.0000,0,0
206.0,2,Dormitorio1,0.00,139.55,28.07,28.07,0.0472,30.00,2.370,2.064,2.399,0.905,0.18523,121,708,19677,0.0044,100.0,0,-1.0,3500.00,0.0000,0.00,0.00,0.00,0.0000,0.00,0.00,0.00,1.0000,0,0
206.0,3,Dormitorio2,0.00,123.99,37.29,37.29,0.0398,30.00,2.360,1.766,2.400,1.620,0.18014,158,576,25726,0.0062,99.9,0,-1.0,2500.00,0.0000,0.00,0.00,0.00,0.0000,0.00,0.00,0.00,1.0000,0,0
206.0,4,Cocina,0.00,160.62,23.38,23.38,0.0529,30.00,2.376,2.241,2.388,0.416,0.18973,93,787,15062,0.0035,100.0,0,-1.0,3500.00,0.0000,0.00,0.00,0.00,0.0000,0.00,0.00,0.00,1.0000,0,0
206.0,5,Bano,0.00,128.03,33.67,33.67,0.0371,30.00,2.364,1.879,2.400,1.355,0.18187,146,621,23666,0.0055,99.9,0,-1.0,400.00,0.0000,0.00,0.00,0.00,0.0000,0.00,0.00,0.00,1.0000,0,0
207.0,0,Salon,1925.43,411.60,155.53,155.53,0.3221,30.00,1.764,1.084,1.041,7.803,0.11565,324,4123,52293,0.0851,93.8,0,-1.0,5850.68,0.0000,1786.79,1925.43,0.00,0.0000,1786.79,0.00,0.00,0.9436,0,0
207.0,1,Pasillo,0.00,300.95,139.50,139.50,0.1123,30.00,2.286,1.721,1.957,3.022,0.16319,329,2302,53515,0.0226,99.8,0,-1.0,800.00,0.0000,0.00,0.00,0.00,0.0000,0.00,0.00,0.00,1.0000,0,0
207.0,2,Dormitorio1,0.00,139.16,28.58,28.58,0.0484,30.00,2.369,2.048,2.400,0.954,0.18474,125,709,20250,0.0045,100.0,0,-1.0,3500.00,0.0000,0.00,0.00,0.00,0.0000,0.00,0.00,0.00,1.0000,0,0
207.0,3,Dormitorio2,0.00,124.17,38.18,38.18,0.0408,30.00,2.359,1.742,2.400,1.689,0.17955,163,577,26456,0.0064,99.9,0,-1.0,2500.00,0.0000,0.00,0.00,0.00,0.0000,0.00,0.00,0.00,1.0000,0,0
207.0,4,Cocina,0.00,159.55,23.67,23.67,0.0542,30.00,2.376,2.229,2.387,0.455,0.18932,95,788,15508,0.0036,100.0,0,-1.0,3500.00,0.0000,0.00,0.00,0.00,0.0000,0.00,0.00,0.00,1.0000,0,0
207.0,5,Bano,0.00,128.05,34.41,34.41,0.0380,30.00,2.363,1.859,2.400,1.415,0.18132,150,622,24343,0.0057,99.9,0,-1.0,400.00,0.0000,0.00,0.00,0.00,0.0000,0.00,0.00,0.00,1.0000,0,0
208.0,0,Salon,1916.79,410.52,156.78,156.78,0.3263,30.00,1.767,1.087,0.930,7.821,0.11458,326,4178,52457,0.0877,93.0,0,-1.0,5848.93,0.0000,1715.83,1916.79,0.00,0.0000,1715.83,0.00,0.00,0.9274,0,0
208.0,1,Pasillo,0.00,301.44,141.61,141.61,0.1149,30.00,2.284,1.720,1.950,3.056,0.16256,335,2344,54400,0.0235,99.8,0,-1.0,800.00,0.0000,0.00,0.00,0.00,0.0000,0.00,0.00,0.00,1.0000,0,0
208.0,2,Dormitorio1,0.00,138.67,29.11,29.11,0.0496,30.00,2.368,2.032,2.400,1.003,0.18424,128,710,20831,0.0047,100.0,0,-1.0,3500.00,0.0000,0.00,0.00,0.00,0.0000,0.00,0.00,0.00,1.0000,0,0
208.0,3,Dormitorio2,0.00,124.26,39.09,39.09,0.0418,30.00,2.357,1.718,2.400,1.758,0.17896,167,579,27193,0.0067,99.9,0,-1.0,2500.00,0.0000,0.00,0.00,0.00,0.0000,0.00,0.00,0.00,1.0000,0,0
208.0,4,Cocina,0.00,158.35,23.97,23.97,0.0555,30.00,2.375,2.217,2.387,0.494,0.18889,98,789,15962,0.0037,100.0,0,-1.0,3500.00,0.0000,0.00,0.00,0.00,0.0000,0.00,0.00,0.00,1.0000,0,0
208.0,5,Bano,0.00,127.97,35.17,35.17,0.0389,30.00,2.362,1.838,2.400,1.476,0.18078,154,624,25029,0.0060,99.9,0,-1.0,400.00,0.0000,0.00,0.00,0.00,0.0000,0.00,0.00,0.00,1.0000,0,0
209.0,0,Salon,1905.06,409.24,157.98,157.98,0.3315,30.00,1.771,1.091,0.835,7.831,0.11353,329,4233,52613,0.0904,92.4,0,-1.0,5847.26,0.0000,1643.22,1905.06,0.00,0.0000,1643.22,0.00,0.00,0.9099,0,0
209.0,1,Pasillo,0.00,301.68,143.67,143.67,0.1174,30.00,2.281,1.721,1.943,3.085,0.16193,340,2385,55251,0.0244,99.8,0,-1.0,800.00,0.0000,0.00,0.00,0.00,0.0000,0.00,0.00,0.00,1.0000,0,0
209.0,2,Dormitorio1,0.00,138.07,29.67,29.67,0.0509,30.00,2.368,2.016,2.400,1.052,0.18373,132,711,21418,0.0049,100.0,0,-1.0,3500.00,0.0000,0.00,0.00,0.00,0.0000,0.00,0.00,0.00,1.0000,0,0
209.0,3,Dormitorio2,0.00,124.25,40.05,40.05,0.0429,30.00,2.356,1.695,2.400,1.828,0.17837,172,581,27936,0.0070,99.9,0,-1.0,2500.00,0.0000,0.00,0.00,0.00,0.0000,0.00,0.00,0.00,1.0000,0,0
209.0,4,Cocina,0.00,157.05,24.28,24.28,0.0569,30.00,2.375,2.205,2.387,0.534,0.18847,101,791,16422,0.0038,100.0,0,-1.0,3500.00,0.0000,0.00,0.00,0.00,0.0000,0.00,0.00,0.00,1.0000,0,0
209.0,5,Bano,0.00,127.79,35.97,35.97,0.0399,30.00,2.361,1.817,2.400,1.538,0.18022,158,625,25720,0.0062,99.9,0,-1.0,400.00,0.0000,0.00,0.00,0.00,0.0000,0.00,0.00,0.00,1.0000,0,0
210.0,0,Salon,1890.33,407.79,159.14,159.14,0.3378,30.00,1.776,1.096,0.753,7.834,0.11250,332,4288,52764,0.0931,91.8,0,-1.0,5845.65,0.0000,1569.81,1890.33,0.00,0.0000,1569.81,0.00,0.00,0.8915,0,0
210.0,1,Pasillo,0.00,301.69,145.68,145.68,0.1199,30.00,2.279,1.721,1.936,3.110,0.16128,346,2428,56066,0.0254,99.7,0,-1.0,800.00,0.0000,0.00,0.00,0.00,0.0000,0.00,0.00,0.00,1.0000,0,0
210.0,2,Dormitorio1,0.00,137.36,30.24,30.24,0.0521,30.00,2.367,2.000,2.400,1.102,0.18322,135,712,22010,0.0051,99.9,0,-1.0,3500.00,0.0000,0.00,0.00,0.00,0.0000,0.00,0.00,0.00,1.0000,0,0
210.0,3,Dormitorio2,0.00,124.15,41.03,41.03,0.0439,30.00,2.354,1.671,2.400,1.899,0.17776,176,583,28683,0.0072,99.9,0,-1.0,2500.00,0.0000,0.00,0.00,0.00,0.0000,0.00,0.00,0.00,1.0000,0,0
210.0,4,Cocina,0.00,155.63,24.61,24.61,0.0583,30.00,2.374,2.194,2.388,0.573,0.18803,104,793,16886,0.0039,100.0,0,-1.0,3500.00,0.0000,0.00,0.00,0.00,0.0000,0.00,0.00,0.00,1.0000,0,0
210.0,5,Bano,0.00,127.50,36.79,36.79,0.0409,30.00,2.359,1.797,2.400,1.599,0.17966,162,627,26416,0.0065,99.9,0,-1.0,400.00,0.0000,0.00,0.00,0.00,0.0000,0.00,0.00,0.00,1.0000,0,0
211.0,0,Salon,1872.75,406.20,160.24,160.24,0.3453,30.00,1.782,1.102,0.682,7.830,0.11149,336,4343,52911,0.0959,91.3,0,-1.0,5844.12,0.0000,1496.36,1872.75,0.00,0.0000,1496.36,0.00,0.00,0.8723,0,0
211.0,1,Pasillo,0.00,301.52,147.63,147.63,0.1226,30.00,2.276,1.723,1.930,3.130,0.16062,351,2470,56841,0.0263,99.7,0,-1.0,800.00,0.0000,0.00,0.00,0.00,0.0000,0.00,0.00,0.00,1.0000,0,0
211.0,2,Dormitorio1,0.00,136.55,30.83,30.83,0.0534,30.00,2.366,1.985,2.400,1.150,0.18269,139,714,22605,0.0053,99.9,0,-1.0,3500.00,0.0000,0.00,0.00,0.00,0.0000,0.00,0.00,0.00,1.0000,0,0
211.0,3,Dormitorio2,0.00,123.95,42.04,42.04,0.0450,30.00,2.352,1.648,2.400,1.969,0.17715,181,585,29432,0.0075,99.9,0,-1.0,2500.00,0.0000,0.00,0.00,0.00,0.0000,0.00,0.00,0.00,1.0000,0,0
211.0,4,Cocina,0.00,154.10,24.96,24.96,0.0598,30.00,2.373,2.182,2.388,0.612,0.18759,107,796,17354,0.0040,100.0,0,-1.0,3500.00,0.0000,0.00,0.00,0.00,0.0000,0.00,0.00,0.00,1.0000,0,0
211.0,5,Bano,0.00,127.12,37.64,37.64,0.0419,30.00,2.358,1.776,2.400,1.661,0.17910,167,629,27115,0.0067,99.9,0,-1.0,400.00,0.0000,0.00,0.00,0.00,0.0000,0.00,0.00,0.00,1.0000,0,0
212.0,0,Salon,1852.45,404.48,161.30,161.30,0.3538,30.00,1.789,1.109,0.621,7.819,0.11050,339,4398,53056,0.0988,90.9,0,-1.0,5842.67,0.0000,1423.50,1852.45,0.00,0.0000,1423.50,0.00,0.00,0.8526,0,0
212.0,1,Pasillo,0.00,301.16,149.51,149.51,0.1252,30.00,2.274,1.725,1.925,3.146,0.15994,356,2513,57572,0.0273,99.7,0,-1.0,800.00,0.0000,0.00,0.00,0.00,0.0000,0.00,0.00,0.00,1.0000,0,0
212.0,2,Dormitorio1,0.00,135.64,31.44,31.44,0.0547,30.00,2.365,1.969,2.400,1.198,0.18216,143,716,23203,0.0055,99.9,0,-1.0,3500.00,0.0000,0.00,0.00,0.00,0.0000,0.00,0.00,0.00,1.0000,0,0
212.0,3,Dormitorio2,0.00,123.69,43.08,43.08,0.0447,30.00,2.351,1.634,2.400,1.982,0.17652,186,605,30178,0.0079,99.9,0,-1.0,2500.00,0.0000,0.00,0.00,0.00,0.0000,0.00,0.00,0.00,1.0000,0,0
212.0,4,Cocina,0.00,152.49,25.31,25.31,0.0612,30.00,2.373,2.171,2.388,0.650,0.18715,110,799,17825,0.0041,100.0,0,-1.0,3500.00,0.0000,0.00,0.00,0.00,0.0000,0.00,0.00,0.00,1.0000,0,0
212.0,5,Bano,0.00,126.64,38.51,38.51,0.0429,30.00,2.357,1.756,2.400,1.721,0.17852,171,631,27814,0.0070,99.9,0,-1.0,400.00,0.0000,0.00,0.00,0.00,0.0000,0.00,0.00,0.00,1.0000,0,0
213.0,0,Salon,1829.61,402.65,162.31,162.31,0.3633,30.00,1.797,1.117,0.568,7.803,0.10953,343,4453,53201,0.1017,90.5,0,-1.0,5841.28,0.0000,1351.77,1829.61,0.00,0.0000,1351.77,0.00,0.00,0.8324,0,0
213.0,1,Pasillo,0.00,300.65,151.33,151.33,0.1280,30.00,2.272,1.727,1.390,3.158,0.15925,361,2557,58257,0.0284,96.5,0,-1.0,800.00,0.0000,0.00,0.00,0.00,0.0000,0.00,0.00,0.00,1.0000,0,0
213.0,2,Dormitorio1,0.00,134.64,32.06,32.06,0.0560,30.00,2.364,1.954,2.400,1.245,0.18162,146,718,23802,0.0057,99.9,0,-1.0,3500.00,0.0000,0.00,0.00,0.00,0.0000,0.00,0.00,0.00,1.0000,0,0
213.0,3,Dormitorio2,0.00,123.49,44.08,44.08,0.0444,30.00,2.352,1.635,2.400,1.996,0.17589,190,627,30923,0.0082,99.9,0,-1.0,2500.00,0.0000,0.00,0.00,0.00,0.0000,0.00,0.00,0.00,1.0000,0,0
213.0,4,Cocina,0.00,150.80,25.68,25.68,0.0627,30.00,2.372,2.160,2.388,0.688,0.18670,113,802,18297,0.0042,100.0,0,-1.0,3500.00,0.0000,0.00,0.00,0.00,0.0000,0.00,0.00,0.00,1.0000,0,0
213.0,5,Bano,0.00,126.07,39.40,39.40,0.0439,30.00,2.355,1.737,2.400,1.781,0.17794,175,633,28513,0.0073,99.9,0,-1.0,400.00,0.0000,0.00,0.00,0.00,0.0000,0.00,0.00,0.00,1.0000,0,0
214.0,0,Salon,1804.43,400.72,163.28,163.28,0.3738,30.00,1.806,1.126,0.523,7.780,0.10858,348,4507,53346,0.1047,90.2,0,-1.0,5839.97,0.0000,1281.62,1804.43,0.00,0.0000,1281.62,0.00,0.00,0.8119,0,0
214.0,1,Pasillo,0.00,300.00,153.07,153.07,0.1307,30.00,2.269,1.729,0.947,3.167,0.15855,366,2601,58892,0.0294,93.3,0,-1.0,800.00,0.0000,0.00,0.00,0.00,0.0000,0.00,0.00,0.00,1.0000,0,0
214.0,2,Dormitorio1,0.00,133.56,32.70,32.70,0.0573,30.00,2.363,1.939,2.400,1.291,0.18107,150,721,24401,0.0059,99.9,0,-1.0,3500.00,0.0000,0.00,0.00,0.00,0.0000,0.00,0.00,0.00,1.0000,0,0
214.0,3,Dormitorio2,0.00,123.33,45.05,45.05,0.0437,30.00,2.352,1.636,2.400,1.989,0.17525,195,655,31664,0.0085,99.9,0,-1.0,2500.00,0.0000,0.00,0.00,0.00,0.0000,0.00,0.00,0.00,1.0000,0,0
214.0,4,Cocina,0.00,149.04,26.06,26.06,0.0642,30.00,2.371,2.150,2.389,0.724,0.18624,116,805,18771,0.0043,100.0,0,-1.0,3500.00,0.0000,0.00,0.00,0.00,0.0000,0.00,0.00,0.00,1.0000,0,0
214.0,5,Bano,0.00,125.42,40.31,40.31,0.0450,30.00,2.353,1.718,2.400,1.839,0.17735,180,635,29210,0.0076,99.9,0,-1.0,400.00,0.0000,0.00,0.00,0.00,0.0000,0.00,0.00,0.00,1.0000,0,0
215.0,0,Salon,1777.11,398.70,164.20,164.20,0.3852,30.00,1.815,1.135,0.484,7.751,0.10766,352,4561,53494,0.1078,87.1,0,-1.0,5838.72,0.0000,1213.42,1777.11,0.00,0.0000,1213.42,0.00,0.00,0.7913,0,0
215.0,1,Pasillo,0.00,299.22,154.73,154.73,0.1336,30.00,2.267,1.732,0.689,3.173,0.15784,371,2645,59475,0.0305,91.4,0,-1.0,800.00,0.0000,0.00,0.00,0.00,0.0000,0.00,0.00,0.00,1.0000,0,0
215.0,2,Dormitorio1,0.00,132.41,33.35,33.35,0.0587,30.00,2.362,1.925,2.400,1.335,0.18052,154,723,24998,0.0062,99.9,0,-1.0,3500.00,0.0000,0.00,0.00,0.00,0.0000,0.00,0.00,0.00,1.0000,0,0
215.0,3,Dormitorio2,0.00,123.20,46.00,46.00,0.0435,30.00,2.352,1.638,2.400,1.999,0.17460,200,677,32403,0.0089,99.9,0,-1.0,2500.00,0.0000,0.00,0.00,0.00,0.0000,0.00,0.00,0.00,1.0000,0,0
215.0,4,Cocina,0.00,147.22,26.46,26.46,0.0658,30.00,2.371,2.139,2.389,0.759,0.18578,119,809,19246,0.0044,100.0,0,-1.0,3500.00,0.0000,0.00,0.00,0.00,0.0000,0.00,0.00,0.00,1.0000,0,0
215.0,5,Bano,0.00,124.70,41.23,41.23,0.0460,30.00,2.352,1.699,2.400,1.896,0.17675,184,637,29904,0.0079,99.9,0,-1.0,400.00,0.0000,0.00,0.00,0.00,0.0000,0.00,0.00,0.00,1.0000,0,0
216.0,0,Salon,1747.85,396.61,165.07,165.07,0.3975,30.00,1.826,1.146,0.451,7.717,0.10677,357,4614,53644,0.1110,80.0,0,-1.0,5837.55,0.0000,1147.46,1747.85,0.00,0.0000,1147.46,0.00,0.00,0.7705,0,0
216.0,1,Pasillo,0.00,298.32,156.31,156.31,0.1365,30.00,2.265,1.735,0.539,3.176,0.15712,376,2690,60006,0.0316,90.3,0,-1.0,800.00,0.0000,0.00,0.00,0.00,0.0000,0.00,0.00,0.00,1.0000,0,0
216.0,2,Dormitorio1,0.00,131.20,34.01,34.01,0.0601,30.00,2.361,1.911,2.400,1.377,0.17995,158,726,25593,0.0064,99.9,0,-1.0,3500.00,0.0000,0.00,0.00,0.00,0.0000,0.00,0.00,0.00,1.0000,0,0
216.0,3,Dormitorio2,0.00,123.09,46.91,46.91,0.0429,30.00,2.353,1.640,2.400,1.987,0.17394,204,708,33134,0.0092,99.9,0,-1.0,2500.00,0.0000,0.00,0.00,0.00,0.0000,0.00,0.00,0.00,1.0000,0,0
216.0,4,Cocina,0.00,145.35,26.86,26.86,0.0673,30.00,2.370,2.129,2.389,0.792,0.18531,121,813,19719,0.0046,100.0,0,-1.0,3500.00,0.0000,0.00,0.00,0.00,0.0000,0.00,0.00,0.00,1.0000,0,0
216.0,5,Bano,0.00,123.91,42.18,42.18,0.0471,30.00,2.350,1.681,2.400,1.950,0.17614,189,640,30592,0.0082,99.9,0,-1.0,400.00,0.0000,0.00,0.00,0.00,0.0000,0.00,0.00,0.00,1.0000,0,0
217.0,0,Salon,1716.87,394.45,165.90,165.90,0.4106,30.00,1.837,1.157,0.423,7.678,0.10591,363,4666,53799,0.1143,73.9,0,-1.0,5836.43,0.0000,1083.98,1716.87,0.00,0.0000,1083.98,0.00,0.00,0.7499,0,0
217.0,1,Pasillo,0.00,297.32,157.81,157.81,0.1394,30.00,2.262,1.738,0.451,3.176,0.15638,380,2735,60483,0.0328,80.8,0,-1.0,800.00,0.0000,0.00,0.00,0.00,0.0000,0.00,0.00,0.00,1.0000,0,0
217.0,2,Dormitorio1,0.00,129.93,34.68,34.68,0.0615,30.00,2.359,1.897,2.400,1.418,0.17937,161,728,26185,0.0067,99.9,0,-1.0,3500.00,0.0000,0.00,0.00,0.00,0.0000,0.00,0.00,0.00,1.0000,0,0
217.0,3,Dormitorio2,0.00,122.97,47.80,47.80,0.0428,30.00,2.353,1.642,2.400,1.993,0.17327,209,731,33859,0.0096,99.9,0,-1.0,2500.00,0.0000,0.00,0.00,0.00,0.0000,0.00,0.00,0.00,1.0000,0,0
217.0,4,Cocina,0.00,143.44,27.26,27.26,0.0689,30.00,2.369,2.119,2.390,0.825,0.18483,124,817,20192,0.0047,100.0,0,-1.0,3500.00,0.0000,0.00,0.00,0.00,0.0000,0.00,0.00,0.00,1.0000,0,0
217.0,5,Bano,0.00,123.07,43.13,43.13,0.0477,30.00,2.348,1.663,2.400,1.984,0.17552,193,649,31274,0.0085,99.9,0,-1.0,400.00,0.0000,0.00,0.00,0.00,0.0000,0.00,0.00,0.00,1.0000,0,0
218.0,0,Salon,1684.38,392.23,166.69,166.69,0.4243,30.00,1.849,1.169,0.398,7.633,0.10507,368,4718,53958,0.1176,68.7,0,-1.0,5835.38,0.0000,1023.15,1684.38,0.00,0.0000,1023.15,0.00,0.00,0.7293,0,0
218.0,1,Pasillo,0.00,296.23,159.23,159.23,0.1423,30.00,2.260,1.742,0.399,3.173,0.15563,384,2781,60908,0.0340,69.2,0,-1.0,800.00,0.0000,0.00,0.00,0.00,0.0000,0.00,0.00,0.00,1.0000,0,0
218.0,2,Dormitorio1,0.00,128.61,35.36,35.36,0.0629,30.00,2.358,1.884,2.400,1.456,0.17878,165,731,26772,0.0069,99.9,0,-1.0,3500.00,0.0000,0.00,0.00,0.00,0.0000,0.00,0.00,0.00,1.0000,0,0
218.0,3,Dormitorio2,0.00,122.84,48.66,48.66,0.0427,30.00,2.353,1.645,2.400,1.997,0.17258,213,754,34575,0.0100,99.9,0,-1.0,2500.00,0.0000,0.00,0.00,0.00,0.0000,0.00,0.00,0.00,1.0000,0,0
218.0,4,Cocina,0.00,141.49,27.68,27.68,0.0705,30.00,2.369,2.109,2.390,0.855,0.18434,127,822,20662,0.0049,100.0,0,-1.0,3500.00,0.0000,0.00,0.00,0.00,0.0000,0.00,0.00,0.00,1.0000,0,0
218.0,5,Bano,0.00,122.24,44.07,44.07,0.0474,30.00,2.348,1.660,2.400,1.983,0.17490,197,671,31946,0.0089,99.9,0,-1.0,400.00,0.0000,0.00,0.00,0.00,0.0000,0.00,0.00,0.00,1.0000,0,0
219.0,0,Salon,1650.57,389.96,167.44,167.44,0.4387,30.00,1.861,1.181,0.378,7.583,0.10427,374,4769,54123,0.1210,64.2,0,-1.0,5834.39,0.0000,965.09,1650.57,0.00,0.0000,965.09,0.00,0.00,0.7090,0,0
219.0,1,Pasillo,0.00,295.05,160.55,160.55,0.1453,30.00,2.258,1.746,0.368,3.168,0.15487,388,2828,61281,0.0352,62.3,0,-1.0,800.00,0.0000,0.00,0.00,0.00,0.0000,0.00,0.00,0.00,1.0000,0,0
219.0,2,Dormitorio1,0.00,127.24,36.04,36.04,0.0643,30.00,2.357,1.871,2.400,1.493,0.17819,169,734,27353,0.0072,99.9,0,-1.0,3500.00,0.0000,0.00,0.00,0.00,0.0000,0.00,0.00,0.00,1.0000,0,0
219.0,3,Dormitorio2,0.00,122.68,49.50,49.50,0.0427,30.00,2.353,1.648,2.400,1.998,0.17189,218,778,35280,0.0104,99.9,0,-1.0,2500.00,0.0000,0.00,0.00,0.00,0.0000,0.00,0.00,0.00,1.0000,0,0
219.0,4,Cocina,0.00,139.51,28.10,28.10,0.0722,30.00,2.368,2.100,2.390,0.884,0.18385,130,826,21130,0.0051,99.9,0,-1.0,3500.00,0.0000,0.00,0.00,0.00,0.0000,0.00,0.00,0.00,1.0000,0,0
219.0,5,Bano,0.00,121.43,44.98,44.98,0.0476,30.00,2.348,1.661,2.400,1.997,0.17426,201,686,32610,0.0092,99.9,0,-1.0,400.00,0.0000,0.00,0.00,0.00,0.0000,0.00,0.00,0.00,1.0000,0,0
220.0,0,Salon,1615.66,387.65,168.14,168.14,0.4536,30.00,1.874,1.194,0.360,7.528,0.10349,380,4819,54294,0.1245,60.4,0,-1.0,5833.46,0.0000,909.87,1615.66,0.00,0.0000,909.87,0.00,0.00,0.6889,0,0
220.0,1,Pasillo,0.00,293.79,161.79,161.79,0.1483,30.00,2.256,1.750,0.348,3.159,0.15409,392,2874,61604,0.0364,58.0,0,-1.0,800.00,0.0000,0.00,0.00,0.00,0.0000,0.00,0.00,0.00,1.0000,0,0
220.0,2,Dormitorio1,0.00,125.83,36.73,36.73,0.0658,30.00,2.356,1.858,2.400,1.527,0.17758,173,737,27927,0.0075,99.9,0,-1.0,3500.00,0.0000,0.00,0.00,0.00,0.0000,0.00,0.00,0.00,1.0000,0,0
220.0,3,Dormitorio2,0.00,122.48,50.31,50.31,0.0427,30.00,2.354,1.650,2.400,1.997,0.17119,223,802,35974,0.0108,99.9,0,-1.0,2500.00,0.0000,0.00,0.00,0.00,0.0000,0.00,0.00,0.00,1.0000,0,0
220.0,4,Cocina,0.00,137.50,28.53,28.53,0.0738,30.00,2.367,2.091,2.390,0.911,0.18334,133,831,21593,0.0053,99.9,0,-1.0,3500.00,0.0000,0.00,0.00,0.00,0.0000,0.00,0.00,0.00,1.0000,0,0
220.0,5,Bano,0.00,120.65,45.85,45.85,0.0473,30.00,2.348,1.661,2.400,1.989,0.17361,206,709,33264,0.0096,99.9,0,-1.0,400.00,0.0000,0.00,0.00,0.00,0.0000,0.00,0.00,0.00,1.0000,0,0
221.0,0,Salon,1579.83,385.31,168.80,168.80,0.4689,30.00,1.888,1.208,0.345,7.469,0.10275,386,4868,54470,0.1281,57.2,0,-1.0,5832.57,0.0000,857.53,1579.83,0.00,0.0000,857.53,0.00,0.00,0.6692,0,0
221.0,1,Pasillo,0.00,292.47,162.94,162.94,0.1512,30.00,2.254,1.755,0.336,3.149,0.15330,396,2921,61879,0.0376,55.3,0,-1.0,800.00,0.0000,0.00,0.00,0.00,0.0000,0.00,0.00,0.00,1.0000,0,0
221.0,2,Dormitorio1,0.00,124.39,37.42,37.42,0.0672,30.00,2.355,1.846,2.400,1.559,0.17696,176,741,28494,0.0078,99.9,0,-1.0,3500.00,0.0000,0.00,0.00,0.00,0.0000,0.00,0.00,0.00,1.0000,0,0
221.0,3,Dormitorio2,0.00,122.24,51.10,51.10,0.0428,30.00,2.354,1.653,2.400,1.994,0.17048,227,827,36653,0.0112,99.9,0,-1.0,2500.00,0.0000,0.00,0.00,0.00,0.0000,0.00,0.00,0.00,1.0000,0,0
221.0,4,Cocina,0.00,135.47,28.96,28.96,0.0755,30.00,2.367,2.082,2.391,0.936,0.18282,136,836,22052,0.0055,99.9,0,-1.0,3500.00,0.0000,0.00,0.00,0.00,0.0000,0.00,0.00,0.00,1.0000,0,0
221.0,5,Bano,0.00,119.87,46.71,46.71,0.0476,30.00,2.348,1.662,2.400,1.997,0.17295,210,724,33907,0.0100,99.9,0,-1.0,400.00,0.0000,0.00,0.00,0.00,0.0000,0.00,0.00,0.00,1.0000,0,0
222.0,0,Salon,1543.28,382.94,169.43,169.43,0.4847,30.00,1.901,1.221,0.332,7.405,0.10204,393,4917,54651,0.1318,54.5,0,-1.0,5831.74,0.0000,808.05,1543.28,0.00,0.0000,808.05,0.00,0.00,0.6499,0,0
222.0,1,Pasillo,0.00,291.07,164.00,164.00,0.1541,30.00,2.252,1.761,0.328,3.135,0.15250,399,2968,62108,0.0389,53.6,0,-1.0,800.00,0.0000,0.00,0.00,0.00,0.0000,0.00,0.00,0.00,1.0000,0,0
222.0,2,Dormitorio1,0.00,122.92,38.12,38.12,0.0687,30.00,2.353,1.834,2.400,1.588,0.17632,180,744,29052,0.0080,99.9,0,-1.0,3500.00,0.0000,0.00,0.00,0.00,0.0000,0.00,0.00,0.00,1.0000,0,0
222.0,3,Dormitorio2,0.00,121.96,51.87,51.87,0.0428,30.00,2.354,1.656,2.400,1.988,0.16977,231,852,37319,0.0117,99.9,0,-1.0,2500.00,0.0000,0.00,0.00,0.00,0.0000,0.00,0.00,0.00,1.0000,0,0
222.0,4,Cocina,0.00,133.42,29.39,29.39,0.0771,30.00,2.366,2.074,2.391,0.960,0.18230,139,841,22506,0.0057,99.9,0,-1.0,3500.00,0.0000,0.00,0.00,0.00,0.0000,0.00,0.00,0.00,1.0000,0,0
222.0,5,Bano,0.00,119.08,47.53,47.53,0.0474,30.00,2.348,1.663,2.400,1.983,0.17227,214,748,34537,0.0103,99.9,0,-1.0,400.00,0.0000,0.00,0.00,0.00,0.0000,0.00,0.00,0.00,1.0000,0,0
223.0,0,Salon,1506.16,380.55,170.01,170.01,0.5007,30.00,1.916,1.236,0.322,7.336,0.10136,400,4966,54838,0.1355,52.2,0,-1.0,5830.96,0.0000,761.34,1506.16,0.00,0.0000,761.34,0.00,0.00,0.6310,0,0
223.0,1,Pasillo,0.00,289.62,164.97,164.97,0.1570,30.00,2.250,1.766,0.322,3.120,0.15169,403,3015,62293,0.0402,52.3,0,-1.0,800.00,0.0000,0.00,0.00,0.00,0.0000,0.00,0.00,0.00,1.0000,0,0
223.0,2,Dormitorio1,0.00,121.42,38.81,38.81,0.0702,30.00,2.352,1.823,2.400,1.615,0.17568,184,747,29601,0.0084,99.9,0,-1.0,3500.00,0.0000,0.00,0.00,0.00,0.0000,0.00,0.00,0.00,1.0000,0,0
223.0,3,Dormitorio2,0.00,121.62,52.62,52.62,0.0434,30.00,2.354,1.659,2.400,2.000,0.16905,236,867,37970,0.0121,99.9,0,-1.0,2500.00,0.0000,0.00,0.00,0.00,0.0000,0.00,0.00,0.00,1.0000,0,0
223.0,4,Cocina,0.00,131.37,29.83,29.83,0.0788,30.00,2.365,2.066,2.391,0.981,0.18176,142,846,22954,0.0059,99.9,0,-1.0,3500.00,0.0000,0.00,0.00,0.00,0.0000,0.00,0.00,0.00,1.0000,0,0
223.0,5,Bano,0.00,118.29,48.33,48.33,0.0477,30.00,2.348,1.664,2.400,1.985,0.17159,218,764,35156,0.0107,99.9,0,-1.0,400.00,0.0000,0.00,0.00,0.00,0.0000,0.00,0.00,0.00,1.0000,0,0
224.0,0,Salon,1468.66,378.14,170.56,170.56,0.5169,30.00,1.930,1.250,0.313,7.264,0.10070,406,5014,55030,0.1394,50.3,0,-1.0,5830.22,0.0000,717.33,1468.66,0.00,0.0000,717.33,0.00,0.00,0.6125,0,0
224.0,1,Pasillo,0.00,288.11,165.85,165.85,0.1599,30.00,2.248,1.772,0.318,3.101,0.15088,406,3063,62435,0.0415,51.5,0,-1.0,800.00,0.0000,0.00,0.00,0.00,0.0000,0.00,0.00,0.00,1.0000,0,0
224.0,2,Dormitorio1,0.00,119.91,39.50,39.50,0.0717,30.00,2.350,1.812,2.400,1.640,0.17503,187,751,30140,0.0087,99.9,0,-1.0,3500.00,0.0000,0.00,0.00,0.00,0.0000,0.00,0.00,0.00,1.0000,0,0
224.0,3,Dormitorio2,0.00,121.23,53.35,53.35,0.0435,30.00,2.353,1.662,2.400,1.989,0.16833,240,892,38603,0.0126,99.9,0,-1.0,2500.00,0.0000,0.00,0.00,0.00,0.0000,0.00,0.00,0.00,1.0000,0,0
224.0,4,Cocina,0.00,129.30,30.26,30.26,0.0805,30.00,2.364,2.058,2.391,1.001,0.18121,145,851,23397,0.0061,99.9,0,-1.0,3500.00,0.0000,0.00,0.00,0.00,0.0000,0.00,0.00,0.00,1.0000,0,0
224.0,5,Bano,0.00,117.48,49.11,49.11,0.0480,30.00,2.348,1.664,2.400,1.984,0.17089,222,780,35760,0.0112,99.9,0,-1.0,400.00,0.0000,0.00,0.00,0.00,0.0000,0.00,0.00,0.00,1.0000,0,0
225.0,0,Salon,1430.90,375.73,171.07,171.07,0.5333,30.00,1.945,1.265,0.305,7.188,0.10008,413,5061,55227,0.1433,48.7,0,-1.0,5829.53,0.0000,675.97,1430.90,0.00,0.0000,675.97,0.00,0.00,0.5946,0,0
225.0,1,Pasillo,0.00,286.55,166.65,166.65,0.1627,30.00,2.246,1.778,0.315,3.081,0.15007,409,3111,62538,0.0428,50.8,0,-1.0,800.00,0.0000,0.00,0.00,0.00,0.0000,0.00,0.00,0.00,1.0000,0,0
225.0,2,Dormitorio1,0.00,118.38,40.18,40.18,0.0732,30.00,2.349,1.802,2.400,1.662,0.17437,191,754,30669,0.0090,99.9,0,-1.0,3500.00,0.0000,0.00,0.00,0.00,0.0000,0.00,0.00,0.00,1.0000,0,0
225.0,3,Dormitorio2,0.00,120.78,54.05,54.05,0.0442,30.00,2.353,1.664,2.400,1.996,0.16761,244,908,39221,0.0131,99.9,0,-1.0,2500.00,0.0000,0.00,0.00,0.00,0.0000,0.00,0.00,0.00,1.0000,0,0
225.0,4,Cocina,0.00,127.23,30.70,30.70,0.0823,30.00,2.364,2.050,2.392,1.018,0.18066,148,856,23833,0.0063,99.9,0,-1.0,3500.00,0.0000,0.00,0.00,0.00,0.0000,0.00,0.00,0.00,1.0000,0,0
225.0,5,Bano,0.00,116.65,49.87,49.87,0.0489,30.00,2.347,1.665,2.400,1.998,0.17018,226,788,36352,0.0116,99.9,0,-1.0,400.00,0.0000,0.00,0.00,0.00,0.0000,0.00,0.00,0.00,1.0000,0,0
226.0,0,Salon,1393.04,373.30,171.55,171.55,0.5498,30.00,1.960,1.280,0.299,7.108,0.09948,420,5108,55429,0.1473,47.4,0,-1.0,5828.88,0.0000,637.20,1393.04,0.00,0.0000,637.20,0.00,0.00,0.5771,0,0
226.0,1,Pasillo,0.00,284.95,167.36,167.36,0.1654,30.00,2.244,1.784,0.313,3.058,0.14928,412,3160,62604,0.0441,50.3,0,-1.0,800.00,0.0000,0.00,0.00,0.00,0.0000,0.00,0.00,0.00,1.0000,0,0
226.0,2,Dormitorio1,0.00,116.85,40.86,40.86,0.0747,30.00,2.347,1.792,2.400,1.682,0.17370,194,758,31187,0.0093,99.9,0,-1.0,3500.00,0.0000,0.00,0.00,0.00,0.0000,0.00,0.00,0.00,1.0000,0,0
226.0,3,Dormitorio2,0.00,120.27,54.74,54.74,0.0448,30.00,2.352,1.666,2.400,2.000,0.16688,249,924,39822,0.0136,99.9,0,-1.0,2500.00,0.0000,0.00,0.00,0.00,0.0000,0.00,0.00,0.00,1.0000,0,0
226.0,4,Cocina,0.00,125.17,31.13,31.13,0.0840,30.00,2.363,2.043,2.392,1.034,0.18009,151,862,24262,0.0065,99.9,0,-1.0,3500.00,0.0000,0.00,0.00,0.00,0.0000,0.00,0.00,0.00,1.0000,0,0
226.0,5,Bano,0.00,115.79,50.60,50.60,0.0492,30.00,2.347,1.665,2.400,1.992,0.16947,230,804,36928,0.0120,99.9,0,-1.0,400.00,0.0000,0.00,0.00,0.00,0.0000,0.00,0.00,0.00,1.0000,0,0
227.0,0,Salon,1355.20,370.87,171.99,171.99,0.5663,30.00,1.976,1.296,0.295,7.024,0.09891,427,5154,55634,0.1514,46.4,0,-1.0,5828.26,0.0000,600.93,1355.20,0.00,0.0000,600.93,0.00,0.00,0.5602,0,0
227.0,1,Pasillo,0.00,283.31,167.98,167.98,0.1680,30.00,2.242,1.791,0.311,3.034,0.14850,414,3209,62636,0.0455,49.8,0,-1.0,800.00,0.0000,0.00,0.00,0.00,0.0000,0.00,0.00,0.00,1.0000,0,0
227.0,2,Dormitorio1,0.00,115.31,41.54,41.54,0.0762,30.00,2.346,1.782,2.400,1.700,0.17303,198,761,31694,0.0097,99.9,0,-1.0,3500.00,0.0000,0.00,0.00,0.00,0.0000,0.00,0.00,0.00,1.0000,0,0
227.0,3,Dormitorio2,0.00,119.71,55.41,55.41,0.0450,30.00,2.351,1.668,2.400,1.982,0.16616,253,949,40404,0.0141,99.9,0,-1.0,2500.00,0.0000,0.00,0.00,0.00,0.0000,0.00,0.00,0.00,1.0000,0,0
227.0,4,Cocina,0.00,123.11,31.56,31.56,0.0857,30.00,2.362,2.037,2.392,1.048,0.17951,154,867,24684,0.0068,99.9,0,-1.0,3500.00,0.0000,0.00,0.00,0.00,0.0000,0.00,0.00,0.00,1.0000,0,0
227.0,5,Bano,0.00,114.91,51.31,51.31,0.0496,30.00,2.346,1.664,2.400,1.983,0.16875,234,820,37489,0.0125,99.9,0,-1.0,400.00,0.0000,0.00,0.00,0.00,0.0000,0.00,0.00,0.00,1.0000,0,0
228.0,0,Salon,1317.51,368.44,172.40,172.40,0.5828,30.00,1.991,1.311,0.291,6.938,0.09838,435,5200,55842,0.1556,45.6,0,-1.0,5827.68,0.0000,567.08,1317.51,0.00,0.0000,567.08,0.00,0.00,0.5439,0,0
228.0,1,Pasillo,0.00,281.64,168.53,168.53,0.1706,30.00,2.241,1.798,0.309,3.007,0.14774,417,3259,62635,0.0469,49.5,0,-1.0,800.00,0.0000,0.00,0.00,0.00,0.0000,0.00,0.00,0.00,1.0000,0,0
228.0,2,Dormitorio1,0.00,113.77,42.20,42.20,0.0777,30.00,2.344,1.773,2.400,1.715,0.17236,201,765,32190,0.0100,99.9,0,-1.0,3500.00,0.0000,0.00,0.00,0.00,0.0000,0.00,0.00,0.00,1.0000,0,0
228.0,3,Dormitorio2,0.00,119.10,56.06,56.06,0.0457,30.00,2.351,1.670,2.400,1.981,0.16544,257,965,40969,0.0146,99.9,0,-1.0,2500.00,0.0000,0.00,0.00,0.00,0.0000,0.00,0.00,0.00,1.0000,0,0
228.0,4,Cocina,0.00,121.06,31.99,31.99,0.0875,30.00,2.361,2.030,2.392,1.060,0.17892,157,873,25099,0.0070,99.9,0,-1.0,3500.00,0.0000,0.00,0.00,0.00,0.0000,0.00,0.00,0.00,1.0000,0,0
228.0,5,Bano,0.00,114.01,52.01,52.01,0.0504,30.00,2.345,1.662,2.400,1.990,0.16802,238,828,38035,0.0129,99.9,0,-1.0,400.00,0.0000,0.00,0.00,0.00,0.0000,0.00,0.00,0.00,1.0000,0,0
229.0,0,Salon,1280.06,366.02,172.77,172.77,0.5991,30.00,2.007,1.327,0.288,6.849,0.09787,442,5246,56053,0.1598,45.0,0,-1.0,5827.13,0.0000,535.54,1280.06,0.00,0.0000,535.54,0.00,0.00,0.5281,0,0
229.0,1,Pasillo,0.00,279.94,168.99,168.99,0.1730,30.00,2.239,1.805,0.308,2.978,0.14699,419,3310,62604,0.0483,49.2,0,-1.0,800.00,0.0000,0.00,0.00,0.00,0.0000,0.00,0.00,0.00,1.0000,0,0
229.0,2,Dormitorio1,0.00,112.24,42.85,42.85,0.0793,30.00,2.343,1.765,2.400,1.728,0.17169,205,769,32675,0.0104,99.9,0,-1.0,3500.00,0.0000,0.00,0.00,0.00,0.0000,0.00,0.00,0.00,1.0000,0,0
229.0,3,Dormitorio2,0.00,118.43,56.69,56.69,0.0468,30.00,2.350,1.672,2.400,1.997,0.16471,261,970,41518,0.0152,99.8,0,-1.0,2500.00,0.0000,0.00,0.00,0.00,0.0000,0.00,0.00,0.00,1.0000,0,0
229.0,4,Cocina,0.00,119.02,32.41,32.41,0.0892,30.00,2.361,2.024,2.393,1.070,0.17833,160,878,25506,0.0073,99.9,0,-1.0,3500.00,0.0000,0.00,0.00,0.00,0.0000,0.00,0.00,0.00,1.0000,0,0
229.0,5,Bano,0.00,113.08,52.68,52.68,0.0513,30.00,2.344,1.658,2.400,1.995,0.16729,242,836,38567,0.0134,99.9,0,-1.0,400.00,0.0000,0.00,0.00,0.00,0.0000,0.00,0.00,0.00,1.0000,0,0
230.0,0,Salon,1242.96,363.60,173.11,173.11,0.6154,30.00,2.022,1.342,0.286,6.758,0.09739,449,5292,56267,0.1638,44.5,0,-1.0,5826.61,0.0000,506.22,1242.96,0.00,0.0000,506.22,0.00,0.00,0.5129,0,0
230.0,1,Pasillo,0.00,278.21,169.37,169.37,0.1753,30.00,2.238,1.812,0.307,2.948,0.14626,421,3361,62545,0.0497,48.9,0,-1.0,800.00,0.0000,0.00,0.00,0.00,0.0000,0.00,0.00,0.00,1.0000,0,0
230.0,2,Dormitorio1,0.00,110.71,43.50,43.50,0.0808,30.00,2.341,1.756,2.400,1.739,0.17101,208,772,33148,0.0108,99.9,0,-1.0,3500.00,0.0000,0.00,0.00,0.00,0.0000,0.00,0.00,0.00,1.0000,0,0
230.0,3,Dormitorio2,0.00,117.71,57.30,57.30,0.0475,30.00,2.349,1.673,2.400,1.991,0.16399,265,986,42048,0.0157,99.8,0,-1.0,2500.00,0.0000,0.00,0.00,0.00,0.0000,0.00,0.00,0.00,1.0000,0,0
230.0,4,Cocina,0.00,117.01,32.83,32.83,0.0910,30.00,2.360,2.018,2.393,1.079,0.17774,162,884,25906,0.0075,99.9,0,-1.0,3500.00,0.0000,0.00,0.00,0.00,0.0000,0.00,0.00,0.00,1.0000,0,0
230.0,5,Bano,0.00,112.13,53.34,53.34,0.0522,30.00,2.343,1.654,2.400,2.000,0.16657,246,844,39082,0.0139,99.9,0,-1.0,400.00,0.0000,0.00,0.00,0.00,0.0000,0.00,0.00,0.00,1.0000,0,0
231.0,0,Salon,1206.29,361.20,173.42,173.42,0.6314,30.00,2.038,1.358,0.284,6.665,0.09694,456,5337,56482,0.1680,44.2,0,-1.0,5826.11,0.0000,479.00,1206.29,0.00,0.0000,479.00,0.00,0.00,0.4982,0,0
231.0,1,Pasillo,0.00,276.45,169.68,169.68,0.1775,30.00,2.237,1.819,0.306,2.916,0.14555,423,3414,62461,0.0511,48.7,0,-1.0,800.00,0.0000,0.00,0.00,0.00,0.0000,0.00,0.00,0.00,1.0000,0,0
231.0,2,Dormitorio1,0.00,109.19,44.13,44.13,0.0823,30.00,2.339,1.748,2.400,1.748,0.17034,211,776,33610,0.0111,99.9,0,-1.0,3500.00,0.0000,0.00,0.00,0.00,0.0000,0.00,0.00,0.00,1.0000,0,0
231.0,3,Dormitorio2,0.00,116.95,57.89,57.89,0.0482,30.00,2.348,1.673,2.400,1.982,0.16328,269,1001,42559,0.0163,99.8,0,-1.0,2500.00,0.0000,0.00,0.00,0.00,0.0000,0.00,0.00,0.00,1.0000,0,0
231.0,4,Cocina,0.00,115.01,33.25,33.25,0.0927,30.00,2.359,2.012,2.393,1.085,0.17714,165,890,26299,0.0078,99.9,0,-1.0,3500.00,0.0000,0.00,0.00,0.00,0.0000,0.00,0.00,0.00,1.0000,0,0
231.0,5,Bano,0.00,111.16,53.98,53.98,0.0526,30.00,2.342,1.651,2.400,1.986,0.16584,249,860,39581,0.0144,99.9,0,-1.0,400.00,0.0000,0.00,0.00,0.00,0.0000,0.00,0.00,0.00,1.0000,0,0
232.0,0,Salon,1170.15,358.81,173.69,173.69,0.6472,30.00,2.054,1.374,0.283,6.570,0.09652,463,5382,56697,0.1723,44.0,0,-1.0,5825.65,0.0000,453.79,1170.15,0.00,0.0000,453.79,0.00,0.00,0.4842,0,0
232.0,1,Pasillo,0.00,274.68,169.91,169.91,0.1795,30.00,2.236,1.827,0.305,2.882,0.14487,425,3468,62353,0.0525,48.5,0,-1.0,800.00,0.0000,0.00,0.00,0.00,0.0000,0.00,0.00,0.00,1.0000,0,0
232.0,2,Dormitorio1,0.00,107.69,44.74,44.74,0.0838,30.00,2.338,1.741,2.400,1.755,0.16966,215,780,34060,0.0115,99.9,0,-1.0,3500.00,0.0000,0.00,0.00,0.00,0.0000,0.00,0.00,0.00,1.0000,0,0
232.0,3,Dormitorio2,0.00,116.14,58.47,58.47,0.0493,30.00,2.346,1.674,2.400,1.990,0.16256,272,1007,43054,0.0169,99.8,0,-1.0,2500.00,0.0000,0.00,0.00,0.00,0.0000,0.00,0.00,0.00,1.0000,0,0
232.0,4,Cocina,0.00,113.04,33.65,33.65,0.0945,30.00,2.358,2.007,2.393,1.091,0.17654,168,895,26684,0.0080,99.9,0,-1.0,3500.00,0.0000,0.00,0.00,0.00,0.0000,0.00,0.00,0.00,1.0000,0,0
232.0,5,Bano,0.00,110.18,54.59,54.59,0.0534,30.00,2.340,1.648,2.400,1.988,0.16512,253,868,40066,0.0149,99.9,0,-1.0,400.00,0.0000,0.00,0.00,0.00,0.0000,0.00,0.00,0.00,1.0000,0,0
233.0,0,Salon,1134.58,356.43,173.94,173.94,0.6627,30.00,2.069,1.389,0.283,6.473,0.09613,470,5427,56913,0.1766,43.9,0,-1.0,5825.21,0.0000,430.47,1134.58,0.00,0.0000,430.47,0.00,0.00,0.4708,0,0
233.0,1,Pasillo,0.00,272.90,170.07,170.07,0.1814,30.00,2.235,1.835,0.304,2.846,0.14420,426,3522,62224,0.0539,48.4,0,-1.0,800.00,0.0000,0.00,0.00,0.00,0.0000,0.00,0.00,0.00,1.0000,0,0
233.0,2,Dormitorio1,0.00,106.20,45.35,45.35,0.0853,30.00,2.336,1.733,2.400,1.760,0.16899,218,784,34500,0.0119,99.9,0,-1.0,3500.00,0.0000,0.00,0.00,0.00,0.0000,0.00,0.00,0.00,1.0000,0,0
233.0,3,Dormitorio2,0.00,115.29,59.03,59.03,0.0505,30.00,2.345,1.672,2.400,1.995,0.16186,276,1012,43532,0.0175,99.8,0,-1.0,2500.00,0.0000,0.00,0.00,0.00,0.0000,0.00,0.00,0.00,1.0000,0,0
233.0,4,Cocina,0.00,111.09,34.05,34.05,0.0962,30.00,2.357,2.002,2.394,1.094,0.17593,171,901,27061,0.0083,99.9,0,-1.0,3500.00,0.0000,0.00,0.00,0.00,0.0000,0.00,0.00,0.00,1.0000,0,0
233.0,5,Bano,0.00,109.19,55.19,55.19,0.0543,30.00,2.339,1.644,2.400,1.989,0.16440,257,876,40536,0.0155,99.8,0,-1.0,400.00,0.0000,0.00,0.00,0.00,0.0000,0.00,0.00,0.00,1.0000,0,0
234.0,0,Salon,1099.66,354.08,174.15,174.15,0.6779,30.00,2.063,1.405,0.283,6.375,0.09576,477,5472,57129,0.1810,43.9,0,-1.0,5824.79,0.0000,408.95,1099.66,0.00,0.0000,408.95,0.00,0.00,0.4580,0,0
234.0,1,Pasillo,0.00,271.10,170.17,170.17,0.1832,30.00,2.234,1.843,0.304,2.809,0.14356,428,3579,62077,0.0553,48.3,0,-1.0,800.00,0.0000,0.00,0.00,0.00,0.0000,0.00,0.00,0.00,1.0000,0,0
234.0,2,Dormitorio1,0.00,104.73,45.93,45.93,0.0868,30.00,2.334,1.727,2.400,1.764,0.16832,221,787,34927,0.0123,99.9,0,-1.0,3500.00,0.0000,0.00,0.00,0.00,0.0000,0.00,0.00,0.00,1.0000,0,0
234.0,3,Dormitorio2,0.00,114.40,59.58,59.58,0.0516,30.00,2.343,1.668,2.400,1.998,0.16116,280,1018,43992,0.0181,99.8,0,-1.0,2500.00,0.0000,0.00,0.00,0.00,0.0000,0.00,0.00,0.00,1.0000,0,0
234.0,4,Cocina,0.00,109.16,34.44,34.44,0.0980,30.00,2.357,1.997,2.394,1.097,0.17533,173,907,27431,0.0086,99.9,0,-1.0,3500.00,0.0000,0.00,0.00,0.00,0.0000,0.00,0.00,0.00,1.0000,0,0
234.0,5,Bano,0.00,108.18,55.77,55.77,0.0552,30.00,2.338,1.641,2.400,1.988,0.16368,260,884,40990,0.0160,99.8,0,-1.0,400.00,0.0000,0.00,0.00,0.00,0.0000,0.00,0.00,0.00,1.0000,0,0
235.0,0,Salon,1065.44,351.68,174.33,174.33,0.6928,30.00,2.056,1.421,0.283,6.276,0.09542,484,5516,57344,0.1855,43.9,0,-1.0,5824.39,0.0000,389.11,1065.44,0.00,0.0000,389.11,0.00,0.00,0.4458,0,0
235.0,1,Pasillo,0.00,269.28,170.20,170.20,0.1848,30.00,2.233,1.851,0.303,2.771,0.14294,429,3636,61912,0.0568,48.2,0,-1.0,800.00,0.0000,0.00,0.00,0.00,0.0000,0.00,0.00,0.00,1.0000,0,0
235.0,2,Dormitorio1,0.00,103.28,46.50,46.50,0.0883,30.00,2.332,1.720,2.400,1.765,0.16766,224,791,35344,0.0128,99.9,0,-1.0,3500.00,0.0000,0.00,0.00,0.00,0.0000,0.00,0.00,0.00,1.0000,0,0
235.0,3,Dormitorio2,0.00,113.48,60.11,60.11,0.0523,30.00,2.342,1.664,2.400,1.985,0.16046,283,1033,44434,0.0187,99.8,0,-1.0,2500.00,0.0000,0.00,0.00,0.00,0.0000,0.00,0.00,0.00,1.0000,0,0
235.0,4,Cocina,0.00,107.27,34.83,34.83,0.0998,30.00,2.356,1.993,2.394,1.098,0.17473,176,913,27793,0.0089,99.9,0,-1.0,3500.00,0.0000,0.00,0.00,0.00,0.0000,0.00,0.00,0.00,1.0000,0,0
235.0,5,Bano,0.00,107.16,56.33,56.33,0.0561,30.00,2.336,1.636,2.400,1.986,0.16297,264,892,41430,0.0166,99.8,0,-1.0,400.00,0.0000,0.00,0.00,0.00,0.0000,0.00,0.00,0.00,1.0000,0,0
236.0,0,Salon,1031.96,349.22,174.49,174.49,0.7073,30.00,2.049,1.436,0.283,6.176,0.09510,491,5555,57559,0.1901,43.9,0,-1.0,5824.01,0.0000,370.81,1031.96,0.00,0.0000,370.81,0.00,0.00,0.4341,0,0
236.0,1,Pasillo,0.00,267.45,170.16,170.16,0.1863,30.00,2.232,1.860,0.303,2.731,0.14235,430,3695,61730,0.0582,48.2,0,-1.0,800.00,0.0000,0.00,0.00,0.00,0.0000,0.00,0.00,0.00,1.0000,0,0
236.0,2,Dormitorio1,0.00,101.85,47.06,47.06,0.0898,30.00,2.331,1.714,2.400,1.765,0.16700,227,795,35750,0.0132,99.9,0,-1.0,3500.00,0.0000,0.00,0.00,0.00,0.0000,0.00,0.00,0.00,1.0000,0,0
236.0,3,Dormitorio2,0.00,112.54,60.62,60.62,0.0534,30.00,2.340,1.661,2.400,1.988,0.15978,287,1038,44860,0.0194,99.8,0,-1.0,2500.00,0.0000,0.00,0.00,0.00,0.0000,0.00,0.00,0.00,1.0000,0,0
236.0,4,Cocina,0.00,105.40,35.20,35.20,0.1015,30.00,2.355,1.988,2.394,1.097,0.17413,179,919,28148,0.0092,99.9,0,-1.0,3500.00,0.0000,0.00,0.00,0.00,0.0000,0.00,0.00,0.00,1.0000,0,0
236.0,5,Bano,0.00,106.13,56.87,56.87,0.0574,30.00,2.335,1.632,2.400,1.998,0.16227,267,893,41856,0.0171,99.8,0,-1.0,400.00,0.0000,0.00,0.00,0.00,0.0000,0.00,0.00,0.00,1.0000,0,0
237.0,0,Salon,999.26,346.73,174.61,174.61,0.7214,30.00,2.043,1.452,0.283,6.076,0.09481,498,5592,57773,0.1947,43.9,0,-1.0,5823.65,0.0000,358.71,999.26,0.09,0.0000,353.98,0.00,0.00,0.4231,0,0
237.0,1,Pasillo,0.00,265.59,170.06,170.06,0.1877,30.00,2.232,1.868,0.303,2.690,0.14178,431,3755,61533,0.0597,48.2,0,-1.0,800.00,0.0000,0.00,0.00,0.00,0.0000,0.00,0.00,0.00,1.0000,0,0
237.0,2,Dormitorio1,0.00,100.45,47.59,47.59,0.0913,30.00,2.329,1.708,2.400,1.764,0.16635,230,799,36144,0.0136,99.9,0,-1.0,3500.00,0.0000,0.00,0.00,0.00,0.0000,0.00,0.00,0.00,1.0000,0,0
237.0,3,Dormitorio2,0.00,111.58,61.11,61.11,0.0546,30.00,2.339,1.657,2.400,1.990,0.15910,290,1044,45269,0.0201,99.8,0,-1.0,2500.00,0.0000,0.00,0.00,0.00,0.0000,0.00,0.00,0.00,1.0000,0,0
237.0,4,Cocina,0.00,103.57,35.56,35.56,0.1032,30.00,2.354,1.984,2.394,1.095,0.17353,181,925,28496,0.0095,99.9,0,-1.0,3500.00,0.0000,0.00,0.00,0.00,0.0000,0.00,0.00,0.00,1.0000,0,0
237.0,5,Bano,0.00,105.10,57.39,57.39,0.0583,30.00,2.333,1.628,2.400,1.994,0.16157,270,901,42266,0.0177,99.8,0,-1.0,400.00,0.0000,0.00,0.00,0.00,0.0000,0.00,0.00,0.00,1.0000,0,0
238.0,0,Salon,967.38,344.23,174.71,174.71,0.7351,30.00,2.037,1.467,0.284,5.974,0.09455,505,5632,57983,0.1994,43.9,0,-1.0,5823.29,0.0000,362.77,967.38,0.48,0.0003,338.55,0.00,0.00,0.4127,0,0
238.0,1,Pasillo,0.00,263.72,169.91,169.91,0.1888,30.00,2.232,1.877,0.303,2.648,0.14123,432,3818,61322,0.0612,48.2,0,-1.0,800.00,0.0000,0.00,0.00,0.00,0.0000,0.00,0.00,0.00,1.0000,0,0
238.0,2,Dormitorio1,0.00,99.07,48.11,48.11,0.0928,30.00,2.327,1.702,2.400,1.761,0.16571,233,803,36528,0.0141,99.9,0,-1.0,3500.00,0.0000,0.00,0.00,0.00,0.0000,0.00,0.00,0.00,1.0000,0,0
238.0,3,Dormitorio2,0.00,110.60,61.58,61.58,0.0557,30.00,2.337,1.654,2.400,1.991,0.15844,293,1049,45663,0.0207,99.8,0,-1.0,2500.00,0.0000,0.00,0.00,0.00,0.0000,0.00,0.00,0.00,1.0000,0,0
238.0,4,Cocina,0.00,101.77,35.92,35.92,0.1050,30.00,2.354,1.980,2.394,1.093,0.17293,184,931,28836,0.0098,99.9,0,-1.0,3500.00,0.0000,0.00,0.00,0.00,0.0000,0.00,0.00,0.00,1.0000,0,0
238.0,5,Bano,0.00,104.07,57.89,57.89,0.0591,30.00,2.331,1.623,2.400,1.988,0.16089,274,909,42662,0.0183,99.8,0,-1.0,400.00,0.0000,0.00,0.00,0.00,0.0000,0.00,0.00,0.00,1.0000,0,0
239.0,0,Salon,936.33,341.73,174.78,174.78,0.7484,30.00,2.031,1.482,0.284,5.873,0.09431,513,5675,58188,0.2042,43.9,0,-1.0,5822.92,0.0000,367.65,936.33,0.86,0.0010,324.46,0.00,0.00,0.4028,0,0
239.0,1,Pasillo,0.00,261.84,169.70,169.70,0.1899,30.00,2.231,1.886,0.303,2.605,0.14072,433,3882,61097,0.0626,48.2,0,-1.0,800.00,0.0000,0.00,0.00,0.00,0.0000,0.00,0.00,0.00,1.0000,0,0
239.0,2,Dormitorio1,0.00,97.71,48.60,48.60,0.0942,30.00,2.325,1.696,2.400,1.757,0.16507,236,806,36902,0.0146,99.9,0,-1.0,3500.00,0.0000,0.00,0.00,0.00,0.0000,0.00,0.00,0.00,1.0000,0,0
239.0,3,Dormitorio2,0.00,109.61,62.04,62.04,0.0568,30.00,2.335,1.650,2.400,1.991,0.15778,297,1055,46041,0.0214,99.8,0,-1.0,2500.00,0.0000,0.00,0.00,0.00,0.0000,0.00,0.00,0.00,1.0000,0,0
239.0,4,Cocina,0.00,100.01,36.26,36.26,0.1067,30.00,2.353,1.977,2.395,1.089,0.17234,186,937,29170,0.0101,99.9,0,-1.0,3500.00,0.0000,0.00,0.00,0.00,0.0000,0.00,0.00,0.00,1.0000,0,0
239.0,5,Bano,0.00,103.03,58.37,58.37,0.0604,30.00,2.329,1.619,2.400,1.996,0.16021,277,909,43046,0.0189,99.8,0,-1.0,400.00,0.0000,0.00,0.00,0.00,0.0000,0.00,0.00,0.00,1.0000,0,0
240.0,0,Salon,906.14,339.25,174.83,174.83,0.7613,30.00,2.026,1.497,0.284,5.772,0.09410,521,5722,58389,0.2090,43.9,0,-1.0,5822.55,0.0000,372.37,906.14,1.21,0.0021,311.62,0.00,0.00,0.3935,0,0
240.0,1,Pasillo,0.00,259.96,169.44,169.44,0.1907,30.00,2.231,1.895,0.303,2.560,0.14023,433,3949,60860,0.0641,48.2,0,-1.0,800.00,0.0000,0.00,0.00,0.00,0.0000,0.00,0.00,0.00,1.0000,0,0
240.0,2,Dormitorio1,0.00,96.38,49.08,49.08,0.0957,30.00,2.323,1.691,2.400,1.751,0.16444,239,810,37265,0.0150,99.8,0,-1.0,3500.00,0.0000,0.00,0.00,0.00,0.0000,0.00,0.00,0.00,1.0000,0,0
240.0,3,Dormitorio2,0.00,108.61,62.48,62.48,0.0578,30.00,2.334,1.646,2.400,1.989,0.15714,300,1061,46403,0.0221,99.8,0,-1.0,2500.00,0.0000,0.00,0.00,0.00,0.0000,0.00,0.00,0.00,1.0000,0,0
240.0,4,Cocina,0.00,98.28,36.59,36.59,0.1084,30.00,2.352,1.973,2.395,1.084,0.17175,189,943,29496,0.0104,99.9,0,-1.0,3500.00,0.0000,0.00,0.00,0.00,0.0000,0.00,0.00,0.00,1.0000,0,0
240.0,5,Bano,0.00,102.00,58.83,58.83,0.0612,30.00,2.328,1.613,2.400,1.988,0.15954,280,917,43415,0.0196,99.8,0,-1.0,400.00,0.0000,0.00,0.00,0.00,0.0000,0.00,0.00,0.00,1.0000,0,0
241.0,0,Salon,876.83,336.79,174.85,174.85,0.7737,30.00,2.020,1.512,0.285,5.670,0.09390,529,5773,58586,0.2139,43.9,0,-1.0,5822.18,0.0000,376.92,876.83,1.54,0.0034,299.97,0.00,0.00,0.3848,0,0
241.0,1,Pasillo,0.00,258.09,169.13,169.13,0.1914,30.00,2.231,1.904,0.304,2.515,0.13977,434,4020,60611,0.0656,48.2,0,-1.0,800.00,0.0000,0.00,0.00,0.00,0.0000,0.00,0.00,0.00,1.0000,0,0
241.0,2,Dormitorio1,0.00,95.08,49.54,49.54,0.0971,30.00,2.321,1.686,2.400,1.745,0.16382,242,814,37619,0.0155,99.8,0,-1.0,3500.00,0.0000,0.00,0.00,0.00,0.0000,0.00,0.00,0.00,1.0000,0,0
241.0,3,Dormitorio2,0.00,107.61,62.89,62.89,0.0589,30.00,2.332,1.641,2.400,1.987,0.15651,303,1066,46752,0.0229,99.8,0,-1.0,2500.00,0.0000,0.00,0.00,0.00,0.0000,0.00,0.00,0.00,1.0000,0,0
241.0,4,Cocina,0.00,96.59,36.92,36.92,0.1101,30.00,2.351,1.970,2.395,1.078,0.17117,191,949,29816,0.0107,99.9,0,-1.0,3500.00,0.0000,0.00,0.00,0.00,0.0000,0.00,0.00,0.00,1.0000,0,0
241.0,5,Bano,0.00,100.97,59.27,59.27,0.0625,30.00,2.326,1.609,2.400,1.993,0.15888,283,917,43772,0.0202,99.8,0,-1.0,400.00,0.0000,0.00,0.00,0.00,0.0000,0.00,0.00,0.00,1.0000,0,0
242.0,0,Salon,848.41,334.37,174.85,174.85,0.7857,30.00,2.015,1.526,0.285,5.569,0.09373,535,5803,58792,0.2189,43.9,0,-1.0,5821.87,0.0000,289.36,848.41,0.00,0.0037,289.36,0.00,0.00,0.3766,0,0
242.0,1,Pasillo,0.00,256.22,168.76,168.76,0.1920,30.00,2.231,1.913,0.304,2.468,0.13934,434,4093,60352,0.0671,48.2,0,-1.0,800.00,0.0000,0.00,0.00,0.00,0.0000,0.00,0.00,0.00,1.0000,0,0
242.0,2,Dormitorio1,0.00,93.81,49.97,49.97,0.0985,30.00,2.319,1.681,2.400,1.738,0.16321,245,818,37962,0.0160,99.8,0,-1.0,3500.00,0.0000,0.00,0.00,0.00,0.0000,0.00,0.00,0.00,1.0000,0,0
242.0,3,Dormitorio2,0.00,106.60,63.29,63.29,0.0604,30.00,2.330,1.637,2.400,1.998,0.15589,306,1063,47087,0.0236,99.8,0,-1.0,2500.00,0.0000,0.00,0.00,0.00,0.0000,0.00,0.00,0.00,1.0000,0,0
242.0,4,Cocina,0.00,94.94,37.23,37.23,0.1118,30.00,2.351,1.966,2.395,1.072,0.17059,194,955,30129,0.0111,99.9,0,-1.0,3500.00,0.0000,0.00,0.00,0.00,0.0000,0.00,0.00,0.00,1.0000,0,0
242.0,5,Bano,0.00,99.95,59.69,59.69,0.0638,30.00,2.323,1.602,2.400,1.996,0.15823,286,918,44117,0.0208,99.8,0,-1.0,400.00,0.0000,0.00,0.00,0.00,0.0000,0.00,0.00,0.00,1.0000,0,0
243.0,0,Salon,820.88,332.00,174.82,174.82,0.7971,30.00,2.010,1.540,0.285,5.469,0.09358,541,5828,58990,0.2239,43.9,0,-1.0,5821.59,0.0000,279.67,820.88,0.00,0.0037,279.67,0.00,0.00,0.3689,0,0
243.0,1,Pasillo,0.00,254.37,168.35,168.35,0.1924,30.00,2.231,1.922,0.304,2.421,0.13893,434,4170,60083,0.0686,48.2,0,-1.0,800.00,0.0000,0.00,0.00,0.00,0.0000,0.00,0.00,0.00,1.0000,0,0
243.0,2,Dormitorio1,0.00,92.57,50.39,50.39,0.0999,30.00,2.317,1.677,2.400,1.730,0.16261,248,821,38297,0.0165,99.8,0,-1.0,3500.00,0.0000,0.00,0.00,0.00,0.0000,0.00,0.00,0.00,1.0000,0,0
243.0,3,Dormitorio2,0.00,105.59,63.68,63.68,0.0614,30.00,2.328,1.633,2.400,1.994,0.15528,309,1069,47407,0.0244,99.8,0,-1.0,2500.00,0.0000,0.00,0.00,0.00,0.0000,0.00,0.00,0.00,1.0000,0,0
243.0,4,Cocina,0.00,93.33,37.53,37.53,0.1134,30.00,2.350,1.963,2.395,1.064,0.17002,196,961,30436,0.0114,99.9,0,-1.0,3500.00,0.0000,0.00,0.00,0.00,0.0000,0.00,0.00,0.00,1.0000,0,0
243.0,5,Bano,0.00,98.93,60.10,60.10,0.0651,30.00,2.321,1.595,2.400,1.999,0.15760,289,919,44450,0.0215,99.8,0,-1.0,400.00,0.0000,0.00,0.00,0.00,0.0000,0.00,0.00,0.00,1.0000,0,0
244.0,0,Salon,794.25,330.21,174.77,174.77,0.8057,30.00,2.006,1.555,0.285,5.370,0.09344,545,5858,59006,0.2290,43.9,0,-1.0,5821.31,0.0000,271.03,794.25,0.00,0.0037,271.03,0.00,0.00,0.3618,0,0
244.0,1,Pasillo,0.00,252.56,167.90,167.90,0.1927,30.00,2.232,1.932,0.304,2.373,0.13855,434,4250,59806,0.0700,48.2,0,-1.0,800.00,0.0000,0.00,0.00,0.00,0.0000,0.00,0.00,0.00,1.0000,0,0
244.0,2,Dormitorio1,0.00,91.36,50.79,50.79,0.1013,30.00,2.315,1.672,2.400,1.721,0.16201,251,825,38622,0.0170,99.8,0,-1.0,3500.00,0.0000,0.00,0.00,0.00,0.0000,0.00,0.00,0.00,1.0000,0,0
244.0,3,Dormitorio2,0.00,104.59,64.04,64.04,0.0624,30.00,2.326,1.628,2.400,1.988,0.15468,312,1075,47714,0.0251,99.7,0,-1.0,2500.00,0.0000,0.00,0.00,0.00,0.0000,0.00,0.00,0.00,1.0000,0,0
244.0,4,Cocina,0.00,91.75,37.82,37.82,0.1151,30.00,2.349,1.960,2.395,1.057,0.16946,199,967,30736,0.0118,99.9,0,-1.0,3500.00,0.0000,0.00,0.00,0.00,0.0000,0.00,0.00,0.00,1.0000,0,0
244.0,5,Bano,0.00,97.93,60.48,60.48,0.0658,30.00,2.319,1.590,2.400,1.987,0.15697,292,926,44769,0.0222,99.8,0,-1.0,400.00,0.0000,0.00,0.00,0.00,0.0000,0.00,0.00,0.00,1.0000,0,0
245.0,0,Salon,768.53,328.87,174.70,174.70,0.8113,30.00,2.003,1.568,0.286,5.273,0.09331,548,5890,58844,0.2341,43.9,0,-1.0,5821.05,0.0000,263.41,768.53,0.00,0.0037,263.41,0.00,0.00,0.3553,0,0
245.0,1,Pasillo,0.00,250.78,167.40,167.40,0.1928,30.00,2.232,1.942,0.305,2.324,0.13819,434,4335,59512,0.0715,48.2,0,-1.0,800.00,0.0000,0.00,0.00,0.00,0.0000,0.00,0.00,0.00,1.0000,0,0
245.0,2,Dormitorio1,0.00,90.18,51.17,51.17,0.1026,30.00,2.313,1.668,2.400,1.711,0.16143,253,829,38939,0.0176,99.8,0,-1.0,3500.00,0.0000,0.00,0.00,0.00,0.0000,0.00,0.00,0.00,1.0000,0,0
245.0,3,Dormitorio2,0.00,103.59,64.39,64.39,0.0639,30.00,2.324,1.624,2.400,1.995,0.15410,315,1072,48010,0.0259,99.7,0,-1.0,2500.00,0.0000,0.00,0.00,0.00,0.0000,0.00,0.00,0.00,1.0000,0,0
245.0,4,Cocina,0.00,90.22,38.09,38.09,0.1167,30.00,2.348,1.958,2.395,1.048,0.16890,201,973,31031,0.0121,99.9,0,-1.0,3500.00,0.0000,0.00,0.00,0.00,0.0000,0.00,0.00,0.00,1.0000,0,0
245.0,5,Bano,0.00,96.94,60.85,60.85,0.0670,30.00,2.317,1.587,2.400,1.988,0.15636,295,927,45079,0.0229,99.8,0,-1.0,400.00,0.0000,0.00,0.00,0.00,0.0000,0.00,0.00,0.00,1.0000,0,0
246.0,0,Salon,743.71,327.74,174.61,174.61,0.8153,30.00,2.001,1.582,0.286,5.178,0.09321,549,5920,58590,0.2391,43.9,0,-1.0,5820.79,0.0000,256.67,743.71,0.00,0.0037,256.67,0.00,0.00,0.3492,0,0
246.0,1,Pasillo,0.00,248.87,166.86,166.86,0.1924,30.00,2.232,1.952,0.305,2.275,0.13786,433,4427,59174,0.0730,48.2,0,-1.0,800.00,0.0000,0.00,0.00,0.00,0.0000,0.00,0.00,0.00,1.0000,0,0
246.0,2,Dormitorio1,0.00,89.02,51.53,51.53,0.1040,30.00,2.311,1.664,2.400,1.701,0.16086,256,832,39246,0.0181,99.8,0,-1.0,3500.00,0.0000,0.00,0.00,0.00,0.0000,0.00,0.00,0.00,1.0000,0,0
246.0,3,Dormitorio2,0.00,102.59,64.72,64.72,0.0648,30.00,2.322,1.617,2.400,1.987,0.15353,317,1078,48292,0.0267,99.7,0,-1.0,2500.00,0.0000,0.00,0.00,0.00,0.0000,0.00,0.00,0.00,1.0000,0,0
246.0,4,Cocina,0.00,88.72,38.36,38.36,0.1183,30.00,2.348,1.955,2.396,1.039,0.16835,203,979,31319,0.0125,99.9,0,-1.0,3500.00,0.0000,0.00,0.00,0.00,0.0000,0.00,0.00,0.00,1.0000,0,0
246.0,5,Bano,0.00,95.96,61.19,61.19,0.0682,30.00,2.315,1.581,2.400,1.988,0.15577,297,928,45377,0.0236,99.8,0,-1.0,400.00,0.0000,0.00,0.00,0.00,0.0000,0.00,0.00,0.00,1.0000,0,0
247.0,0,Salon,719.80,326.66,174.49,174.49,0.8182,30.00,2.000,1.595,0.286,5.085,0.09312,550,5946,58286,0.2442,43.9,0,-1.0,5820.53,0.0000,250.70,719.80,0.00,0.0037,250.70,0.00,0.00,0.3437,0,0
247.0,1,Pasillo,0.00,246.90,166.28,166.28,0.1917,30.00,2.233,1.962,0.306,2.224,0.13756,432,4528,58796,0.0745,48.2,0,-1.0,800.00,0.0000,0.00,0.00,0.00,0.0000,0.00,0.00,0.00,1.0000,0,0
247.0,2,Dormitorio1,0.00,87.90,51.87,51.87,0.1053,30.00,2.309,1.660,2.400,1.690,0.16030,259,836,39545,0.0186,99.8,0,-1.0,3500.00,0.0000,0.00,0.00,0.00,0.0000,0.00,0.00,0.00,1.0000,0,0
247.0,3,Dormitorio2,0.00,101.60,65.03,65.03,0.0662,30.00,2.319,1.614,2.400,1.993,0.15297,320,1075,48561,0.0275,99.7,0,-1.0,2500.00,0.0000,0.00,0.00,0.00,0.0000,0.00,0.00,0.00,1.0000,0,0
247.0,4,Cocina,0.00,87.27,38.61,38.61,0.1199,30.00,2.347,1.952,2.396,1.030,0.16781,206,985,31601,0.0129,99.9,0,-1.0,3500.00,0.0000,0.00,0.00,0.00,0.0000,0.00,0.00,0.00,1.0000,0,0
247.0,5,Bano,0.00,94.99,61.52,61.52,0.0694,30.00,2.312,1.575,2.400,1.986,0.15518,300,928,45663,0.0243,99.8,0,-1.0,400.00,0.0000,0.00,0.00,0.00,0.0000,0.00,0.00,0.00,1.0000,0,0
248.0,0,Salon,696.78,325.53,174.35,174.35,0.8203,30.00,1.999,1.608,0.286,4.995,0.09304,550,5969,57961,0.2493,43.9,0,-1.0,5820.29,0.0000,245.43,696.78,0.00,0.0036,245.43,0.00,0.00,0.3387,0,0
248.0,1,Pasillo,0.00,244.90,165.66,165.66,0.1905,30.00,2.234,1.973,0.306,2.172,0.13728,431,4638,58385,0.0759,48.2,0,-1.0,800.00,0.0000,0.00,0.00,0.00,0.0000,0.00,0.00,0.00,1.0000,0,0
248.0,2,Dormitorio1,0.00,86.80,52.19,52.19,0.1066,30.00,2.307,1.656,2.400,1.679,0.15976,261,839,39834,0.0192,99.8,0,-1.0,3500.00,0.0000,0.00,0.00,0.00,0.0000,0.00,0.00,0.00,1.0000,0,0
248.0,3,Dormitorio2,0.00,100.61,65.33,65.33,0.0676,30.00,2.317,1.607,2.400,1.996,0.15243,323,1073,48818,0.0283,99.7,0,-1.0,2500.00,0.0000,0.00,0.00,0.00,0.0000,0.00,0.00,0.00,1.0000,0,0
248.0,4,Cocina,0.00,85.84,38.86,38.86,0.1215,30.00,2.346,1.950,2.396,1.020,0.16728,208,991,31877,0.0132,99.9,0,-1.0,3500.00,0.0000,0.00,0.00,0.00,0.0000,0.00,0.00,0.00,1.0000,0,0
248.0,5,Bano,0.00,94.03,61.83,61.83,0.0705,30.00,2.310,1.569,2.400,1.984,0.15461,303,929,45937,0.0250,99.7,0,-1.0,400.00,0.0000,0.00,0.00,0.00,0.0000,0.00,0.00,0.00,1.0000,0,0
249.0,0,Salon,674.64,324.31,174.20,174.20,0.8219,30.00,1.999,1.621,0.287,4.906,0.09298,550,5988,57633,0.2544,43.9,0,-1.0,5820.04,0.0000,240.78,674.64,0.00,0.0036,240.78,0.00,0.00,0.3341,0,0
249.0,1,Pasillo,0.00,242.92,165.00,165.00,0.1891,30.00,2.235,1.985,0.307,2.118,0.13703,429,4757,57949,0.0774,48.2,0,-1.0,800.00,0.0000,0.00,0.00,0.00,0.0000,0.00,0.00,0.00,1.0000,0,0
249.0,2,Dormitorio1,0.00,85.73,52.49,52.49,0.1078,30.00,2.305,1.653,2.400,1.668,0.15922,264,843,40114,0.0198,99.8,0,-1.0,3500.00,0.0000,0.00,0.00,0.00,0.0000,0.00,0.00,0.00,1.0000,0,0
249.0,3,Dormitorio2,0.00,99.63,65.61,65.61,0.0689,30.00,2.314,1.600,2.400,1.999,0.15190,325,1070,49062,0.0291,99.7,0,-1.0,2500.00,0.0000,0.00,0.00,0.00,0.0000,0.00,0.00,0.00,1.0000,0,0
249.0,4,Cocina,0.00,84.45,39.09,39.09,0.1230,30.00,2.346,1.948,2.396,1.010,0.16676,210,997,32146,0.0136,99.9,0,-1.0,3500.00,0.0000,0.00,0.00,0.00,0.0000,0.00,0.00,0.00,1.0000,0,0
249.0,5,Bano,0.00,93.08,62.12,62.12,0.0716,30.00,2.307,1.563,2.400,1.981,0.15406,305,930,46200,0.0257,99.7,0,-1.0,400.00,0.0000,0.00,0.00,0.00,0.0000,0.00,0.00,0.00,1.0000,0,0
250.0,0,Salon,653.37,322.96,174.02,174.02,0.8233,30.00,1.999,1.633,0.287,4.819,0.09294,550,6003,57316,0.2594,43.9,0,-1.0,5819.80,0.0000,236.72,653.37,0.00,0.0036,236.72,0.00,0.00,0.3300,0,0
250.0,1,Pasillo,0.00,240.97,164.30,164.30,0.1875,30.00,2.237,1.997,0.308,2.062,0.13679,427,4888,57492,0.0789,48.2,0,-1.0,800.00,0.0000,0.00,0.00,0.00,0.0000,0.00,0.00,0.00,1.0000,0,0
250.0,2,Dormitorio1,0.00,84.68,52.78,52.78,0.1091,30.00,2.304,1.649,2.400,1.656,0.15869,266,846,40385,0.0203,99.8,0,-1.0,3500.00,0.0000,0.00,0.00,0.00,0.0000,0.00,0.00,0.00,1.0000,0,0
250.0,3,Dormitorio2,0.00,98.65,65.87,65.87,0.0697,30.00,2.312,1.596,2.400,1.988,0.15138,328,1076,49291,0.0300,99.7,0,-1.0,2500.00,0.0000,0.00,0.00,0.00,0.0000,0.00,0.00,0.00,1.0000,0,0
250.0,4,Cocina,0.00,83.10,39.31,39.31,0.1245,30.00,2.345,1.945,2.396,0.999,0.16625,212,1002,32409,0.0140,99.9,0,-1.0,3500.00,0.0000,0.00,0.00,0.00,0.0000,0.00,0.00,0.00,1.0000,0,0
250.0,5,Bano,0.00,92.14,62.40,62.40,0.0727,30.00,2.305,1.558,2.400,1.977,0.15352,308,930,46451,0.0265,99.7,0,-1.0,400.00,0.0000,0.00,0.00,0.00,0.0000,0.00,0.00,0.00,1.0000,0,0
251.0,0,Salon,632.95,321.50,173.82,173.82,0.8245,30.00,1.999,1.645,0.287,4.733,0.09291,550,6015,57019,0.2644,43.9,0,-1.0,5819.57,0.0000,233.20,632.95,0.00,0.0036,233.20,0.00,0.00,0.3263,0,0
251.0,1,Pasillo,0.00,239.74,163.46,163.46,0.1857,30.00,2.238,2.007,0.309,2.006,0.13657,425,5031,57021,0.0803,48.2,0,-1.0,800.00,0.0000,0.00,0.00,0.00,0.0000,0.00,0.00,0.00,1.0000,0,0
251.0,2,Dormitorio1,0.00,83.66,53.04,53.04,0.1102,30.00,2.302,1.646,2.400,1.643,0.15817,269,849,40647,0.0209,99.8,0,-1.0,3500.00,0.0000,0.00,0.00,0.00,0.0000,0.00,0.00,0.00,1.0000,0,0
251.0,3,Dormitorio2,0.00,97.69,66.11,66.11,0.0710,30.00,2.310,1.592,2.400,1.989,0.15087,330,1073,49509,0.0308,99.7,0,-1.0,2500.00,0.0000,0.00,0.00,0.00,0.0000,0.00,0.00,0.00,1.0000,0,0
251.0,4,Cocina,0.00,81.78,39.52,39.52,0.1260,30.00,2.344,1.943,2.396,0.988,0.16574,215,1008,32665,0.0144,99.9,0,-1.0,3500.00,0.0000,0.00,0.00,0.00,0.0000,0.00,0.00,0.00,1.0000,0,0
251.0,5,Bano,0.00,91.22,62.65,62.65,0.0737,30.00,2.302,1.553,2.400,1.973,0.15299,310,931,46691,0.0273,99.7,0,-1.0,400.00,0.0000,0.00,0.00,0.00,0.0000,0.00,0.00,0.00,1.0000,0,0
252.0,0,Salon,613.37,319.92,173.60,173.60,0.8258,30.00,1.999,1.657,0.287,4.650,0.09290,551,6024,56747,0.2694,43.9,0,-1.0,5819.34,0.0000,230.19,613.37,0.00,0.0036,230.19,0.00,0.00,0.3230,0,0
252.0,1,Pasillo,0.00,238.56,162.57,162.57,0.1878,30.00,2.239,2.015,0.309,1.990,0.13637,422,5075,56553,0.0817,48.2,0,-1.0,800.00,0.0000,0.00,0.00,0.00,0.0000,0.00,0.00,0.00,1.0000,0,0
252.0,2,Dormitorio1,0.00,82.68,53.29,53.29,0.1114,30.00,2.300,1.643,2.400,1.631,0.15767,271,852,40900,0.0215,99.8,0,-1.0,3500.00,0.0000,0.00,0.00,0.00,0.0000,0.00,0.00,0.00,1.0000,0,0
252.0,3,Dormitorio2,0.00,96.75,66.34,66.34,0.0722,30.00,2.307,1.586,2.400,1.989,0.15038,332,1071,49714,0.0317,99.7,0,-1.0,2500.00,0.0000,0.00,0.00,0.00,0.0000,0.00,0.00,0.00,1.0000,0,0
252.0,4,Cocina,0.00,80.51,39.72,39.72,0.1275,30.00,2.344,1.941,2.396,0.977,0.16525,217,1013,32916,0.0148,99.9,0,-1.0,3500.00,0.0000,0.00,0.00,0.00,0.0000,0.00,0.00,0.00,1.0000,0,0
252.0,5,Bano,0.00,90.33,62.89,62.89,0.0748,30.00,2.300,1.547,2.400,1.967,0.15247,313,931,46919,0.0280,99.7,0,-1.0,400.00,0.0000,0.00,0.00,0.00,0.0000,0.00,0.00,0.00,1.0000,0,0
253.0,0,Salon,594.61,318.24,173.37,173.37,0.8271,30.00,1.999,1.668,0.288,4.567,0.09290,551,6030,56503,0.2744,43.9,0,-1.0,5819.11,0.0000,227.65,594.61,0.00,0.0036,227.65,0.00,0.00,0.3201,0,0
253.0,1,Pasillo,0.00,237.22,161.68,161.68,0.1902,30.00,2.239,2.023,0.310,1.975,0.13618,420,5111,56083,0.0832,48.2,0,-1.0,800.00,0.0000,0.00,0.00,0.00,0.0000,0.00,0.00,0.00,1.0000,0,0
253.0,2,Dormitorio1,0.00,81.73,53.52,53.52,0.1126,30.00,2.298,1.639,2.400,1.618,0.15717,273,855,41143,0.0221,99.8,0,-1.0,3500.00,0.0000,0.00,0.00,0.00,0.0000,0.00,0.00,0.00,1.0000,0,0
253.0,3,Dormitorio2,0.00,95.84,66.55,66.55,0.0734,30.00,2.305,1.580,2.400,1.988,0.14990,335,1068,49907,0.0326,99.7,0,-1.0,2500.00,0.0000,0.00,0.00,0.00,0.0000,0.00,0.00,0.00,1.0000,0,0
253.0,4,Cocina,0.00,79.29,39.91,39.91,0.1289,30.00,2.343,1.939,2.396,0.966,0.16476,219,1018,33159,0.0152,99.8,0,-1.0,3500.00,0.0000,0.00,0.00,0.00,0.0000,0.00,0.00,0.00,1.0000,0,0
253.0,5,Bano,0.00,89.47,63.11,63.11,0.0758,30.00,2.297,1.542,2.400,1.962,0.15197,315,931,47135,0.0288,99.7,0,-1.0,400.00,0.0000,0.00,0.00,0.00,0.0000,0.00,0.00,0.00,1.0000,0,0
254.0,0,Salon,576.66,316.48,173.12,173.12,0.8285,30.00,1.999,1.680,0.288,4.486,0.09291,551,6034,56287,0.2794,43.9,0,-1.0,5818.88,0.0000,225.56,576.66,0.00,0.0036,225.56,0.00,0.00,0.3175,0,0
254.0,1,Pasillo,0.00,235.76,160.78,160.78,0.1922,30.00,2.238,2.030,0.311,1.955,0.13601,417,5163,55612,0.0846,48.2,0,-1.0,800.00,0.0000,0.00,0.00,0.00,0.0000,0.00,0.00,0.00,1.0000,0,0
254.0,2,Dormitorio1,0.00,80.83,53.73,53.73,0.1138,30.00,2.297,1.636,2.400,1.606,0.15669,275,857,41377,0.0227,99.8,0,-1.0,3500.00,0.0000,0.00,0.00,0.00,0.0000,0.00,0.00,0.00,1.0000,0,0
254.0,3,Dormitorio2,0.00,94.96,66.75,66.75,0.0747,30.00,2.302,1.574,2.400,1.987,0.14943,337,1065,50086,0.0335,99.7,0,-1.0,2500.00,0.0000,0.00,0.00,0.00,0.0000,0.00,0.00,0.00,1.0000,0,0
254.0,4,Cocina,0.00,78.12,40.09,40.09,0.1304,30.00,2.342,1.937,2.396,0.955,0.16428,221,1023,33396,0.0157,99.8,0,-1.0,3500.00,0.0000,0.00,0.00,0.00,0.0000,0.00,0.00,0.00,1.0000,0,0
254.0,5,Bano,0.00,88.64,63.31,63.31,0.0768,30.00,2.295,1.537,2.400,1.956,0.15148,317,931,47339,0.0296,99.7,0,-1.0,400.00,0.0000,0.00,0.00,0.00,0.0000,0.00,0.00,0.00,1.0000,0,0
255.0,0,Salon,559.50,317.54,172.85,172.85,0.8298,30.00,1.999,1.690,0.288,4.408,0.09294,552,6163,56089,0.2843,43.9,0,-1.0,5818.66,0.0000,224.73,559.50,0.00,0.0036,224.73,0.00,0.00,0.3153,0,0
255.0,1,Pasillo,0.00,234.26,159.88,159.88,0.1939,30.00,2.237,2.038,0.312,1.930,0.13585,415,5229,55146,0.0860,48.2,0,-1.0,800.00,0.0000,0.00,0.00,0.00,0.0000,0.00,0.00,0.00,1.0000,0,0
255.0,2,Dormitorio1,0.00,79.96,53.93,53.93,0.1150,30.00,2.295,1.633,2.400,1.593,0.15621,278,860,41602,0.0234,99.8,0,-1.0,3500.00,0.0000,0.00,0.00,0.00,0.0000,0.00,0.00,0.00,1.0000,0,0
255.0,3,Dormitorio2,0.00,94.10,66.93,66.93,0.0759,30.00,2.299,1.568,2.400,1.985,0.14897,339,1062,50253,0.0344,99.7,0,-1.0,2500.00,0.0000,0.00,0.00,0.00,0.0000,0.00,0.00,0.00,1.0000,0,0
255.0,4,Cocina,0.00,76.99,40.26,40.26,0.1320,30.00,2.342,1.935,2.396,0.944,0.16381,223,1027,33627,0.0161,99.8,0,-1.0,3500.00,0.0000,0.00,0.00,0.00,0.0000,0.00,0.00,0.00,1.0000,0,0
255.0,5,Bano,0.00,87.83,63.50,63.50,0.0779,30.00,2.292,1.532,2.400,1.949,0.15101,319,931,47532,0.0304,99.7,0,-1.0,400.00,0.0000,0.00,0.00,0.00,0.0000,0.00,0.00,0.00,1.0000,0,0
256.0,0,Salon,543.21,322.27,172.57,172.57,0.8300,30.00,1.997,1.701,0.289,4.338,0.09298,552,6476,55833,0.2893,43.9,0,-1.0,5818.43,0.0000,226.06,543.21,0.00,0.0036,226.06,0.00,0.00,0.3138,0,0
256.0,1,Pasillo,0.00,232.89,158.97,158.97,0.1958,30.00,2.236,2.045,0.313,1.902,0.13569,413,5310,54745,0.0873,48.2,0,-1.0,800.00,0.0000,0.00,0.00,0.00,0.0000,0.00,0.00,0.00,1.0000,0,0
256.0,2,Dormitorio1,0.00,79.11,54.11,54.11,0.1163,30.00,2.293,1.629,2.400,1.581,0.15575,280,862,41819,0.0240,99.8,0,-1.0,3500.00,0.0000,0.00,0.00,0.00,0.0000,0.00,0.00,0.00,1.0000,0,0
256.0,3,Dormitorio2,0.00,93.26,67.10,67.10,0.0772,30.00,2.296,1.561,2.400,1.983,0.14852,341,1059,50409,0.0353,99.6,0,-1.0,2500.00,0.0000,0.00,0.00,0.00,0.0000,0.00,0.00,0.00,1.0000,0,0
256.0,4,Cocina,0.00,75.90,40.42,40.42,0.1335,30.00,2.341,1.933,2.397,0.933,0.16335,225,1031,33852,0.0165,99.8,0,-1.0,3500.00,0.0000,0.00,0.00,0.00,0.0000,0.00,0.00,0.00,1.0000,0,0
256.0,5,Bano,0.00,87.05,63.67,63.67,0.0790,30.00,2.289,1.527,2.400,1.943,0.15054,321,931,47715,0.0312,99.7,0,-1.0,400.00,0.0000,0.00,0.00,0.00,0.0000,0.00,0.00,0.00,1.0000,0,0
257.0,0,Salon,527.79,326.49,172.25,172.25,0.8289,30.00,1.996,1.711,0.289,4.276,0.09303,551,6804,55516,0.2942,43.9,0,-1.0,5818.21,0.0000,227.93,527.79,0.00,0.0036,227.93,0.00,0.00,0.3130,0,0
257.0,1,Pasillo,0.00,231.18,158.06,158.06,0.2001,30.00,2.233,2.053,0.314,1.871,0.13549,414,5400,54734,0.0887,48.2,0,-1.0,800.00,0.0000,0.00,0.00,0.00,0.0000,0.00,0.00,0.00,1.0000,0,0
257.0,2,Dormitorio1,0.00,78.30,54.28,54.28,0.1175,30.00,2.292,1.626,2.400,1.569,0.15529,282,864,42030,0.0246,99.8,0,-1.0,3500.00,0.0000,0.00,0.00,0.00,0.0000,0.00,0.00,0.00,1.0000,0,0
257.0,3,Dormitorio2,0.00,92.45,67.26,67.26,0.0784,30.00,2.293,1.555,2.400,1.980,0.14808,343,1056,50559,0.0362,99.6,0,-1.0,2500.00,0.0000,0.00,0.00,0.00,0.0000,0.00,0.00,0.00,1.0000,0,0
257.0,4,Cocina,0.00,74.85,40.58,40.58,0.1351,30.00,2.340,1.931,2.397,0.923,0.16290,227,1036,34073,0.0170,99.8,0,-1.0,3500.00,0.0000,0.00,0.00,0.00,0.0000,0.00,0.00,0.00,1.0000,0,0
257.0,5,Bano,0.00,86.29,63.82,63.82,0.0800,30.00,2.286,1.522,2.400,1.937,0.15009,323,930,47892,0.0321,99.7,0,-1.0,400.00,0.0000,0.00,0.00,0.00,0.0000,0.00,0.00,0.00,1.0000,0,0
258.0,0,Salon,513.22,330.01,171.91,171.91,0.8274,30.00,1.995,1.720,0.289,4.220,0.09310,550,7143,55185,0.2990,43.9,0,-1.0,5817.98,0.0000,230.22,513.22,0.00,0.0036,230.22,0.00,0.00,0.3127,0,0
258.0,1,Pasillo,0.00,229.21,157.15,157.15,0.2063,30.00,2.228,2.060,0.315,1.837,0.13527,418,5498,55023,0.0901,48.2,0,-1.0,800.00,0.0000,0.00,0.00,0.00,0.0000,0.00,0.00,0.00,1.0000,0,0
258.0,2,Dormitorio1,0.00,77.51,54.43,54.43,0.1188,30.00,2.290,1.623,2.400,1.557,0.15484,284,866,42241,0.0253,99.7,0,-1.0,3500.00,0.0000,0.00,0.00,0.00,0.0000,0.00,0.00,0.00,1.0000,0,0
258.0,3,Dormitorio2,0.00,91.66,67.40,67.40,0.0798,30.00,2.289,1.549,2.400,1.978,0.14765,345,1053,50710,0.0372,99.6,0,-1.0,2500.00,0.0000,0.00,0.00,0.00,0.0000,0.00,0.00,0.00,1.0000,0,0
258.0,4,Cocina,0.00,73.83,40.72,40.72,0.1367,30.00,2.340,1.928,2.397,0.912,0.16246,229,1040,34293,0.0174,99.8,0,-1.0,3500.00,0.0000,0.00,0.00,0.00,0.0000,0.00,0.00,0.00,1.0000,0,0
258.0,5,Bano,0.00,85.55,63.96,63.96,0.0812,30.00,2.283,1.517,2.400,1.930,0.14965,325,930,48069,0.0329,99.7,0,-1.0,400.00,0.0000,0.00,0.00,0.00,0.0000,0.00,0.00,0.00,1.0000,0,0
259.0,0,Salon,499.48,332.54,171.55,171.55,0.8259,30.00,1.995,1.730,0.289,4.168,0.09317,549,7480,54883,0.3039,43.9,0,-1.0,5817.74,0.0000,232.64,499.48,0.00,0.0035,232.64,0.00,0.00,0.3129,0,0
259.0,1,Pasillo,0.00,227.14,156.24,156.24,0.2135,30.00,2.223,2.066,0.316,1.802,0.13504,424,5603,55475,0.0916,48.2,0,-1.0,800.00,0.0000,0.00,0.00,0.00,0.0000,0.00,0.00,0.00,1.0000,0,0
259.0,2,Dormitorio1,0.00,76.76,54.57,54.57,0.1203,30.00,2.288,1.619,2.400,1.546,0.15440,286,869,42455,0.0260,99.7,0,-1.0,3500.00,0.0000,0.00,0.00,0.00,0.0000,0.00,0.00,0.00,1.0000,0,0
259.0,3,Dormitorio2,0.00,90.89,67.53,67.53,0.0812,30.00,2.286,1.543,2.400,1.975,0.14723,347,1051,50866,0.0381,99.6,0,-1.0,2500.00,0.0000,0.00,0.00,0.00,0.0000,0.00,0.00,0.00,1.0000,0,0
259.0,4,Cocina,0.00,72.86,40.85,40.85,0.1384,30.00,2.339,1.926,2.397,0.902,0.16202,231,1044,34516,0.0179,99.8,0,-1.0,3500.00,0.0000,0.00,0.00,0.00,0.0000,0.00,0.00,0.00,1.0000,0,0
259.0,5,Bano,0.00,84.84,64.09,64.09,0.0824,30.00,2.280,1.512,2.400,1.924,0.14922,327,930,48251,0.0338,99.7,0,-1.0,400.00,0.0000,0.00,0.00,0.00,0.0000,0.00,0.00,0.00,1.0000,0,0
260.0,0,Salon,486.53,333.99,171.14,171.14,0.8250,30.00,1.995,1.738,0.290,4.118,0.09326,549,7810,54638,0.3087,43.9,0,-1.0,5817.51,0.0000,235.01,486.53,0.00,0.0035,235.01,0.00,0.00,0.3131,0,0
260.0,1,Pasillo,0.00,225.04,155.32,155.32,0.2211,30.00,2.217,2.071,0.317,1.767,0.13480,431,5715,56002,0.0931,48.2,0,-1.0,800.00,0.0000,0.00,0.00,0.00,0.0000,0.00,0.00,0.00,1.0000,0,0
260.0,2,Dormitorio1,0.00,76.03,54.70,54.70,0.1217,30.00,2.286,1.616,2.400,1.534,0.15396,288,871,42673,0.0266,99.7,0,-1.0,3500.00,0.0000,0.00,0.00,0.00,0.0000,0.00,0.00,0.00,1.0000,0,0
260.0,3,Dormitorio2,0.00,90.14,67.64,67.64,0.0826,30.00,2.282,1.537,2.400,1.973,0.14682,349,1048,51031,0.0391,99.6,0,-1.0,2500.00,0.0000,0.00,0.00,0.00,0.0000,0.00,0.00,0.00,1.0000,0,0
260.0,4,Cocina,0.00,71.92,40.98,40.98,0.1402,30.00,2.338,1.924,2.397,0.892,0.16159,233,1049,34741,0.0183,99.8,0,-1.0,3500.00,0.0000,0.00,0.00,0.00,0.0000,0.00,0.00,0.00,1.0000,0,0
260.0,5,Bano,0.00,84.15,64.20,64.20,0.0836,30.00,2.276,1.507,2.400,1.917,0.14879,330,930,48439,0.0346,99.7,0,-1.0,400.00,0.0000,0.00,0.00,0.00,0.0000,0.00,0.00,0.00,1.0000,0,0
